Timestamp,Junction_Name,Incoming_North,Outgoing_North,Incoming_South,Outgoing_South,Incoming_East,Outgoing_East,Incoming_West,Outgoing_West,Total_Vehicles,Avg_Speed_kmh,PM2_5_Level,Waiting_Time_Sec,Weather,Citizen_Sentiment,Frustration_Index,Sarvam_AI_Priority
2026-03-12 23:42:00,CBS Circle,27,127,100,135,51,12,81,95,259,46.7,175.57,47.33,Clear,Neutral,4.2,Normal
2026-03-14 13:42:00,Bytco Point,80,98,83,67,72,78,53,124,288,32.64,202.01,67.59,Rainy,Impatient,10.0,High
2026-03-08 06:32:00,Indira Nagar,73,143,97,86,37,145,133,150,340,21.87,219.02,80.78,Overcast,Anxious,9.81,High
2026-03-28 08:14:00,Govind Nagar,72,108,58,110,31,71,55,66,216,24.77,157.56,44.89,Clear,Neutral,5.63,Normal
2026-03-05 07:52:00,Patherdi Phata,20,61,64,131,117,22,60,58,261,16.94,189.77,46.56,Rainy,Neutral,7.07,High
2026-03-19 00:28:00,Trimbak Naka,101,14,93,63,110,18,94,14,398,39.23,243.15,77.14,Clear,Anxious,7.3,High
2026-03-01 22:27:00,Ashok Stambh,140,115,104,148,23,89,14,121,281,50.44,193.79,54.05,Clear,Impatient,4.14,Normal
2026-03-07 21:29:00,CBS Circle,41,48,100,124,33,69,115,127,289,44.53,197.38,67.83,Rainy,Anxious,9.29,High
2026-03-18 00:59:00,Dwarka Circle,50,89,79,148,25,12,88,33,242,57.58,173.08,47.48,Rainy,Impatient,7.7,High
2026-03-29 22:30:00,Ashok Stambh,94,54,142,11,80,57,112,114,428,44.89,260.13,91.78,Clear,Impatient,8.36,High
2026-03-04 04:10:00,Mhasrul,48,29,133,137,124,76,139,42,444,51.48,273.19,92.88,Rainy,Impatient,9.58,High
2026-03-22 07:43:00,Trimbak Naka,90,112,101,83,128,52,87,51,406,52.15,256.1,91.57,Rainy,Frustrated,9.17,High
2026-03-27 13:08:00,Ashok Stambh,15,99,55,90,94,123,130,100,294,44.15,203.96,62.82,Clear,Impatient,8.73,High
2026-03-11 04:51:00,Indira Nagar,122,98,56,52,97,127,18,121,293,31.42,191.42,64.63,Clear,Anxious,7.54,High
2026-03-06 05:50:00,CBS Circle,122,16,138,84,57,43,109,66,426,45.83,256.27,82.97,Clear,Anxious,7.7,High
2026-03-29 00:35:00,Ashok Stambh,86,149,109,97,38,122,61,33,294,26.02,202.97,68.45,Overcast,Impatient,9.47,High
2026-03-15 07:58:00,Adgaon Naka,37,120,91,141,79,124,56,149,263,18.35,183.31,43.85,Foggy,Impatient,4.64,Normal
2026-03-21 07:53:00,Makhmalabad,15,11,103,53,67,83,102,12,287,50.1,186.36,53.44,Clear,Neutral,6.91,Normal
2026-03-27 13:21:00,CBS Circle,39,72,84,62,81,57,60,43,264,30.81,189.37,55.61,Foggy,Neutral,6.63,Normal
2026-03-03 23:09:00,Patherdi Phata,95,45,139,141,127,105,61,102,422,21.94,257.86,69.94,Foggy,Impatient,8.28,High
2026-03-09 10:05:00,Sinnar Phata,61,145,20,15,31,139,110,143,222,44.61,168.86,39.22,Rainy,Impatient,8.43,High
2026-03-23 03:31:00,CBS Circle,132,80,99,24,47,22,99,70,377,41.57,248.1,85.5,Rainy,Frustrated,10.0,High
2026-03-26 04:06:00,Makhmalabad,53,135,79,110,18,113,119,121,269,17.77,179.71,56.42,Rainy,Neutral,8.35,High
2026-03-23 10:26:00,Mhasrul,62,42,10,41,45,53,14,108,131,24.96,113.95,28.49,Clear,Neutral,3.64,Normal
2026-03-09 00:27:00,CBS Circle,125,148,51,36,72,80,149,150,397,20.21,247.43,69.5,Clear,Impatient,8.36,High
2026-03-12 11:49:00,Patherdi Phata,44,112,49,98,87,145,86,42,266,15.46,188.06,51.28,Rainy,Impatient,6.4,Normal
2026-03-23 13:51:00,Indira Nagar,48,49,73,112,108,96,60,89,289,51.04,193.46,59.45,Foggy,Neutral,5.25,Normal
2026-03-07 05:54:00,Bytco Point,39,46,117,10,72,138,74,89,302,18.57,209.58,54.71,Rainy,Neutral,7.19,High
2026-03-19 09:22:00,Satpur MIDC,82,21,75,125,115,123,35,109,307,29.47,211.85,72.62,Clear,Impatient,7.25,High
2026-03-18 09:19:00,Govind Nagar,104,29,80,129,67,65,141,70,392,14.32,255.65,86.65,Overcast,Anxious,7.23,High
2026-03-16 05:19:00,Adgaon Naka,53,77,72,43,38,119,49,122,212,20.35,165.23,46.4,Overcast,Neutral,5.65,Normal
2026-03-10 14:12:00,Rane Nagar,130,69,141,150,31,11,132,77,434,32.46,270.36,79.44,Rainy,Anxious,10.0,High
2026-03-09 07:48:00,Trimbak Naka,144,100,85,19,18,70,99,133,346,24.44,220.7,62.3,Foggy,Frustrated,8.95,High
2026-03-14 07:17:00,Gangapur Road,42,37,147,35,68,135,146,112,403,15.31,260.81,65.48,Clear,Anxious,7.6,High
2026-03-04 16:39:00,Trimbak Naka,51,71,137,55,77,24,143,41,408,32.61,245.59,82.02,Overcast,Frustrated,9.91,High
2026-03-04 04:05:00,Govind Nagar,25,117,101,31,95,43,33,18,254,32.61,170.17,47.08,Rainy,Impatient,5.66,Normal
2026-03-08 12:55:00,Makhmalabad,30,94,64,14,17,63,46,57,157,32.85,120.42,31.33,Overcast,Impatient,5.83,Normal
2026-03-07 23:59:00,Patherdi Phata,10,27,116,99,132,73,123,129,381,19.98,250.01,75.49,Clear,Anxious,9.93,High
2026-03-08 10:38:00,Nashik Road,130,36,43,95,35,88,134,17,342,29.36,227.09,77.34,Overcast,Frustrated,9.53,High
2026-03-30 17:02:00,Makhmalabad,107,61,46,50,73,53,101,90,327,38.21,214.75,71.49,Clear,Frustrated,7.79,High
2026-03-17 23:08:00,Panchavati,101,132,113,29,24,141,116,144,354,55.14,219.54,68.83,Clear,Frustrated,9.68,High
2026-03-10 20:50:00,Panchavati,14,44,96,140,64,134,27,133,201,53.14,148.96,33.46,Clear,Neutral,4.19,Normal
2026-03-09 13:22:00,Adgaon Naka,21,128,41,57,61,56,19,88,142,19.67,126.32,22.98,Overcast,Neutral,1.9,Normal
2026-03-16 16:47:00,Dwarka Circle,45,143,63,146,48,11,11,89,167,19.57,132.74,34.14,Foggy,Impatient,6.31,Normal
2026-03-27 18:32:00,College Road,72,91,35,35,41,75,120,76,268,20.76,178.61,51.46,Clear,Neutral,5.9,Normal
2026-03-07 06:45:00,Mhasrul,66,123,149,45,81,67,77,35,373,28.85,243.43,85.6,Rainy,Impatient,9.4,High
2026-03-17 01:57:00,Patherdi Phata,11,70,127,108,138,135,95,89,371,20.6,239.08,73.27,Clear,Impatient,7.55,High
2026-03-11 05:28:00,College Road,45,143,88,88,93,85,57,78,283,21.38,194.4,53.38,Foggy,Impatient,4.86,Normal
2026-03-08 20:07:00,Mhasrul,74,57,130,68,140,23,77,101,421,53.44,260.91,81.78,Foggy,Anxious,7.11,High
2026-03-29 21:06:00,Ashok Stambh,79,74,53,150,69,62,107,127,308,23.25,198.93,58.35,Clear,Impatient,5.89,Normal
2026-03-15 15:59:00,CBS Circle,142,85,82,71,119,65,18,47,361,38.67,232.56,61.67,Foggy,Frustrated,9.67,High
2026-03-12 20:55:00,Gangapur Road,35,95,102,15,134,54,141,53,412,12.78,261.7,94.55,Overcast,Impatient,7.83,High
2026-03-14 01:28:00,Satpur MIDC,65,146,145,77,47,102,140,10,397,32.38,250.07,63.88,Foggy,Anxious,9.33,High
2026-03-28 21:14:00,Sinnar Phata,100,145,138,40,56,51,149,85,443,16.7,272.64,86.34,Overcast,Frustrated,8.94,High
2026-03-27 14:15:00,Adgaon Naka,149,60,63,150,120,92,30,67,362,24.28,229.26,76.1,Rainy,Anxious,10.0,High
2026-03-07 08:08:00,Indira Nagar,70,13,38,15,50,118,139,146,297,32.73,207.28,63.79,Overcast,Anxious,9.2,High
2026-03-03 17:14:00,Ashok Stambh,149,40,94,95,146,59,16,11,405,20.57,247.62,86.5,Foggy,Frustrated,8.78,High
2026-03-20 18:43:00,Mumbai Naka,113,150,91,140,91,10,92,39,387,43.42,250.46,83.36,Rainy,Anxious,10.0,High
2026-03-21 21:22:00,Rane Nagar,73,105,127,135,41,122,34,12,275,56.77,182.7,51.42,Foggy,Neutral,6.29,Normal
2026-03-21 17:28:00,Deolali Camp,94,56,32,10,75,126,131,91,332,26.55,209.4,61.37,Foggy,Frustrated,7.88,High
2026-03-14 14:22:00,Bytco Point,54,89,57,74,94,90,68,62,273,17.67,189.66,57.76,Foggy,Impatient,5.88,Normal
2026-03-22 06:03:00,Panchavati,142,137,42,56,131,128,33,57,348,13.36,218.09,82.64,Clear,Anxious,7.97,High
2026-03-03 22:44:00,CBS Circle,121,145,123,80,90,28,62,31,396,17.62,254.39,82.46,Overcast,Frustrated,9.58,High
2026-03-07 05:15:00,Dwarka Circle,43,101,125,86,70,83,78,129,316,51.35,210.51,60.6,Foggy,Frustrated,8.12,High
2026-03-29 06:05:00,Bytco Point,36,40,128,135,106,58,65,108,335,32.32,212.75,76.86,Rainy,Anxious,9.21,High
2026-03-08 22:22:00,Indira Nagar,60,74,144,44,99,138,78,94,381,40.13,231.37,65.94,Foggy,Frustrated,9.1,High
2026-03-30 22:11:00,Mumbai Naka,47,76,56,106,119,35,78,144,300,54.94,209.79,59.19,Clear,Impatient,4.18,Normal
2026-03-02 05:48:00,Panchavati,49,135,129,49,76,57,20,88,274,19.67,180.59,45.49,Clear,Impatient,6.5,Normal
2026-03-12 01:46:00,Patherdi Phata,47,57,61,110,51,26,81,60,240,23.7,169.4,51.1,Overcast,Neutral,4.25,Normal
2026-03-23 19:07:00,Makhmalabad,37,62,85,137,19,116,80,102,221,31.71,164.78,44.35,Clear,Impatient,4.67,Normal
2026-03-06 01:23:00,Patherdi Phata,116,29,22,130,112,20,124,80,374,46.77,232.52,89.11,Overcast,Anxious,8.01,High
2026-03-06 03:39:00,Govind Nagar,115,44,148,65,99,36,57,36,419,35.07,269.18,94.91,Clear,Frustrated,7.39,High
2026-03-26 04:03:00,Ashok Stambh,99,121,147,91,98,124,136,86,480,38.48,290.94,87.33,Overcast,Impatient,9.52,High
2026-03-19 11:56:00,Mhasrul,60,146,91,103,85,81,77,132,313,40.09,200.6,53.81,Clear,Impatient,6.78,Normal
2026-03-23 09:39:00,Rane Nagar,78,109,58,139,79,117,90,128,305,54.76,200.24,53.44,Rainy,Impatient,8.11,High
2026-03-25 02:13:00,Trimbak Naka,78,81,140,60,127,19,70,115,415,51.06,255.86,78.86,Rainy,Frustrated,9.8,High
2026-03-10 18:59:00,Sinnar Phata,127,46,81,65,42,24,83,44,333,44.47,207.02,72.55,Clear,Impatient,9.5,High
2026-03-07 17:33:00,Mhasrul,137,140,128,38,97,17,144,28,506,23.98,307.06,99.27,Rainy,Impatient,10.0,High
2026-03-03 08:47:00,Satpur MIDC,95,130,87,134,59,84,74,15,315,14.81,201.08,73.78,Overcast,Anxious,9.66,High
2026-03-10 15:41:00,Dwarka Circle,105,118,16,59,90,68,73,26,284,34.44,184.72,67.87,Foggy,Anxious,7.19,High
2026-03-25 16:01:00,Govind Nagar,120,13,38,106,45,98,51,111,254,24.85,183.58,60.44,Rainy,Anxious,10.0,High
2026-03-20 17:01:00,Deolali Camp,144,17,142,130,62,32,11,40,359,55.71,226.8,58.55,Clear,Impatient,4.12,Normal
2026-03-09 02:50:00,Govind Nagar,146,67,85,41,17,107,29,69,277,21.18,188.49,53.62,Rainy,Neutral,7.47,High
2026-03-14 17:59:00,Bytco Point,23,70,75,133,74,147,50,97,222,40.79,166.21,46.28,Rainy,Neutral,7.06,High
2026-03-21 15:15:00,Gangapur Road,88,127,148,19,43,66,14,98,293,34.64,204.14,54.54,Overcast,Impatient,5.28,Normal
2026-03-09 14:45:00,Mumbai Naka,150,146,122,136,137,68,46,48,455,17.13,268.35,90.93,Foggy,Frustrated,9.78,High
2026-03-16 18:04:00,Trimbak Naka,63,21,97,75,121,125,11,130,292,32.93,205.44,63.07,Foggy,Anxious,8.28,High
2026-03-23 10:35:00,Nashik Road,42,38,76,61,119,128,13,109,250,51.24,177.37,44.98,Rainy,Impatient,7.47,High
2026-03-11 16:25:00,Sinnar Phata,124,84,15,19,129,45,97,118,365,13.71,226.31,71.96,Foggy,Frustrated,7.3,High
2026-03-29 08:27:00,College Road,25,53,85,107,110,130,105,105,325,23.0,209.48,55.69,Overcast,Impatient,6.2,Normal
2026-03-01 06:01:00,Bytco Point,12,37,25,90,123,118,94,105,254,26.48,178.04,48.57,Rainy,Neutral,7.16,High
2026-03-16 02:13:00,Rane Nagar,144,47,91,30,71,93,131,124,437,16.67,267.5,74.46,Clear,Frustrated,8.1,High
2026-03-04 14:34:00,College Road,82,131,43,55,17,147,16,33,158,57.51,122.08,34.7,Overcast,Impatient,6.19,Normal
2026-03-28 12:34:00,Govind Nagar,64,37,98,142,38,39,29,15,229,37.34,159.85,46.31,Rainy,Neutral,5.89,Normal
2026-03-22 02:21:00,Sinnar Phata,125,142,119,67,51,116,18,15,313,31.75,196.82,73.12,Rainy,Impatient,8.87,High
2026-03-23 14:50:00,Patherdi Phata,85,144,129,14,92,93,31,57,337,47.3,219.03,64.65,Rainy,Impatient,8.8,High
2026-03-30 17:50:00,Panchavati,102,32,85,90,35,99,140,78,362,37.98,222.58,62.67,Rainy,Anxious,9.96,High
2026-03-04 18:12:00,Adgaon Naka,108,51,62,98,51,36,71,58,292,42.2,201.39,52.37,Overcast,Impatient,4.75,Normal
2026-03-22 17:13:00,Adgaon Naka,147,17,68,73,79,119,29,10,323,29.16,213.77,70.42,Clear,Frustrated,9.36,High
2026-03-02 12:22:00,Dwarka Circle,30,15,115,103,69,28,30,137,244,48.99,176.95,52.01,Foggy,Impatient,5.78,Normal
2026-03-21 01:44:00,Bytco Point,57,43,71,13,94,134,26,43,248,50.01,183.73,51.55,Clear,Neutral,4.42,Normal
2026-03-24 04:52:00,Govind Nagar,56,90,113,39,22,122,112,39,303,43.87,202.42,66.27,Rainy,Anxious,8.74,High
2026-03-27 21:29:00,Rane Nagar,112,44,111,26,85,150,117,109,425,37.58,261.54,100.13,Overcast,Anxious,7.55,High
2026-03-14 01:34:00,College Road,39,129,54,81,140,91,138,40,371,17.99,227.82,87.7,Clear,Anxious,8.65,High
2026-03-02 22:08:00,Deolali Camp,150,70,16,123,106,46,117,139,389,24.43,234.79,88.54,Clear,Frustrated,8.28,High
2026-03-04 22:18:00,Ashok Stambh,28,19,75,91,128,15,29,47,260,23.0,183.16,41.86,Rainy,Neutral,7.71,High
2026-03-05 00:47:00,Satpur MIDC,121,135,32,35,61,35,137,109,351,40.42,225.61,74.87,Clear,Anxious,9.18,High
2026-03-24 18:45:00,Adgaon Naka,99,149,112,111,62,71,73,80,346,53.91,224.91,70.39,Clear,Impatient,7.75,High
2026-03-03 09:22:00,Mumbai Naka,141,59,139,67,19,32,129,31,428,29.8,268.19,99.77,Overcast,Frustrated,7.36,High
2026-03-18 23:26:00,Rane Nagar,146,111,127,58,80,135,136,99,489,34.19,285.75,80.27,Foggy,Frustrated,9.13,High
2026-03-14 16:01:00,Satpur MIDC,55,62,38,85,56,33,83,21,232,52.98,168.4,48.55,Rainy,Neutral,8.48,High
2026-03-10 22:57:00,Ashok Stambh,54,96,28,57,79,12,136,23,297,48.49,203.61,69.59,Clear,Frustrated,7.9,High
2026-03-05 02:31:00,Dwarka Circle,30,86,37,112,84,36,122,64,273,44.29,187.96,44.37,Foggy,Impatient,4.54,Normal
2026-03-01 11:15:00,Adgaon Naka,79,71,58,100,86,47,143,132,366,21.59,235.52,85.78,Foggy,Anxious,7.3,High
2026-03-01 19:21:00,Patherdi Phata,77,125,147,117,138,117,126,79,488,37.47,289.79,90.37,Rainy,Frustrated,10.0,High
2026-03-14 00:28:00,Sinnar Phata,51,72,139,119,54,16,44,114,288,28.61,195.14,61.46,Rainy,Anxious,10.0,High
2026-03-22 00:42:00,Gangapur Road,34,12,22,128,138,95,19,99,213,50.5,158.92,42.66,Clear,Neutral,4.63,Normal
2026-03-10 05:38:00,Patherdi Phata,14,88,42,83,83,68,61,52,200,48.79,143.6,41.16,Clear,Impatient,6.35,Normal
2026-03-13 23:31:00,Deolali Camp,109,150,137,115,27,68,150,93,423,28.87,270.12,93.46,Clear,Frustrated,7.82,High
2026-03-06 14:51:00,Satpur MIDC,136,93,58,129,25,44,50,74,269,43.96,191.28,43.67,Clear,Neutral,6.59,Normal
2026-03-05 17:07:00,Mhasrul,11,137,85,35,18,126,70,53,184,48.91,144.21,34.61,Overcast,Neutral,5.15,Normal
2026-03-28 12:02:00,Govind Nagar,81,119,63,26,31,97,94,20,269,45.47,188.26,56.1,Overcast,Impatient,4.82,Normal
2026-03-25 04:49:00,College Road,128,85,123,92,146,139,50,112,447,16.62,275.78,105.37,Foggy,Impatient,7.74,High
2026-03-10 05:23:00,Dwarka Circle,22,97,149,44,88,105,118,84,377,39.97,235.0,72.92,Rainy,Impatient,9.69,High
2026-03-30 04:11:00,Satpur MIDC,10,32,137,49,55,132,70,18,272,37.92,191.6,61.41,Foggy,Impatient,8.94,High
2026-03-20 06:54:00,Trimbak Naka,26,97,145,11,25,100,22,125,218,39.35,151.86,40.94,Foggy,Impatient,4.24,Normal
2026-03-10 12:37:00,Patherdi Phata,99,95,76,129,89,19,84,124,348,20.25,219.98,74.38,Rainy,Impatient,9.44,High
2026-03-09 14:17:00,College Road,54,88,51,92,108,92,107,149,320,14.99,201.82,56.23,Overcast,Neutral,6.78,Normal
2026-03-16 11:46:00,Sinnar Phata,105,70,128,52,73,24,58,102,364,18.33,231.19,59.92,Rainy,Impatient,5.77,Normal
2026-03-19 06:46:00,CBS Circle,20,46,116,58,27,118,37,131,200,35.85,150.66,45.46,Rainy,Impatient,8.11,High
2026-03-16 17:49:00,Gangapur Road,43,120,67,13,22,119,41,55,173,32.52,142.68,39.22,Foggy,Impatient,5.52,Normal
2026-03-08 04:33:00,Patherdi Phata,19,25,145,127,124,70,36,80,324,20.7,216.32,60.8,Foggy,Anxious,9.21,High
2026-03-11 23:04:00,Rane Nagar,44,74,105,128,98,95,132,119,379,13.42,232.46,78.16,Clear,Anxious,9.91,High
2026-03-06 06:26:00,CBS Circle,134,89,47,16,51,118,118,67,350,55.94,221.18,58.22,Rainy,Impatient,6.25,Normal
2026-03-07 20:23:00,Bytco Point,133,47,23,78,46,34,104,39,306,26.04,208.41,65.24,Rainy,Frustrated,9.58,High
2026-03-10 00:43:00,Makhmalabad,110,14,25,138,78,51,141,130,354,27.29,220.73,57.5,Foggy,Neutral,6.35,Normal
2026-03-22 09:15:00,Satpur MIDC,45,133,26,28,130,112,51,96,252,19.6,169.81,55.51,Overcast,Neutral,4.32,Normal
2026-03-11 03:30:00,Indira Nagar,90,96,97,98,34,28,145,65,366,54.53,228.03,82.34,Rainy,Impatient,10.0,High
2026-03-15 04:36:00,Bytco Point,123,42,144,80,15,37,63,119,345,17.29,224.23,59.5,Overcast,Impatient,5.98,Normal
2026-03-24 23:25:00,Adgaon Naka,98,21,86,24,23,96,60,22,267,18.02,187.36,51.05,Foggy,Impatient,4.02,Normal
2026-03-10 01:27:00,Ashok Stambh,115,17,83,13,149,29,32,131,379,23.22,238.87,70.13,Foggy,Anxious,9.32,High
2026-03-21 15:44:00,College Road,103,121,111,129,110,29,125,50,449,29.47,280.21,72.36,Clear,Anxious,9.99,High
2026-03-19 02:14:00,Satpur MIDC,18,46,55,129,137,67,35,54,245,38.41,178.43,57.65,Foggy,Neutral,6.64,Normal
2026-03-10 15:48:00,Dwarka Circle,36,69,13,95,133,144,113,101,295,52.58,205.0,65.54,Overcast,Frustrated,7.91,High
2026-03-29 20:16:00,CBS Circle,103,18,113,79,30,129,126,89,372,18.01,229.55,65.35,Clear,Impatient,9.18,High
2026-03-18 07:50:00,Deolali Camp,134,73,108,71,106,110,142,38,490,22.36,285.76,102.93,Foggy,Anxious,9.0,High
2026-03-14 01:17:00,Patherdi Phata,114,139,66,126,132,50,83,95,395,55.77,249.04,63.21,Overcast,Frustrated,7.1,High
2026-03-20 12:02:00,Gangapur Road,98,126,86,96,53,36,122,102,359,52.89,221.53,68.57,Foggy,Impatient,7.16,High
2026-03-13 14:58:00,Panchavati,104,94,115,61,76,85,136,46,431,33.4,262.48,94.23,Rainy,Anxious,9.42,High
2026-03-06 15:08:00,Adgaon Naka,139,88,134,105,54,137,124,76,451,41.97,282.73,98.55,Clear,Frustrated,9.33,High
2026-03-01 03:46:00,Sinnar Phata,54,28,16,118,56,80,127,31,253,16.23,178.03,48.94,Foggy,Impatient,6.07,Normal
2026-03-05 18:58:00,Rane Nagar,147,134,142,56,144,59,130,50,563,20.25,326.38,97.74,Rainy,Anxious,10.0,High
2026-03-04 16:17:00,Satpur MIDC,33,106,52,44,102,13,42,33,229,41.63,159.92,48.72,Foggy,Neutral,5.29,Normal
2026-03-04 23:20:00,Patherdi Phata,23,107,29,128,41,78,81,75,174,47.23,143.59,39.09,Overcast,Impatient,5.09,Normal
2026-03-13 04:26:00,Gangapur Road,40,88,65,79,60,73,60,89,225,43.82,170.6,50.86,Overcast,Neutral,6.71,Normal
2026-03-03 06:55:00,Satpur MIDC,114,119,98,34,25,109,133,45,370,15.84,226.22,84.44,Rainy,Impatient,8.95,High
2026-03-16 14:53:00,Ashok Stambh,60,53,13,12,63,114,140,59,276,18.02,188.92,56.72,Clear,Neutral,6.88,Normal
2026-03-23 11:00:00,Bytco Point,73,134,108,33,15,59,41,79,237,14.18,172.67,51.64,Overcast,Neutral,5.07,Normal
2026-03-11 16:43:00,CBS Circle,150,49,122,111,80,47,76,99,428,45.1,256.79,96.18,Rainy,Anxious,9.22,High
2026-03-18 12:12:00,Govind Nagar,27,125,78,124,138,95,57,30,300,41.92,198.93,51.75,Clear,Impatient,6.18,Normal
2026-03-14 07:50:00,Panchavati,41,109,93,136,106,71,125,80,365,15.28,234.83,83.62,Rainy,Anxious,10.0,High
2026-03-21 01:44:00,Sinnar Phata,40,125,77,64,130,32,145,34,392,46.29,238.44,77.19,Rainy,Impatient,10.0,High
2026-03-18 16:32:00,Sinnar Phata,105,75,141,59,26,64,95,89,367,38.8,223.64,61.5,Rainy,Impatient,9.01,High
2026-03-18 20:29:00,Indira Nagar,16,129,51,33,45,106,51,103,163,17.05,140.64,37.9,Foggy,Impatient,4.59,Normal
2026-03-24 15:18:00,Ashok Stambh,23,93,117,141,90,85,52,116,282,16.41,184.73,51.84,Clear,Impatient,4.41,Normal
2026-03-18 11:27:00,Dwarka Circle,83,140,76,112,61,24,136,33,356,21.5,220.79,82.37,Foggy,Frustrated,7.61,High
2026-03-28 13:03:00,Rane Nagar,131,60,84,128,40,49,35,30,290,47.22,201.63,53.46,Clear,Impatient,5.63,Normal
2026-03-20 10:49:00,Deolali Camp,11,76,88,15,60,23,45,87,204,47.71,154.27,38.5,Rainy,Neutral,8.21,High
2026-03-07 12:17:00,CBS Circle,78,121,149,53,19,141,104,52,350,19.28,233.84,59.48,Foggy,Neutral,5.44,Normal
2026-03-17 23:13:00,Nashik Road,60,46,131,47,90,98,52,147,333,27.75,221.16,71.64,Rainy,Anxious,8.96,High
2026-03-09 09:40:00,Bytco Point,120,28,131,50,135,142,32,133,418,28.11,251.64,88.31,Foggy,Frustrated,8.34,High
2026-03-28 09:48:00,Dwarka Circle,42,119,133,137,57,145,51,67,283,19.45,190.81,60.65,Foggy,Impatient,9.87,High
2026-03-13 09:51:00,Panchavati,60,62,124,117,29,18,124,76,337,40.92,212.42,54.06,Clear,Neutral,4.91,Normal
2026-03-20 23:07:00,Panchavati,33,83,58,144,133,127,111,120,335,46.75,214.47,73.25,Clear,Anxious,9.21,High
2026-03-20 05:38:00,Dwarka Circle,140,27,26,16,91,122,59,24,316,37.68,198.01,60.61,Rainy,Anxious,10.0,High
2026-03-06 06:51:00,Rane Nagar,113,50,35,139,131,137,83,130,362,21.29,235.64,59.12,Clear,Neutral,5.48,Normal
2026-03-02 06:06:00,Ashok Stambh,38,99,127,95,108,26,77,82,350,19.85,217.98,82.23,Rainy,Frustrated,8.55,High
2026-03-14 02:08:00,Makhmalabad,148,65,123,24,27,126,32,59,330,30.62,210.8,60.72,Clear,Anxious,8.94,High
2026-03-30 23:54:00,Gangapur Road,80,98,22,129,95,30,16,69,213,23.57,146.67,35.87,Clear,Neutral,4.68,Normal
2026-03-14 01:03:00,Trimbak Naka,66,125,124,56,128,66,63,85,381,35.92,231.55,89.29,Rainy,Frustrated,8.87,High
2026-03-27 13:18:00,College Road,76,57,144,109,127,99,28,33,375,16.68,237.41,62.43,Overcast,Frustrated,9.29,High
2026-03-17 23:58:00,Dwarka Circle,149,150,117,68,13,79,15,72,294,17.17,200.69,67.08,Overcast,Impatient,7.84,High
2026-03-29 00:49:00,Trimbak Naka,86,37,10,45,83,66,34,150,213,53.77,161.77,43.69,Overcast,Impatient,5.63,Normal
2026-03-11 09:29:00,Nashik Road,136,125,67,22,68,43,49,66,320,11.9,211.21,52.86,Clear,Impatient,6.14,Normal
2026-03-09 11:28:00,Ashok Stambh,99,146,88,90,127,28,58,67,372,36.28,237.71,69.41,Rainy,Anxious,10.0,High
2026-03-18 00:30:00,Govind Nagar,20,59,66,146,103,101,68,115,257,15.26,177.65,41.66,Foggy,Impatient,4.35,Normal
2026-03-04 14:25:00,Sinnar Phata,82,37,51,105,51,68,138,21,322,51.54,211.02,54.58,Clear,Impatient,4.9,Normal
2026-03-28 18:47:00,Bytco Point,23,87,100,76,75,120,21,140,219,23.11,159.71,47.35,Clear,Impatient,5.87,Normal
2026-03-04 15:29:00,Satpur MIDC,128,40,125,23,148,117,147,51,548,42.62,324.07,129.21,Clear,Impatient,9.6,High
2026-03-11 20:54:00,Dwarka Circle,38,104,126,126,15,112,106,98,285,22.95,189.62,58.36,Rainy,Impatient,5.53,Normal
2026-03-10 11:22:00,Indira Nagar,93,114,97,125,46,58,130,54,366,11.72,241.18,82.41,Overcast,Anxious,9.59,High
2026-03-24 07:24:00,Indira Nagar,146,45,100,27,27,22,127,84,400,34.56,259.85,64.02,Clear,Frustrated,7.67,High
2026-03-30 12:40:00,Dwarka Circle,128,34,60,55,130,123,44,141,362,43.0,239.79,72.01,Overcast,Frustrated,7.79,High
2026-03-26 18:31:00,Mumbai Naka,88,87,62,123,60,49,126,102,336,47.04,210.62,57.18,Clear,Neutral,6.3,Normal
2026-03-12 07:04:00,Ashok Stambh,77,130,17,80,103,65,92,150,289,37.49,199.51,67.31,Overcast,Impatient,9.76,High
2026-03-20 04:06:00,Mhasrul,103,50,74,31,142,114,76,13,395,29.44,239.1,64.53,Clear,Frustrated,8.68,High
2026-03-29 03:44:00,Ashok Stambh,104,15,134,101,72,124,108,55,418,35.32,255.19,96.07,Overcast,Frustrated,9.09,High
2026-03-25 04:55:00,College Road,31,93,24,86,69,50,38,72,162,51.19,129.06,31.41,Rainy,Impatient,7.98,High
2026-03-16 09:08:00,Sinnar Phata,113,66,14,69,125,69,61,149,313,42.25,206.28,72.73,Foggy,Impatient,9.61,High
2026-03-09 08:34:00,Mhasrul,39,59,94,146,29,89,79,81,241,32.34,168.98,54.35,Overcast,Neutral,5.22,Normal
2026-03-07 04:35:00,Makhmalabad,145,144,13,107,135,114,92,139,385,22.5,235.27,64.23,Overcast,Frustrated,9.48,High
2026-03-06 21:27:00,Patherdi Phata,147,137,31,91,47,142,46,65,271,16.12,176.58,51.77,Clear,Neutral,6.83,Normal
2026-03-26 01:32:00,Mhasrul,60,59,107,16,28,41,146,111,341,40.04,222.37,61.0,Rainy,Impatient,8.59,High
2026-03-17 01:29:00,Patherdi Phata,73,19,108,148,146,12,58,79,385,20.43,250.75,86.67,Overcast,Impatient,7.7,High
2026-03-12 20:16:00,Bytco Point,23,124,35,43,46,23,105,42,209,41.42,153.51,42.52,Rainy,Impatient,8.15,High
2026-03-07 15:15:00,Dwarka Circle,79,102,136,32,77,85,146,10,438,25.06,278.15,90.54,Foggy,Frustrated,9.52,High
2026-03-17 20:53:00,Deolali Camp,121,40,87,61,73,110,108,15,389,40.25,240.93,71.15,Overcast,Frustrated,9.62,High
2026-03-27 14:28:00,Gangapur Road,113,84,90,78,19,139,95,137,317,53.56,210.81,54.73,Rainy,Neutral,7.66,High
2026-03-03 12:55:00,Nashik Road,12,66,54,27,43,64,123,110,232,52.07,162.05,41.15,Rainy,Impatient,7.07,High
2026-03-02 05:15:00,Panchavati,35,150,92,73,67,77,150,35,344,17.64,218.29,81.72,Foggy,Frustrated,8.81,High
2026-03-24 07:04:00,Satpur MIDC,123,54,15,118,60,88,142,39,340,15.7,227.11,62.94,Overcast,Anxious,8.26,High
2026-03-04 21:58:00,Mumbai Naka,37,64,100,119,82,147,32,41,251,38.64,184.98,52.38,Foggy,Neutral,5.52,Normal
2026-03-16 08:46:00,Patherdi Phata,113,95,97,81,35,115,59,71,304,31.87,201.45,65.52,Foggy,Frustrated,8.69,High
2026-03-06 07:13:00,Panchavati,32,34,124,39,73,20,42,62,271,51.69,179.39,54.18,Clear,Impatient,5.31,Normal
2026-03-02 06:27:00,Trimbak Naka,103,57,124,73,37,88,10,21,274,13.54,191.2,61.51,Clear,Anxious,9.89,High
2026-03-28 11:39:00,CBS Circle,11,94,71,74,72,91,16,33,170,52.12,137.09,38.8,Foggy,Impatient,5.41,Normal
2026-03-16 19:26:00,Adgaon Naka,79,103,126,45,106,93,46,97,357,52.32,224.05,77.05,Foggy,Impatient,9.81,High
2026-03-04 19:22:00,Mhasrul,44,18,63,133,140,78,127,146,374,46.66,227.88,76.59,Rainy,Frustrated,8.88,High
2026-03-21 21:04:00,Mumbai Naka,99,112,139,121,70,101,29,40,337,26.53,219.22,78.93,Overcast,Frustrated,9.45,High
2026-03-16 10:02:00,Mhasrul,116,123,32,116,84,59,28,90,260,54.92,188.26,45.71,Foggy,Neutral,5.35,Normal
2026-03-05 15:01:00,Makhmalabad,145,36,118,136,45,34,116,65,424,52.32,258.9,83.19,Clear,Anxious,8.6,High
2026-03-07 21:35:00,Nashik Road,54,26,57,109,17,139,26,83,154,19.41,133.89,34.38,Rainy,Impatient,5.64,Normal
2026-03-13 03:46:00,Makhmalabad,33,109,81,18,60,56,94,92,268,40.65,189.56,61.99,Clear,Anxious,9.01,High
2026-03-22 12:13:00,Rane Nagar,64,19,109,124,16,94,75,58,264,28.15,173.27,48.67,Rainy,Neutral,7.26,High
2026-03-20 10:43:00,Indira Nagar,103,105,149,33,74,36,66,59,392,46.92,253.52,82.8,Foggy,Impatient,9.03,High
2026-03-13 17:44:00,College Road,45,130,101,105,43,39,88,93,277,44.26,181.56,60.62,Clear,Anxious,7.2,High
2026-03-12 23:13:00,Deolali Camp,135,62,19,98,84,50,108,108,346,42.07,223.99,72.03,Overcast,Anxious,9.57,High
2026-03-12 05:56:00,Makhmalabad,37,143,105,125,83,40,47,75,272,36.68,189.99,61.47,Clear,Anxious,9.86,High
2026-03-13 22:31:00,Govind Nagar,47,90,65,109,31,28,142,42,285,52.03,188.01,67.16,Foggy,Impatient,8.24,High
2026-03-19 17:50:00,College Road,61,122,141,136,95,117,71,135,368,54.46,238.75,66.9,Foggy,Frustrated,7.16,High
2026-03-02 21:52:00,Adgaon Naka,80,101,121,29,114,34,134,126,449,16.68,271.74,100.28,Rainy,Impatient,10.0,High
2026-03-26 16:50:00,Sinnar Phata,112,55,23,115,43,116,64,120,242,49.56,174.06,55.56,Foggy,Impatient,4.7,Normal
2026-03-01 10:30:00,Mhasrul,31,75,32,73,89,39,11,32,163,42.98,141.34,33.18,Foggy,Neutral,5.53,Normal
2026-03-08 16:41:00,Rane Nagar,114,19,111,128,114,45,22,18,361,39.3,233.93,63.52,Clear,Frustrated,7.59,High
2026-03-27 01:35:00,CBS Circle,92,37,12,147,93,111,65,57,262,20.71,185.04,62.1,Rainy,Anxious,10.0,High
2026-03-21 13:27:00,Trimbak Naka,41,80,33,83,75,59,76,121,225,33.56,159.91,38.17,Foggy,Neutral,4.58,Normal
2026-03-28 11:55:00,Panchavati,48,54,101,97,95,91,115,20,359,32.56,237.88,61.24,Rainy,Impatient,9.95,High
2026-03-21 00:25:00,Govind Nagar,75,36,149,50,117,104,18,78,359,26.55,224.97,68.24,Overcast,Anxious,9.94,High
2026-03-26 23:43:00,Trimbak Naka,58,39,130,20,59,74,119,110,366,22.4,231.63,59.76,Foggy,Neutral,5.98,Normal
2026-03-22 02:43:00,Govind Nagar,15,130,107,66,114,143,114,116,350,31.31,221.33,61.01,Overcast,Anxious,9.46,High
2026-03-02 01:07:00,College Road,110,64,25,94,145,61,134,120,414,29.75,251.2,89.99,Foggy,Anxious,7.72,High
2026-03-29 10:27:00,Sinnar Phata,76,91,27,99,84,49,72,139,259,56.76,179.14,52.05,Clear,Impatient,4.65,Normal
2026-03-02 09:01:00,Mumbai Naka,141,21,139,40,56,84,46,86,382,44.66,247.41,73.57,Clear,Frustrated,9.26,High
2026-03-04 21:58:00,Rane Nagar,84,144,27,58,100,44,104,99,315,28.18,214.65,64.64,Clear,Anxious,9.68,High
2026-03-24 14:40:00,Rane Nagar,89,110,27,91,17,91,123,114,256,22.17,174.56,45.76,Rainy,Neutral,7.34,High
2026-03-26 19:52:00,Nashik Road,116,143,68,21,50,25,143,29,377,31.69,231.24,72.5,Overcast,Frustrated,8.57,High
2026-03-13 05:34:00,Ashok Stambh,40,130,33,41,30,80,67,44,170,38.71,138.9,35.4,Rainy,Impatient,7.1,High
2026-03-10 23:30:00,Sinnar Phata,30,30,100,31,140,126,61,20,331,27.8,222.36,53.78,Overcast,Neutral,4.64,Normal
2026-03-17 22:13:00,Panchavati,124,149,65,147,55,105,12,71,256,34.94,174.29,56.2,Clear,Impatient,4.93,Normal
2026-03-15 02:04:00,Indira Nagar,89,109,84,85,107,37,132,104,412,54.38,261.63,77.56,Clear,Frustrated,8.5,High
2026-03-09 14:19:00,College Road,134,17,131,34,23,78,125,73,413,47.6,262.67,75.51,Rainy,Impatient,9.16,High
2026-03-03 16:05:00,Bytco Point,134,123,84,88,115,143,54,109,387,31.54,251.92,88.14,Overcast,Anxious,9.75,High
2026-03-13 18:38:00,Bytco Point,135,76,121,66,21,109,66,40,343,39.77,218.07,73.45,Overcast,Frustrated,7.49,High
2026-03-16 15:39:00,Panchavati,112,91,115,114,48,85,26,133,301,21.22,209.97,57.31,Overcast,Neutral,6.45,Normal
2026-03-06 06:28:00,Deolali Camp,108,103,144,19,27,59,15,47,294,25.27,191.24,48.03,Rainy,Neutral,6.5,Normal
2026-03-23 05:50:00,Deolali Camp,20,146,22,77,124,150,113,67,279,22.63,199.29,47.35,Foggy,Impatient,6.1,Normal
2026-03-09 01:22:00,Govind Nagar,88,53,53,67,43,58,27,107,211,43.66,164.3,35.2,Rainy,Neutral,6.82,Normal
2026-03-26 11:00:00,CBS Circle,131,139,142,10,40,92,69,35,382,36.06,237.56,78.08,Overcast,Frustrated,8.23,High
2026-03-13 08:42:00,Trimbak Naka,50,100,72,102,56,41,84,98,262,54.09,183.79,50.99,Clear,Neutral,6.87,Normal
2026-03-21 12:48:00,Mhasrul,146,144,69,134,120,63,94,77,429,27.96,256.96,73.16,Rainy,Impatient,9.36,High
2026-03-04 22:55:00,College Road,44,63,92,81,41,73,130,140,307,49.46,212.51,56.53,Overcast,Neutral,6.3,Normal
2026-03-17 00:02:00,Nashik Road,74,113,63,122,31,113,83,123,251,43.7,175.28,55.44,Foggy,Impatient,6.64,Normal
2026-03-15 02:12:00,Govind Nagar,140,125,76,122,74,144,25,126,315,12.61,207.69,61.86,Overcast,Impatient,7.66,High
2026-03-03 14:58:00,Govind Nagar,54,45,111,106,88,145,28,67,281,15.16,191.49,62.23,Rainy,Impatient,9.68,High
2026-03-13 08:45:00,Indira Nagar,114,42,79,67,61,116,146,56,400,20.52,240.57,75.99,Overcast,Anxious,7.28,High
2026-03-05 08:07:00,Ashok Stambh,87,114,139,53,138,17,90,120,454,49.2,281.3,89.89,Rainy,Frustrated,10.0,High
2026-03-03 19:02:00,Sinnar Phata,147,133,38,23,101,64,59,117,345,32.86,216.41,57.81,Clear,Impatient,4.36,Normal
2026-03-06 20:47:00,Adgaon Naka,79,71,127,68,72,83,87,74,365,41.19,226.05,63.7,Foggy,Anxious,7.44,High
2026-03-13 00:56:00,Patherdi Phata,96,46,149,119,112,64,103,99,460,43.4,272.21,85.24,Overcast,Impatient,7.1,High
2026-03-23 06:41:00,Satpur MIDC,96,120,95,114,141,72,140,19,472,43.61,294.36,95.29,Overcast,Anxious,7.83,High
2026-03-19 01:18:00,Rane Nagar,136,110,72,20,13,148,56,28,277,28.48,182.13,57.01,Rainy,Neutral,6.89,Normal
2026-03-14 01:52:00,Patherdi Phata,54,110,23,47,73,144,70,15,220,48.62,157.08,49.02,Overcast,Impatient,5.93,Normal
2026-03-15 15:31:00,Deolali Camp,103,137,12,62,73,138,104,63,292,20.35,189.7,54.27,Foggy,Impatient,6.58,Normal
2026-03-20 04:45:00,Indira Nagar,97,119,148,134,114,53,92,24,451,41.66,275.45,79.38,Overcast,Impatient,7.85,High
2026-03-30 07:44:00,Mumbai Naka,64,135,12,19,137,61,112,138,325,30.26,206.22,70.41,Rainy,Anxious,10.0,High
2026-03-20 21:31:00,Indira Nagar,88,148,13,144,22,133,130,110,253,39.61,170.73,41.71,Rainy,Impatient,7.39,High
2026-03-05 08:34:00,Gangapur Road,33,69,55,119,36,74,82,60,206,39.44,162.55,40.05,Clear,Neutral,4.0,Normal
2026-03-04 00:37:00,College Road,92,68,97,142,111,44,136,17,436,28.76,267.95,70.44,Clear,Impatient,8.94,High
2026-03-23 20:14:00,Mhasrul,22,44,114,75,131,11,149,105,416,22.24,257.24,94.86,Foggy,Anxious,7.96,High
2026-03-26 22:18:00,Govind Nagar,22,62,80,146,129,57,147,24,378,22.57,233.94,71.97,Clear,Impatient,7.47,High
2026-03-12 02:56:00,Panchavati,47,112,109,65,115,120,102,96,373,31.03,241.11,80.73,Rainy,Frustrated,10.0,High
2026-03-18 02:21:00,Satpur MIDC,13,23,130,105,108,61,60,47,311,53.79,202.49,54.15,Rainy,Neutral,7.41,High
2026-03-23 07:31:00,Trimbak Naka,133,14,110,146,96,95,120,106,459,29.18,270.4,107.9,Foggy,Frustrated,8.05,High
2026-03-15 15:32:00,Bytco Point,52,110,117,109,118,33,145,82,432,46.05,261.54,80.16,Overcast,Anxious,8.28,High
2026-03-09 11:43:00,Sinnar Phata,17,103,17,110,32,99,139,39,205,20.45,154.55,47.22,Overcast,Neutral,5.8,Normal
2026-03-07 14:10:00,Rane Nagar,55,136,133,119,128,16,25,22,341,46.0,221.68,68.28,Overcast,Anxious,9.73,High
2026-03-24 12:27:00,Gangapur Road,49,96,47,95,14,133,122,127,232,18.79,163.43,37.49,Overcast,Neutral,6.13,Normal
2026-03-06 12:07:00,Adgaon Naka,56,132,142,139,66,20,66,17,330,22.2,219.42,59.35,Rainy,Neutral,6.36,Normal
2026-03-14 13:36:00,Indira Nagar,137,22,120,121,13,78,59,38,329,54.04,209.21,72.16,Foggy,Anxious,7.93,High
2026-03-11 23:23:00,Govind Nagar,128,125,30,52,47,149,140,32,345,13.32,229.29,61.6,Rainy,Frustrated,10.0,High
2026-03-02 03:39:00,CBS Circle,82,42,82,113,86,12,74,78,324,31.94,207.58,63.55,Overcast,Frustrated,8.09,High
2026-03-04 01:41:00,CBS Circle,76,108,53,99,141,86,115,14,385,33.21,234.44,83.55,Rainy,Impatient,9.61,High
2026-03-28 16:41:00,Makhmalabad,139,29,15,64,142,86,84,51,380,18.05,239.15,85.73,Clear,Frustrated,8.44,High
2026-03-10 06:05:00,Trimbak Naka,141,76,148,89,34,86,143,122,466,45.84,277.96,86.06,Rainy,Anxious,10.0,High
2026-03-11 02:10:00,Bytco Point,44,16,26,139,10,102,123,95,203,20.7,154.87,39.41,Clear,Impatient,5.41,Normal
2026-03-11 17:03:00,Patherdi Phata,50,53,74,77,121,91,96,104,341,27.54,215.11,56.1,Rainy,Neutral,5.73,Normal
2026-03-03 21:29:00,Nashik Road,60,114,23,68,19,108,109,30,211,38.2,159.64,34.39,Overcast,Neutral,4.71,Normal
2026-03-30 02:11:00,Patherdi Phata,126,101,124,110,96,34,48,52,394,49.78,256.18,85.26,Foggy,Impatient,9.3,High
2026-03-17 17:10:00,Ashok Stambh,38,74,131,71,149,99,109,101,427,49.69,255.06,82.15,Overcast,Impatient,7.84,High
2026-03-05 17:00:00,Adgaon Naka,89,126,52,55,116,72,29,54,286,20.59,200.22,53.43,Foggy,Impatient,5.05,Normal
2026-03-18 06:21:00,College Road,91,25,103,108,81,42,12,66,287,15.55,195.42,52.85,Clear,Neutral,4.41,Normal
2026-03-07 09:11:00,Bytco Point,53,53,42,48,143,58,120,86,358,11.85,233.5,61.58,Overcast,Anxious,8.65,High
2026-03-30 17:55:00,Satpur MIDC,66,34,30,60,97,147,138,27,331,13.23,225.28,67.28,Rainy,Anxious,9.66,High
2026-03-03 02:27:00,Ashok Stambh,150,38,136,76,98,119,117,114,501,16.32,304.19,82.05,Rainy,Anxious,10.0,High
2026-03-04 16:55:00,Makhmalabad,113,55,99,71,146,37,72,59,430,37.6,265.74,86.41,Overcast,Anxious,7.67,High
2026-03-02 15:59:00,Rane Nagar,83,29,126,98,22,75,55,20,286,26.12,202.27,54.75,Overcast,Neutral,4.17,Normal
2026-03-05 06:37:00,Mumbai Naka,126,126,20,34,62,30,61,123,269,41.06,182.21,51.29,Overcast,Neutral,6.52,Normal
2026-03-02 06:11:00,Gangapur Road,31,138,83,57,95,56,22,68,231,36.51,173.36,40.75,Overcast,Impatient,4.02,Normal
2026-03-03 06:36:00,CBS Circle,37,83,125,20,137,59,44,65,343,18.87,223.8,78.29,Clear,Anxious,7.41,High
2026-03-30 13:39:00,Adgaon Naka,41,19,81,59,85,28,143,141,350,27.78,230.4,81.01,Clear,Impatient,8.65,High
2026-03-04 03:53:00,Rane Nagar,33,65,131,135,121,104,136,117,421,22.12,261.38,81.12,Foggy,Impatient,8.6,High
2026-03-13 23:35:00,Dwarka Circle,98,18,13,126,90,74,117,59,318,26.56,199.1,69.29,Overcast,Frustrated,8.33,High
2026-03-07 16:46:00,Indira Nagar,46,112,60,78,49,32,28,47,183,42.8,150.98,32.39,Rainy,Neutral,5.62,Normal
2026-03-21 21:38:00,Panchavati,57,92,66,135,66,35,96,31,285,28.57,193.34,67.65,Clear,Frustrated,8.45,High
2026-03-14 21:37:00,Trimbak Naka,132,96,76,140,87,138,87,41,382,15.05,245.41,68.0,Clear,Impatient,9.57,High
2026-03-30 02:31:00,Makhmalabad,85,50,68,53,89,15,24,82,266,57.32,177.34,61.55,Overcast,Impatient,9.67,High
2026-03-21 21:02:00,Makhmalabad,58,51,15,83,46,127,13,32,132,19.22,111.27,29.63,Overcast,Neutral,3.39,Normal
2026-03-03 17:23:00,Mumbai Naka,130,119,101,30,70,135,22,72,323,18.41,219.56,65.81,Clear,Frustrated,8.66,High
2026-03-20 15:21:00,Satpur MIDC,66,63,150,87,113,40,87,76,416,36.34,251.75,95.42,Overcast,Impatient,9.75,High
2026-03-25 19:13:00,Satpur MIDC,138,83,92,124,125,79,122,10,477,16.14,281.87,98.62,Clear,Impatient,8.32,High
2026-03-23 03:55:00,Sinnar Phata,92,101,118,43,134,116,110,73,454,23.19,279.83,94.37,Overcast,Impatient,7.3,High
2026-03-16 09:56:00,Panchavati,138,116,109,82,52,46,132,149,431,17.81,255.85,90.28,Clear,Impatient,8.68,High
2026-03-12 04:44:00,Panchavati,37,58,111,85,11,37,144,72,303,24.63,205.27,68.54,Rainy,Impatient,9.12,High
2026-03-07 18:16:00,Satpur MIDC,77,133,82,149,65,45,79,120,303,56.71,197.91,70.61,Overcast,Anxious,7.32,High
2026-03-16 23:57:00,Adgaon Naka,130,128,147,21,28,150,117,42,422,35.03,267.22,94.01,Clear,Frustrated,9.3,High
2026-03-23 06:51:00,College Road,120,29,16,97,12,91,15,113,163,16.0,130.69,36.03,Foggy,Impatient,6.7,Normal
2026-03-16 10:01:00,Mumbai Naka,150,39,116,143,48,37,43,118,357,49.86,229.98,74.84,Clear,Frustrated,7.16,High
2026-03-29 09:14:00,Nashik Road,139,79,107,101,101,69,121,41,468,43.35,290.23,111.34,Rainy,Impatient,8.99,High
2026-03-28 23:58:00,Gangapur Road,80,58,105,142,63,122,125,18,373,31.47,239.22,81.97,Rainy,Frustrated,9.76,High
2026-03-02 22:25:00,Mhasrul,82,127,87,12,56,113,34,141,259,29.82,182.41,45.95,Clear,Impatient,6.69,Normal
2026-03-22 00:54:00,CBS Circle,123,94,148,35,84,100,150,128,505,46.01,300.23,100.37,Foggy,Frustrated,7.86,High
2026-03-10 09:26:00,Indira Nagar,70,91,18,69,91,14,150,17,329,53.52,216.89,67.57,Clear,Anxious,9.5,High
2026-03-10 08:54:00,Adgaon Naka,132,146,41,39,102,134,57,128,332,13.0,212.45,73.88,Rainy,Anxious,9.95,High
2026-03-22 18:13:00,Govind Nagar,99,20,105,57,130,72,41,89,375,23.63,244.58,84.19,Rainy,Impatient,10.0,High
2026-03-02 07:18:00,Nashik Road,88,10,65,62,72,26,81,131,306,54.77,205.01,62.49,Foggy,Frustrated,8.66,High
2026-03-15 09:49:00,Satpur MIDC,117,110,77,50,132,16,52,50,378,51.22,248.45,65.86,Overcast,Frustrated,8.72,High
2026-03-28 16:13:00,Rane Nagar,118,40,76,67,128,19,58,53,380,20.56,231.96,62.47,Clear,Impatient,9.0,High
2026-03-06 15:15:00,Ashok Stambh,19,66,103,99,22,75,49,142,193,56.65,151.06,32.81,Rainy,Impatient,5.66,Normal
2026-03-02 16:17:00,Deolali Camp,105,59,37,107,99,134,149,24,390,41.18,250.49,76.09,Overcast,Impatient,8.0,High
2026-03-09 01:48:00,Sinnar Phata,141,106,89,116,70,58,25,125,325,54.79,202.86,76.04,Rainy,Frustrated,9.0,High
2026-03-02 21:05:00,Indira Nagar,71,75,61,26,112,19,146,56,390,13.52,237.57,72.64,Rainy,Frustrated,9.37,High
2026-03-03 03:33:00,Gangapur Road,61,85,83,40,92,142,54,10,290,35.31,190.6,66.0,Rainy,Impatient,8.55,High
2026-03-02 23:48:00,Govind Nagar,117,25,139,47,103,130,136,64,495,18.55,294.55,81.36,Overcast,Frustrated,8.47,High
2026-03-06 03:15:00,Gangapur Road,74,112,27,130,13,118,92,36,206,23.46,162.15,47.39,Foggy,Neutral,5.28,Normal
2026-03-27 06:58:00,Patherdi Phata,44,135,125,92,18,71,102,138,289,42.68,192.79,53.48,Foggy,Neutral,4.48,Normal
2026-03-13 22:34:00,Govind Nagar,107,50,44,118,134,13,30,24,315,27.49,217.48,61.91,Foggy,Frustrated,8.02,High
2026-03-02 17:46:00,Govind Nagar,96,111,135,114,62,43,88,55,381,41.94,232.35,85.81,Overcast,Impatient,9.63,High
2026-03-23 17:22:00,Mhasrul,76,127,17,24,72,63,106,26,271,40.87,185.37,57.15,Clear,Impatient,4.92,Normal
2026-03-22 15:47:00,Trimbak Naka,147,91,55,73,21,41,16,57,239,25.61,161.19,46.65,Clear,Impatient,5.81,Normal
2026-03-14 20:22:00,Deolali Camp,47,97,137,74,84,27,26,59,294,47.96,187.66,69.31,Rainy,Anxious,8.78,High
2026-03-13 09:48:00,Dwarka Circle,146,73,105,90,112,97,70,129,433,11.19,268.75,74.5,Rainy,Anxious,10.0,High
2026-03-19 20:09:00,Indira Nagar,94,52,128,98,105,79,20,100,347,39.91,231.06,67.24,Rainy,Anxious,9.87,High
2026-03-08 14:30:00,Rane Nagar,90,27,13,143,11,80,80,109,194,49.65,143.93,41.06,Rainy,Neutral,6.18,Normal
2026-03-29 12:22:00,Adgaon Naka,69,83,88,143,73,10,59,27,289,44.72,192.94,61.57,Foggy,Frustrated,9.78,High
2026-03-08 23:49:00,Panchavati,97,107,67,38,117,54,121,29,402,49.37,241.34,77.42,Overcast,Impatient,9.14,High
2026-03-25 07:59:00,Panchavati,93,106,108,114,129,134,41,69,371,21.99,225.99,84.39,Foggy,Impatient,9.68,High
2026-03-22 20:22:00,CBS Circle,90,116,98,70,27,100,88,124,303,16.58,201.54,51.44,Foggy,Neutral,4.56,Normal
2026-03-09 00:42:00,Adgaon Naka,81,88,123,81,116,126,52,107,372,37.51,243.08,76.54,Rainy,Frustrated,10.0,High
2026-03-06 20:18:00,Sinnar Phata,80,118,149,30,79,64,115,16,423,18.83,261.08,89.62,Rainy,Impatient,10.0,High
2026-03-12 23:10:00,Govind Nagar,75,46,32,82,96,38,138,135,341,16.04,226.98,62.32,Clear,Frustrated,7.62,High
2026-03-21 04:31:00,Satpur MIDC,135,144,46,23,77,108,144,75,402,42.63,249.52,72.11,Overcast,Impatient,7.16,High
2026-03-03 08:04:00,Trimbak Naka,130,51,71,116,21,78,127,44,349,14.05,224.52,63.89,Overcast,Frustrated,8.8,High
2026-03-13 00:18:00,Panchavati,12,39,28,138,113,104,108,150,261,19.82,188.09,57.06,Overcast,Impatient,6.8,Normal
2026-03-03 13:38:00,Panchavati,101,90,78,71,30,33,47,104,256,14.07,174.77,60.79,Overcast,Anxious,7.84,High
2026-03-19 01:23:00,Bytco Point,29,15,47,54,74,124,100,80,250,13.18,165.36,51.89,Foggy,Impatient,5.64,Normal
2026-03-14 20:56:00,College Road,55,132,36,127,15,69,42,41,148,18.74,119.66,28.79,Foggy,Satisfied,1.33,Normal
2026-03-22 07:40:00,Rane Nagar,26,125,23,16,108,94,53,140,210,33.19,158.12,35.72,Clear,Neutral,5.34,Normal
2026-03-12 21:23:00,Deolali Camp,87,75,97,75,143,68,112,133,439,51.31,269.79,96.28,Overcast,Frustrated,8.31,High
2026-03-04 20:56:00,Govind Nagar,121,149,150,27,90,17,51,22,412,31.77,257.33,65.93,Foggy,Impatient,9.79,High
2026-03-06 20:50:00,Deolali Camp,116,142,111,10,46,29,11,42,284,26.81,190.78,66.07,Clear,Impatient,9.98,High
2026-03-08 23:38:00,College Road,50,35,111,116,115,135,32,68,308,13.93,196.25,61.12,Rainy,Frustrated,9.34,High
2026-03-16 08:04:00,Panchavati,47,74,32,104,75,40,144,111,298,16.3,190.43,64.38,Clear,Impatient,9.35,High
2026-03-20 07:00:00,Nashik Road,65,30,112,43,142,75,81,108,400,53.98,242.51,83.29,Rainy,Impatient,10.0,High
2026-03-01 09:28:00,Makhmalabad,144,30,76,103,26,108,102,118,348,27.26,225.87,70.55,Clear,Impatient,7.09,High
2026-03-16 16:59:00,Mumbai Naka,147,81,123,70,90,61,145,64,505,36.63,295.26,114.55,Rainy,Impatient,10.0,High
2026-03-13 03:12:00,Gangapur Road,57,35,89,68,51,72,120,104,317,30.64,218.18,57.08,Rainy,Neutral,7.74,High
2026-03-10 12:55:00,Govind Nagar,147,51,113,106,148,10,65,43,473,54.9,288.2,84.54,Rainy,Anxious,9.58,High
2026-03-10 16:46:00,Patherdi Phata,133,136,119,16,51,58,66,31,369,41.01,240.92,65.63,Foggy,Frustrated,9.34,High
2026-03-27 21:49:00,Adgaon Naka,66,33,129,51,104,122,49,29,348,16.91,233.79,73.77,Foggy,Impatient,7.52,High
2026-03-15 08:34:00,Satpur MIDC,71,70,136,37,149,136,61,148,417,18.39,261.24,70.41,Foggy,Impatient,7.33,High
2026-03-04 19:11:00,Ashok Stambh,86,118,48,99,25,107,145,139,304,47.59,209.42,67.86,Clear,Impatient,9.24,High
2026-03-10 16:22:00,Dwarka Circle,18,33,56,22,142,141,137,126,353,48.07,226.93,58.75,Clear,Impatient,6.59,Normal
2026-03-03 09:30:00,College Road,74,144,80,119,74,111,113,58,341,55.36,229.92,65.62,Clear,Anxious,9.95,High
2026-03-06 08:09:00,Patherdi Phata,114,134,45,31,56,74,102,101,317,35.99,208.94,74.35,Foggy,Impatient,8.24,High
2026-03-19 11:03:00,College Road,53,27,110,65,135,48,29,124,327,54.13,204.82,68.78,Clear,Anxious,9.49,High
2026-03-20 15:12:00,Nashik Road,105,72,37,68,125,57,131,128,398,15.09,247.42,76.5,Overcast,Frustrated,9.88,High
2026-03-01 14:50:00,Makhmalabad,10,104,129,93,92,114,114,63,345,38.47,217.62,68.83,Foggy,Frustrated,8.89,High
2026-03-04 07:37:00,Panchavati,74,85,62,71,101,20,148,45,385,12.23,251.06,62.34,Overcast,Anxious,8.89,High
2026-03-01 22:35:00,Satpur MIDC,64,92,44,14,83,124,102,118,293,15.1,188.25,57.61,Rainy,Impatient,6.7,Normal
2026-03-17 15:15:00,Adgaon Naka,84,65,20,89,33,27,61,143,198,19.05,157.09,44.39,Rainy,Impatient,8.03,High
2026-03-30 03:38:00,Deolali Camp,108,92,91,14,116,137,81,116,396,25.64,249.69,86.02,Clear,Anxious,7.99,High
2026-03-24 06:41:00,Patherdi Phata,96,42,26,10,136,43,92,23,350,43.65,230.57,66.72,Foggy,Impatient,9.48,High
2026-03-08 17:01:00,Rane Nagar,13,112,87,43,127,44,92,127,319,40.22,203.29,55.24,Clear,Neutral,4.56,Normal
2026-03-11 18:04:00,Mumbai Naka,96,60,147,132,73,94,16,17,332,46.41,212.51,57.1,Foggy,Impatient,6.79,Normal
2026-03-09 13:28:00,Rane Nagar,91,141,110,132,66,117,15,26,282,32.23,195.61,65.94,Overcast,Anxious,8.25,High
2026-03-28 00:59:00,Gangapur Road,129,13,120,69,48,67,52,144,349,51.27,231.09,64.31,Foggy,Anxious,8.44,High
2026-03-29 00:10:00,Dwarka Circle,67,77,46,137,83,108,46,24,242,14.86,174.87,42.46,Foggy,Neutral,5.49,Normal
2026-03-30 11:33:00,Nashik Road,119,21,25,143,126,21,143,113,413,41.82,250.37,78.2,Rainy,Anxious,10.0,High
2026-03-03 08:31:00,Indira Nagar,150,73,17,128,26,26,89,72,282,33.94,193.26,52.48,Overcast,Impatient,6.37,Normal
2026-03-13 14:38:00,Patherdi Phata,114,119,28,131,136,102,24,81,302,51.48,208.65,58.76,Rainy,Neutral,6.81,Normal
2026-03-18 16:14:00,Dwarka Circle,144,72,99,132,18,13,86,62,347,24.33,214.95,68.28,Foggy,Anxious,9.52,High
2026-03-22 05:07:00,Sinnar Phata,36,112,48,89,144,103,108,46,336,22.17,209.55,66.81,Foggy,Impatient,7.13,High
2026-03-28 02:10:00,Satpur MIDC,67,142,85,96,107,50,81,51,340,11.97,214.07,58.49,Rainy,Impatient,7.92,High
2026-03-09 12:18:00,Panchavati,25,102,49,124,27,124,78,113,179,44.33,131.68,30.75,Overcast,Neutral,5.4,Normal
2026-03-19 02:32:00,Gangapur Road,94,100,12,112,49,58,111,101,266,44.57,186.51,42.72,Rainy,Impatient,6.6,Normal
2026-03-13 23:55:00,Bytco Point,73,109,144,52,98,149,64,83,379,33.54,242.39,82.62,Rainy,Anxious,8.78,High
2026-03-04 09:38:00,Makhmalabad,16,118,49,141,42,26,115,139,222,56.2,169.77,35.71,Rainy,Neutral,5.63,Normal
2026-03-27 11:37:00,College Road,118,142,150,26,106,101,106,69,480,21.82,293.89,92.87,Rainy,Frustrated,10.0,High
2026-03-16 09:43:00,College Road,54,36,46,100,129,62,91,116,320,15.6,216.03,66.72,Clear,Anxious,8.8,High
2026-03-19 14:59:00,Govind Nagar,80,142,73,57,10,63,38,56,201,55.61,146.12,45.35,Overcast,Impatient,6.11,Normal
2026-03-19 04:16:00,Adgaon Naka,99,111,109,83,60,83,89,61,357,18.67,223.01,69.06,Clear,Impatient,8.23,High
2026-03-27 17:08:00,Satpur MIDC,58,108,91,12,50,36,99,87,298,18.56,208.37,67.85,Foggy,Frustrated,9.59,High
2026-03-23 12:05:00,Mumbai Naka,57,38,146,62,121,79,76,37,400,46.5,259.57,82.13,Foggy,Impatient,8.99,High
2026-03-07 04:31:00,Satpur MIDC,16,27,99,71,29,37,107,107,251,19.54,174.81,47.61,Overcast,Neutral,5.19,Normal
2026-03-04 03:15:00,Nashik Road,15,132,55,101,44,88,39,147,153,54.77,119.85,35.01,Clear,Neutral,5.07,Normal
2026-03-26 12:58:00,Gangapur Road,14,72,87,56,84,72,23,122,208,26.71,146.41,48.9,Overcast,Impatient,4.17,Normal
2026-03-05 01:06:00,CBS Circle,19,46,98,33,136,140,34,56,287,36.12,197.68,49.06,Clear,Impatient,4.81,Normal
2026-03-02 20:22:00,Bytco Point,46,150,84,22,10,106,38,91,178,50.93,130.16,35.27,Clear,Impatient,6.12,Normal
2026-03-16 15:38:00,Makhmalabad,10,91,15,105,64,59,57,92,146,49.22,121.47,26.26,Rainy,Neutral,3.64,Normal
2026-03-20 18:11:00,Satpur MIDC,145,68,32,101,135,135,66,123,378,18.86,229.2,83.12,Overcast,Frustrated,8.17,High
2026-03-08 02:16:00,Deolali Camp,126,15,76,107,109,65,138,92,449,19.08,265.12,86.96,Foggy,Anxious,9.38,High
2026-03-25 23:40:00,Satpur MIDC,48,75,19,24,48,105,36,85,151,50.14,128.23,35.19,Foggy,Neutral,5.83,Normal
2026-03-26 01:30:00,Makhmalabad,14,89,121,101,106,141,80,40,321,51.3,217.11,62.11,Clear,Impatient,8.47,High
2026-03-09 00:44:00,Panchavati,72,146,54,122,42,119,111,33,279,12.3,185.79,56.22,Clear,Neutral,4.56,Normal
2026-03-23 04:03:00,Trimbak Naka,87,22,15,45,14,147,71,86,187,36.86,136.3,32.29,Overcast,Neutral,5.86,Normal
2026-03-11 03:18:00,Ashok Stambh,102,66,88,24,118,27,22,118,330,55.57,223.12,63.47,Clear,Anxious,7.56,High
2026-03-12 01:03:00,Adgaon Naka,143,135,83,116,125,46,100,82,451,51.0,276.81,99.27,Foggy,Frustrated,8.07,High
2026-03-09 05:58:00,Trimbak Naka,55,148,62,65,19,115,123,83,259,30.83,181.32,54.53,Clear,Neutral,4.45,Normal
2026-03-04 17:01:00,Trimbak Naka,69,63,50,52,27,27,119,119,265,22.72,177.17,57.15,Foggy,Neutral,4.51,Normal
2026-03-23 19:44:00,Patherdi Phata,89,146,31,98,77,143,135,14,332,16.29,218.14,71.5,Rainy,Impatient,10.0,High
2026-03-07 14:30:00,Nashik Road,20,87,42,68,37,22,61,121,160,32.42,123.73,30.01,Overcast,Neutral,5.51,Normal
2026-03-06 09:12:00,CBS Circle,118,42,123,31,103,111,148,80,492,41.86,300.45,106.42,Overcast,Anxious,7.4,High
2026-03-04 05:02:00,Mumbai Naka,146,115,53,138,29,44,90,31,318,35.58,217.62,52.52,Foggy,Neutral,5.63,Normal
2026-03-10 15:16:00,Mhasrul,100,132,45,137,57,144,68,17,270,48.33,177.41,54.33,Foggy,Impatient,6.99,Normal
2026-03-10 06:07:00,Sinnar Phata,142,34,142,27,147,50,121,45,552,32.15,324.43,89.61,Foggy,Frustrated,8.67,High
2026-03-09 00:08:00,College Road,120,73,99,148,119,147,138,70,476,44.8,279.75,85.91,Overcast,Frustrated,7.33,High
2026-03-22 08:41:00,Adgaon Naka,18,18,41,74,94,62,75,46,228,47.36,155.68,44.34,Foggy,Impatient,4.51,Normal
2026-03-06 19:03:00,Adgaon Naka,95,125,84,44,148,99,136,41,463,12.13,273.59,77.28,Clear,Frustrated,7.59,High
2026-03-28 14:47:00,Adgaon Naka,14,22,84,88,71,31,106,94,275,45.89,191.25,51.46,Foggy,Impatient,4.95,Normal
2026-03-22 21:49:00,Satpur MIDC,123,32,55,95,124,43,86,25,388,54.09,240.49,84.51,Rainy,Anxious,9.37,High
2026-03-01 00:57:00,Makhmalabad,78,82,129,81,79,130,63,63,349,51.86,216.09,80.04,Rainy,Impatient,10.0,High
2026-03-21 15:49:00,Satpur MIDC,96,131,44,67,69,130,135,97,344,27.9,226.21,77.76,Foggy,Frustrated,7.85,High
2026-03-02 20:17:00,Ashok Stambh,123,113,35,59,131,93,24,13,313,18.09,199.07,52.59,Clear,Neutral,5.45,Normal
2026-03-05 11:18:00,Rane Nagar,126,114,29,105,83,71,117,61,355,14.19,222.66,83.96,Clear,Anxious,7.99,High
2026-03-19 12:13:00,Deolali Camp,121,141,77,65,111,47,46,37,355,21.01,224.08,80.32,Overcast,Frustrated,9.61,High
2026-03-21 02:26:00,Mhasrul,62,112,104,67,118,86,146,31,430,28.35,266.0,80.97,Clear,Frustrated,9.07,High
2026-03-07 04:27:00,Mhasrul,137,13,98,94,149,90,87,54,471,26.49,275.83,95.52,Clear,Anxious,7.34,High
2026-03-06 15:26:00,Rane Nagar,88,131,31,131,126,133,67,93,312,43.01,203.18,53.79,Rainy,Neutral,6.15,Normal
2026-03-23 15:09:00,Sinnar Phata,118,115,129,21,19,112,30,75,296,15.66,199.39,69.31,Overcast,Frustrated,9.95,High
2026-03-09 13:30:00,Bytco Point,76,128,59,132,142,117,70,138,347,31.01,216.35,79.22,Overcast,Frustrated,8.32,High
2026-03-22 20:11:00,Sinnar Phata,11,74,26,26,26,92,69,37,132,34.33,106.47,21.8,Overcast,Satisfied,1.19,Normal
2026-03-21 17:25:00,Adgaon Naka,32,125,122,96,127,28,30,144,311,21.51,205.38,62.74,Foggy,Impatient,9.04,High
2026-03-16 08:40:00,Nashik Road,34,57,90,59,131,85,54,85,309,16.49,198.84,58.78,Rainy,Neutral,8.1,High
2026-03-21 03:15:00,Makhmalabad,150,92,12,115,70,37,103,29,335,30.35,215.79,76.13,Rainy,Anxious,9.89,High
2026-03-11 20:26:00,College Road,108,103,45,66,10,147,15,115,178,23.77,131.25,41.85,Foggy,Impatient,4.0,Normal
2026-03-08 17:39:00,Mumbai Naka,141,25,75,84,105,62,30,63,351,15.89,216.85,69.73,Foggy,Anxious,8.38,High
2026-03-07 14:00:00,Gangapur Road,114,54,122,129,95,46,54,78,385,12.12,241.16,67.17,Rainy,Frustrated,10.0,High
2026-03-28 08:28:00,Nashik Road,133,89,94,43,38,83,130,116,395,22.64,250.6,69.2,Rainy,Anxious,8.84,High
2026-03-21 21:50:00,Dwarka Circle,10,96,14,48,84,75,125,16,233,33.66,172.27,51.5,Rainy,Impatient,6.25,Normal
2026-03-03 01:46:00,Mumbai Naka,95,117,49,117,108,52,141,97,393,13.24,242.91,67.33,Clear,Frustrated,8.44,High
2026-03-20 21:47:00,CBS Circle,84,55,33,81,99,38,20,43,236,54.95,158.66,52.88,Clear,Impatient,4.77,Normal
2026-03-30 14:00:00,Gangapur Road,76,104,138,119,60,23,105,35,379,16.31,236.72,85.1,Foggy,Frustrated,7.34,High
2026-03-23 12:17:00,Govind Nagar,120,23,99,52,91,104,149,48,459,21.16,272.81,85.79,Rainy,Anxious,10.0,High
2026-03-20 05:03:00,Mumbai Naka,31,126,103,101,26,69,83,32,243,46.55,167.5,49.29,Clear,Impatient,5.53,Normal
2026-03-29 15:18:00,Makhmalabad,119,60,118,132,95,71,36,85,368,53.72,230.0,76.73,Clear,Frustrated,9.15,High
2026-03-28 02:26:00,Nashik Road,94,49,134,24,149,32,110,13,487,54.69,287.71,79.26,Foggy,Impatient,9.89,High
2026-03-06 03:29:00,Adgaon Naka,12,44,125,11,76,128,47,30,260,45.61,173.34,51.35,Foggy,Impatient,6.72,Normal
2026-03-10 15:20:00,Bytco Point,89,141,144,62,150,74,91,36,474,23.52,292.08,111.45,Overcast,Frustrated,8.69,High
2026-03-14 07:43:00,Panchavati,34,30,131,139,118,138,23,123,306,45.61,205.88,51.45,Overcast,Neutral,6.09,Normal
2026-03-02 18:35:00,Ashok Stambh,73,89,26,65,149,70,45,32,293,45.3,190.37,62.8,Clear,Anxious,7.09,High
2026-03-11 16:36:00,Indira Nagar,19,120,107,74,87,92,28,128,241,26.39,166.19,54.97,Clear,Neutral,4.59,Normal
2026-03-30 03:16:00,Mumbai Naka,20,92,106,106,40,96,16,53,182,38.83,140.05,37.77,Clear,Neutral,4.99,Normal
2026-03-08 08:11:00,Ashok Stambh,23,146,32,18,35,68,71,137,161,32.14,131.91,34.88,Clear,Impatient,5.11,Normal
2026-03-27 15:19:00,Panchavati,78,117,98,120,41,93,145,21,362,55.92,235.78,78.29,Foggy,Frustrated,9.65,High
2026-03-21 05:20:00,College Road,101,92,81,41,128,62,90,74,400,43.84,241.1,74.06,Foggy,Impatient,8.62,High
2026-03-18 02:43:00,Sinnar Phata,28,15,79,44,77,134,150,127,334,46.79,212.57,67.82,Clear,Frustrated,8.59,High
2026-03-24 05:21:00,Govind Nagar,75,20,19,130,147,101,84,98,325,21.17,219.39,62.27,Rainy,Impatient,10.0,High
2026-03-02 22:46:00,Deolali Camp,20,19,59,99,13,78,30,61,122,31.74,111.16,23.02,Overcast,Neutral,3.8,Normal
2026-03-27 10:02:00,Indira Nagar,100,93,11,12,15,49,64,103,190,20.23,143.1,37.63,Clear,Impatient,5.37,Normal
2026-03-13 21:50:00,CBS Circle,22,45,128,136,74,33,33,54,257,45.16,184.67,44.49,Clear,Impatient,6.29,Normal
2026-03-24 12:51:00,Dwarka Circle,31,133,70,106,123,47,101,132,325,55.85,205.48,75.13,Clear,Anxious,9.61,High
2026-03-02 03:16:00,Ashok Stambh,127,39,112,122,46,137,150,143,435,53.34,271.8,102.82,Clear,Anxious,7.28,High
2026-03-26 05:20:00,Deolali Camp,129,10,106,38,122,23,146,128,503,20.13,300.85,82.58,Rainy,Impatient,9.41,High
2026-03-05 00:02:00,Govind Nagar,38,99,31,136,18,81,13,149,100,41.5,91.77,23.6,Foggy,Satisfied,3.19,Normal
2026-03-11 00:52:00,Trimbak Naka,76,118,136,41,69,150,77,19,358,33.93,228.4,61.78,Overcast,Anxious,7.77,High
2026-03-07 17:18:00,Bytco Point,121,76,76,102,38,105,56,125,291,48.61,199.91,64.88,Rainy,Frustrated,10.0,High
2026-03-29 19:48:00,Panchavati,62,50,30,107,145,60,93,46,330,26.95,222.35,63.52,Overcast,Impatient,7.52,High
2026-03-13 12:10:00,Bytco Point,123,107,76,147,45,100,75,92,319,41.1,218.03,65.9,Rainy,Frustrated,8.88,High
2026-03-08 10:49:00,Trimbak Naka,87,120,44,102,12,21,96,18,239,20.4,175.13,46.38,Overcast,Impatient,6.21,Normal
2026-03-09 07:40:00,Indira Nagar,50,145,59,86,129,85,45,75,283,26.95,197.59,56.64,Clear,Impatient,6.07,Normal
2026-03-19 16:46:00,Rane Nagar,95,14,122,141,86,133,109,93,412,42.47,250.67,92.7,Overcast,Frustrated,9.16,High
2026-03-27 21:40:00,Gangapur Road,97,77,131,103,31,55,110,60,369,29.11,227.58,74.9,Clear,Impatient,9.3,High
2026-03-15 17:08:00,Dwarka Circle,119,37,39,88,73,77,61,18,292,18.44,188.04,52.56,Foggy,Neutral,6.14,Normal
2026-03-28 18:58:00,Mumbai Naka,65,104,132,100,96,41,63,53,356,23.35,229.26,62.96,Clear,Frustrated,9.78,High
2026-03-01 00:00:00,Govind Nagar,107,16,11,39,99,79,147,108,364,22.93,222.45,82.81,Clear,Impatient,7.02,High
2026-03-21 20:43:00,Nashik Road,146,65,127,101,96,63,146,124,515,40.47,297.89,111.08,Overcast,Impatient,8.3,High
2026-03-09 16:49:00,Ashok Stambh,74,33,116,19,129,79,23,33,342,14.19,227.04,78.02,Clear,Anxious,9.85,High
2026-03-15 04:44:00,CBS Circle,45,74,57,99,122,109,96,131,320,52.39,217.64,61.15,Clear,Frustrated,7.53,High
2026-03-19 09:52:00,Panchavati,115,66,94,61,74,72,68,36,351,22.81,224.01,76.28,Rainy,Frustrated,10.0,High
2026-03-24 21:08:00,Adgaon Naka,59,71,102,145,105,118,24,140,290,49.65,185.48,56.08,Rainy,Neutral,6.13,Normal
2026-03-18 01:43:00,Dwarka Circle,118,29,41,39,141,43,135,43,435,51.02,259.27,72.97,Foggy,Anxious,8.06,High
2026-03-05 02:28:00,Nashik Road,35,68,103,106,120,75,115,113,373,19.5,244.99,62.54,Clear,Frustrated,9.65,High
2026-03-19 17:35:00,Mumbai Naka,63,36,87,101,18,108,122,133,290,43.52,193.52,66.13,Clear,Anxious,7.47,High
2026-03-14 15:47:00,CBS Circle,138,70,140,142,68,81,140,73,486,33.58,284.19,116.1,Overcast,Anxious,8.18,High
2026-03-01 14:33:00,CBS Circle,108,41,133,145,28,37,73,77,342,51.85,220.46,59.87,Rainy,Neutral,5.51,Normal
2026-03-15 22:22:00,Ashok Stambh,15,134,140,140,139,38,135,55,429,14.49,259.41,74.19,Clear,Frustrated,7.26,High
2026-03-03 08:48:00,College Road,63,31,119,57,75,51,140,66,397,16.55,253.7,82.76,Rainy,Anxious,9.34,High
2026-03-19 03:43:00,Trimbak Naka,144,122,44,71,142,98,102,128,432,32.95,258.08,88.59,Rainy,Impatient,10.0,High
2026-03-29 20:58:00,Adgaon Naka,59,53,64,114,75,70,130,48,328,48.61,206.69,69.95,Foggy,Anxious,7.82,High
2026-03-26 02:15:00,Deolali Camp,112,115,76,127,93,32,81,134,362,23.08,221.12,80.82,Clear,Anxious,9.6,High
2026-03-13 01:23:00,Patherdi Phata,110,118,106,17,35,73,74,86,325,21.54,212.83,69.71,Foggy,Anxious,7.37,High
2026-03-07 05:34:00,Satpur MIDC,59,70,25,123,141,123,148,123,373,39.31,232.59,66.35,Rainy,Impatient,8.64,High
2026-03-09 09:25:00,Sinnar Phata,86,49,96,110,54,88,25,68,261,15.69,187.17,57.2,Foggy,Neutral,5.09,Normal
2026-03-01 12:11:00,Patherdi Phata,12,53,111,12,122,112,35,115,280,39.48,196.93,54.94,Overcast,Neutral,6.82,Normal
2026-03-03 03:03:00,Dwarka Circle,140,15,14,56,39,140,106,61,299,28.92,193.68,58.87,Overcast,Impatient,5.06,Normal
2026-03-28 05:41:00,Gangapur Road,98,66,101,25,40,39,121,124,360,34.12,226.69,59.61,Clear,Neutral,4.37,Normal
2026-03-14 12:39:00,Patherdi Phata,10,43,24,64,79,118,100,75,213,45.47,165.8,41.43,Foggy,Impatient,6.3,Normal
2026-03-08 23:42:00,Govind Nagar,43,85,118,123,113,76,103,84,377,34.05,246.42,86.5,Clear,Anxious,8.94,High
2026-03-30 10:11:00,Bytco Point,81,144,126,41,28,50,150,44,385,19.22,237.4,77.63,Overcast,Anxious,9.8,High
2026-03-26 19:17:00,Sinnar Phata,66,27,70,35,56,120,62,110,254,15.52,172.63,59.66,Rainy,Neutral,5.5,Normal
2026-03-24 09:49:00,Indira Nagar,91,20,89,67,38,104,14,11,232,30.69,166.83,37.82,Clear,Neutral,4.59,Normal
2026-03-07 02:07:00,Mhasrul,117,84,136,67,48,101,116,22,417,20.09,258.18,71.94,Foggy,Impatient,8.22,High
2026-03-18 07:31:00,Trimbak Naka,71,64,133,69,80,41,26,14,310,50.45,214.95,71.83,Rainy,Impatient,9.78,High
2026-03-04 10:24:00,Nashik Road,57,106,65,74,122,138,139,101,383,30.95,238.1,72.67,Overcast,Anxious,8.8,High
2026-03-02 07:40:00,Patherdi Phata,121,76,17,91,60,21,41,106,239,37.86,169.22,45.49,Foggy,Neutral,5.31,Normal
2026-03-16 18:41:00,Gangapur Road,27,120,105,56,77,119,94,113,303,53.9,200.72,51.06,Overcast,Neutral,5.82,Normal
2026-03-30 17:35:00,Indira Nagar,111,88,104,46,120,121,37,104,372,55.89,226.63,79.12,Clear,Anxious,9.09,High
2026-03-15 14:46:00,Nashik Road,96,77,65,67,12,116,58,119,231,46.68,167.53,41.41,Foggy,Impatient,6.26,Normal
2026-03-08 10:46:00,Mumbai Naka,141,135,139,143,25,135,18,79,323,25.45,216.13,63.16,Clear,Anxious,7.81,High
2026-03-04 02:30:00,Mhasrul,16,69,21,92,41,50,109,118,187,14.56,150.69,31.7,Overcast,Neutral,6.08,Normal
2026-03-24 09:36:00,CBS Circle,119,106,20,34,99,100,74,29,312,25.01,206.4,52.8,Rainy,Impatient,5.94,Normal
2026-03-24 13:22:00,Sinnar Phata,17,28,68,44,105,16,33,111,223,30.69,163.14,41.91,Rainy,Impatient,7.2,High
2026-03-16 02:25:00,Bytco Point,97,47,14,139,150,67,46,28,307,12.33,203.25,58.46,Rainy,Impatient,7.96,High
2026-03-29 20:08:00,Mhasrul,90,125,61,98,89,95,70,113,310,32.0,197.02,58.66,Clear,Impatient,4.59,Normal
2026-03-24 19:10:00,Deolali Camp,113,71,106,148,62,143,149,149,430,18.91,260.55,95.09,Foggy,Impatient,8.59,High
2026-03-15 14:29:00,Satpur MIDC,89,115,130,104,126,82,96,48,441,16.2,267.9,97.33,Overcast,Impatient,8.19,High
2026-03-05 02:26:00,Dwarka Circle,14,37,143,90,75,97,136,122,368,39.94,228.57,64.66,Rainy,Anxious,9.38,High
2026-03-11 15:45:00,Adgaon Naka,40,64,25,84,101,125,113,82,279,20.09,185.21,60.49,Clear,Impatient,8.97,High
2026-03-17 22:07:00,Mhasrul,97,20,30,75,43,149,62,107,232,45.29,168.8,45.08,Overcast,Impatient,6.82,Normal
2026-03-30 22:33:00,Dwarka Circle,60,100,98,22,47,132,92,48,297,35.29,189.39,71.09,Rainy,Frustrated,10.0,High
2026-03-05 01:14:00,Mhasrul,37,120,91,92,59,45,55,110,242,37.75,162.11,42.94,Overcast,Impatient,5.93,Normal
2026-03-03 00:15:00,Gangapur Road,87,63,108,33,109,23,119,147,423,27.9,256.16,74.7,Rainy,Impatient,9.9,High
2026-03-04 07:12:00,Mhasrul,111,80,124,92,43,139,118,17,396,34.66,253.13,67.01,Rainy,Anxious,10.0,High
2026-03-08 03:05:00,Dwarka Circle,87,75,98,37,87,61,51,11,323,14.81,203.29,52.18,Foggy,Neutral,4.85,Normal
2026-03-12 08:10:00,Panchavati,74,148,110,115,113,108,53,27,350,27.08,220.0,81.53,Clear,Frustrated,8.58,High
2026-03-21 23:27:00,College Road,35,46,46,85,30,143,22,120,133,54.48,115.93,24.0,Overcast,Neutral,1.65,Normal
2026-03-26 15:24:00,Bytco Point,132,127,25,14,21,27,120,12,298,35.19,207.41,55.2,Overcast,Neutral,5.64,Normal
2026-03-08 17:48:00,Ashok Stambh,130,129,123,77,135,93,10,36,398,24.3,253.58,72.07,Rainy,Impatient,10.0,High
2026-03-16 20:16:00,Rane Nagar,37,123,18,150,134,142,131,48,320,12.14,210.35,62.43,Foggy,Frustrated,8.18,High
2026-03-29 12:17:00,Bytco Point,32,109,59,84,62,19,93,47,246,43.23,177.28,39.54,Overcast,Neutral,5.18,Normal
2026-03-26 23:52:00,Panchavati,54,93,130,114,98,117,23,19,305,22.8,200.68,53.63,Clear,Neutral,6.56,Normal
2026-03-28 11:26:00,Deolali Camp,103,145,10,119,86,34,103,67,302,12.6,206.36,62.48,Foggy,Anxious,7.41,High
2026-03-06 19:00:00,Govind Nagar,27,85,81,72,119,115,105,20,332,40.71,212.1,70.98,Clear,Frustrated,9.36,High
2026-03-29 15:53:00,Panchavati,15,65,77,52,130,37,119,109,341,13.62,228.21,80.38,Rainy,Impatient,10.0,High
2026-03-18 09:23:00,Rane Nagar,62,69,87,66,147,93,22,78,318,56.29,200.07,64.37,Rainy,Anxious,10.0,High
2026-03-23 08:58:00,Makhmalabad,40,11,81,87,25,108,148,131,294,13.65,202.42,65.8,Foggy,Anxious,9.5,High
2026-03-02 18:21:00,Deolali Camp,42,95,77,45,25,112,62,60,206,52.96,148.46,42.08,Foggy,Neutral,5.14,Normal
2026-03-25 23:01:00,College Road,73,31,28,129,78,142,55,149,234,44.61,163.85,46.23,Overcast,Neutral,4.21,Normal
2026-03-13 00:03:00,Rane Nagar,115,95,136,57,62,20,132,39,445,37.04,268.66,91.27,Foggy,Frustrated,9.11,High
2026-03-13 18:55:00,CBS Circle,44,22,17,139,35,49,41,30,137,18.06,122.51,30.59,Clear,Neutral,5.53,Normal
2026-03-30 06:27:00,Indira Nagar,129,21,99,148,34,107,108,88,370,39.84,232.56,76.9,Clear,Impatient,9.41,High
2026-03-25 12:55:00,Deolali Camp,133,115,31,150,87,20,37,30,288,38.09,184.57,65.57,Overcast,Impatient,9.43,High
2026-03-27 16:21:00,College Road,97,50,35,97,140,58,23,127,295,32.45,194.93,54.07,Clear,Neutral,5.7,Normal
2026-03-20 09:27:00,Deolali Camp,50,22,124,64,105,23,76,12,355,38.81,232.22,70.54,Overcast,Anxious,8.88,High
2026-03-11 10:30:00,Rane Nagar,90,129,58,126,48,84,150,36,346,56.33,226.18,80.98,Overcast,Impatient,7.09,High
2026-03-29 01:21:00,Bytco Point,32,110,95,84,17,98,49,73,193,34.3,155.52,33.77,Foggy,Neutral,4.76,Normal
2026-03-17 20:25:00,Mumbai Naka,40,11,98,17,86,135,68,101,292,50.59,193.57,56.66,Rainy,Neutral,8.41,High
2026-03-20 15:45:00,Deolali Camp,23,71,26,101,109,97,111,78,269,24.37,174.61,46.78,Foggy,Neutral,6.4,Normal
2026-03-18 01:05:00,Satpur MIDC,74,145,43,118,112,86,46,102,275,47.07,184.5,62.29,Foggy,Frustrated,7.05,High
2026-03-07 12:32:00,Bytco Point,108,75,39,24,145,47,32,27,324,47.33,216.32,70.06,Overcast,Anxious,9.86,High
2026-03-16 15:23:00,Govind Nagar,133,117,113,56,62,28,125,121,433,29.73,265.43,93.06,Rainy,Impatient,10.0,High
2026-03-15 22:28:00,Gangapur Road,63,115,31,117,74,137,11,146,179,21.14,130.94,33.35,Rainy,Neutral,6.55,Normal
2026-03-12 22:32:00,Indira Nagar,119,137,82,93,91,121,13,41,305,17.53,198.42,72.13,Overcast,Anxious,8.96,High
2026-03-24 04:52:00,College Road,20,85,13,83,80,109,84,149,197,26.11,158.5,46.1,Overcast,Neutral,4.67,Normal
2026-03-19 04:44:00,Satpur MIDC,13,107,143,90,126,63,58,116,340,12.24,220.42,54.5,Foggy,Impatient,5.59,Normal
2026-03-12 22:11:00,Bytco Point,31,68,141,35,35,68,98,123,305,34.76,200.47,64.35,Overcast,Impatient,9.12,High
2026-03-16 21:21:00,Dwarka Circle,30,128,12,146,119,20,105,150,266,30.26,179.07,62.16,Overcast,Frustrated,9.61,High
2026-03-18 09:32:00,Trimbak Naka,32,83,87,42,54,61,89,76,262,38.71,178.07,55.46,Foggy,Impatient,6.55,Normal
2026-03-14 14:14:00,Gangapur Road,17,136,81,112,83,81,123,76,304,33.29,194.78,72.37,Clear,Frustrated,8.72,High
2026-03-27 17:37:00,Panchavati,16,103,77,131,70,120,75,96,238,15.63,170.96,49.52,Rainy,Neutral,7.1,High
2026-03-09 02:32:00,Mhasrul,34,19,91,99,115,96,138,65,378,44.38,235.55,78.94,Overcast,Frustrated,7.17,High
2026-03-01 09:51:00,Indira Nagar,113,11,26,105,58,60,17,22,214,13.37,158.94,35.16,Rainy,Neutral,8.19,High
2026-03-29 04:31:00,College Road,59,24,13,97,27,115,56,64,155,27.52,117.65,31.12,Clear,Neutral,6.37,Normal
2026-03-30 05:22:00,Panchavati,45,96,41,38,125,79,143,143,354,56.31,218.38,78.24,Foggy,Anxious,8.63,High
2026-03-08 05:51:00,CBS Circle,92,12,23,38,78,63,45,125,238,16.57,175.31,46.62,Rainy,Impatient,8.12,High
2026-03-02 23:46:00,College Road,22,58,52,74,131,109,86,54,291,39.45,205.42,56.47,Clear,Neutral,4.87,Normal
2026-03-04 01:33:00,Mhasrul,65,73,74,135,74,69,97,118,310,25.08,198.68,60.6,Foggy,Anxious,7.6,High
2026-03-23 07:11:00,Mumbai Naka,20,20,127,43,133,10,42,44,322,34.33,217.93,66.35,Foggy,Anxious,7.59,High
2026-03-08 21:11:00,Satpur MIDC,67,114,60,133,76,110,82,127,285,23.87,189.13,47.81,Overcast,Impatient,6.85,Normal
2026-03-20 08:54:00,College Road,49,126,23,61,109,69,50,96,231,16.56,173.81,38.11,Clear,Impatient,5.41,Normal
2026-03-25 12:31:00,Adgaon Naka,138,15,145,102,25,120,39,86,347,25.18,218.87,63.6,Overcast,Frustrated,8.37,High
2026-03-08 01:02:00,Mumbai Naka,67,149,31,73,51,146,26,66,175,31.77,146.19,40.96,Clear,Impatient,4.71,Normal
2026-03-14 10:48:00,Indira Nagar,146,120,47,119,36,55,70,21,299,47.99,203.12,64.14,Rainy,Anxious,9.61,High
2026-03-28 14:36:00,Adgaon Naka,29,63,14,79,147,51,25,16,215,52.81,152.08,45.01,Clear,Impatient,5.68,Normal
2026-03-24 22:47:00,Sinnar Phata,116,125,90,78,146,86,78,132,430,12.67,269.58,70.98,Clear,Impatient,8.15,High
2026-03-19 01:35:00,Makhmalabad,44,141,14,97,147,95,63,100,268,53.58,178.42,50.54,Overcast,Neutral,6.07,Normal
2026-03-04 07:58:00,Bytco Point,15,116,17,72,34,58,113,24,179,15.64,132.28,33.43,Clear,Neutral,4.76,Normal
2026-03-23 18:53:00,Mumbai Naka,98,47,26,11,47,142,126,149,297,29.84,189.98,62.2,Rainy,Frustrated,10.0,High
2026-03-20 12:45:00,Dwarka Circle,43,12,67,126,50,21,89,143,249,23.86,169.5,46.38,Clear,Impatient,5.07,Normal
2026-03-09 00:49:00,CBS Circle,150,59,32,14,104,97,106,103,392,34.09,245.65,93.81,Foggy,Frustrated,7.46,High
2026-03-08 14:21:00,Sinnar Phata,56,70,34,102,110,32,129,80,329,56.66,206.85,75.69,Overcast,Frustrated,8.41,High
2026-03-03 08:11:00,Adgaon Naka,81,21,76,119,73,110,25,115,255,28.09,175.94,43.93,Clear,Neutral,4.1,Normal
2026-03-28 16:12:00,Ashok Stambh,119,125,123,11,65,97,15,78,322,17.7,206.6,60.94,Foggy,Impatient,8.5,High
2026-03-05 07:52:00,Trimbak Naka,86,22,52,12,81,133,37,25,256,38.05,181.13,54.12,Rainy,Impatient,6.99,Normal
2026-03-23 09:08:00,Trimbak Naka,21,143,129,16,72,25,95,112,317,21.12,200.24,59.47,Rainy,Neutral,5.69,Normal
2026-03-21 04:42:00,Nashik Road,47,79,40,149,88,52,59,127,234,25.14,162.14,55.06,Overcast,Neutral,6.36,Normal
2026-03-30 16:59:00,Satpur MIDC,90,142,94,70,12,135,116,17,312,44.85,209.52,53.51,Overcast,Impatient,6.95,Normal
2026-03-04 01:13:00,Adgaon Naka,103,146,15,56,74,143,32,150,224,21.42,156.07,45.06,Foggy,Neutral,6.39,Normal
2026-03-06 00:10:00,Rane Nagar,105,98,20,129,79,55,68,111,272,28.32,177.38,45.31,Foggy,Neutral,4.42,Normal
2026-03-16 08:16:00,Bytco Point,10,69,16,90,79,23,52,73,157,44.69,123.04,37.39,Overcast,Neutral,4.21,Normal
2026-03-28 16:23:00,Gangapur Road,101,95,82,136,26,121,144,145,353,19.04,236.2,69.87,Clear,Frustrated,8.71,High
2026-03-14 07:37:00,College Road,48,103,20,122,62,41,112,64,242,55.94,180.0,56.15,Overcast,Impatient,5.79,Normal
2026-03-12 14:29:00,Sinnar Phata,42,30,52,63,81,143,104,132,279,24.39,196.9,54.16,Foggy,Neutral,5.71,Normal
2026-03-11 03:09:00,Patherdi Phata,13,142,134,139,20,12,60,112,227,39.58,154.73,51.06,Clear,Impatient,5.13,Normal
2026-03-23 09:38:00,Satpur MIDC,53,50,16,117,104,58,118,104,291,29.99,191.38,50.28,Overcast,Neutral,5.95,Normal
2026-03-30 09:21:00,Bytco Point,51,71,67,14,75,32,31,34,224,35.15,164.05,43.53,Rainy,Impatient,7.47,High
2026-03-09 17:45:00,Mumbai Naka,144,146,45,119,84,109,91,23,364,22.23,235.14,69.47,Overcast,Frustrated,9.64,High
2026-03-05 03:43:00,Trimbak Naka,104,26,40,127,81,91,116,32,341,43.15,220.14,54.62,Rainy,Impatient,7.69,High
2026-03-26 18:22:00,Trimbak Naka,21,57,32,105,46,78,29,18,128,27.64,122.76,23.14,Foggy,Neutral,1.11,Normal
2026-03-13 20:03:00,Mumbai Naka,30,83,112,23,68,78,51,110,261,51.64,174.5,43.7,Overcast,Impatient,5.31,Normal
2026-03-16 22:36:00,Makhmalabad,32,143,19,17,113,81,47,16,211,44.89,157.85,40.32,Foggy,Neutral,4.77,Normal
2026-03-08 22:28:00,Mhasrul,34,15,43,58,141,143,74,89,292,13.93,194.76,59.89,Rainy,Impatient,6.4,Normal
2026-03-26 18:31:00,Deolali Camp,14,130,92,65,148,81,104,148,358,52.24,226.15,65.63,Foggy,Frustrated,9.3,High
2026-03-04 13:10:00,Panchavati,128,121,18,20,75,136,109,57,330,51.93,224.54,66.42,Rainy,Frustrated,10.0,High
2026-03-20 13:10:00,College Road,99,40,37,41,118,103,92,58,346,39.29,231.24,64.35,Clear,Anxious,7.19,High
2026-03-28 21:25:00,Govind Nagar,13,107,43,90,12,44,60,38,128,37.83,115.45,23.37,Clear,Neutral,3.87,Normal
2026-03-30 14:34:00,Makhmalabad,123,117,10,81,108,110,50,110,291,25.49,198.75,58.08,Foggy,Impatient,4.99,Normal
2026-03-17 08:40:00,Makhmalabad,120,18,114,68,103,124,54,19,391,28.68,241.36,93.7,Rainy,Anxious,10.0,High
2026-03-23 13:11:00,Mumbai Naka,102,100,95,41,61,149,146,90,404,19.24,250.02,88.91,Foggy,Anxious,7.66,High
2026-03-16 09:59:00,Satpur MIDC,35,145,63,123,101,50,85,39,284,53.45,195.73,64.94,Overcast,Frustrated,9.51,High
2026-03-25 05:16:00,Nashik Road,113,26,138,30,54,108,146,138,451,28.21,270.34,75.66,Clear,Frustrated,7.9,High
2026-03-11 13:48:00,Rane Nagar,121,12,69,141,93,97,25,51,308,27.84,194.4,63.63,Foggy,Frustrated,7.93,High
2026-03-03 17:08:00,Trimbak Naka,116,100,59,140,99,36,106,30,380,41.84,233.46,64.8,Overcast,Impatient,9.47,High
2026-03-11 21:34:00,Mhasrul,121,34,68,80,11,149,64,70,264,21.05,191.44,51.35,Rainy,Neutral,8.35,High
2026-03-23 08:57:00,Indira Nagar,56,117,94,95,88,37,51,124,289,38.01,194.81,65.09,Clear,Impatient,7.55,High
2026-03-05 14:20:00,Nashik Road,78,97,109,69,60,38,54,104,301,31.08,207.87,55.18,Overcast,Impatient,5.85,Normal
2026-03-15 10:23:00,Nashik Road,24,112,63,78,121,51,33,110,241,29.03,175.27,42.22,Overcast,Impatient,4.75,Normal
2026-03-03 10:29:00,Deolali Camp,112,91,75,55,79,86,86,51,352,54.64,223.58,70.65,Foggy,Anxious,9.21,High
2026-03-19 01:47:00,Govind Nagar,57,98,77,122,98,70,73,52,305,32.3,193.79,64.45,Overcast,Impatient,7.95,High
2026-03-07 22:08:00,Makhmalabad,110,38,64,10,82,148,113,115,369,21.8,237.56,61.4,Clear,Anxious,9.0,High
2026-03-16 21:05:00,Bytco Point,56,105,50,77,27,60,101,65,234,50.61,170.82,44.2,Overcast,Neutral,5.66,Normal
2026-03-09 00:26:00,Bytco Point,27,108,143,114,79,72,87,60,336,43.06,216.27,62.57,Foggy,Frustrated,8.52,High
2026-03-01 10:32:00,Bytco Point,132,120,55,92,15,37,115,123,317,21.53,207.9,58.1,Rainy,Neutral,6.81,Normal
2026-03-05 00:13:00,Trimbak Naka,13,84,35,63,129,73,61,143,238,47.66,177.49,53.05,Clear,Impatient,5.57,Normal
2026-03-15 15:17:00,Sinnar Phata,120,116,16,77,104,36,83,124,323,29.31,204.66,60.48,Foggy,Anxious,7.17,High
2026-03-06 07:44:00,Dwarka Circle,53,17,65,12,60,86,54,14,232,51.82,175.47,50.21,Rainy,Neutral,8.32,High
2026-03-09 10:08:00,Rane Nagar,30,36,148,18,142,132,55,85,375,36.45,239.33,83.04,Foggy,Impatient,7.08,High
2026-03-27 21:22:00,Sinnar Phata,48,108,40,132,124,37,11,31,223,48.49,156.78,45.16,Clear,Impatient,5.51,Normal
2026-03-20 04:29:00,Mumbai Naka,149,49,56,40,138,127,87,32,430,24.86,255.18,96.13,Clear,Anxious,9.82,High
2026-03-10 02:54:00,College Road,53,145,31,89,20,47,72,46,176,47.06,139.11,31.56,Foggy,Impatient,6.28,Normal
2026-03-25 15:18:00,Dwarka Circle,98,21,47,17,33,33,117,98,295,37.62,195.78,57.47,Rainy,Impatient,8.47,High
2026-03-22 12:59:00,Gangapur Road,85,136,18,54,133,109,15,124,251,31.3,176.59,53.63,Foggy,Impatient,6.02,Normal
2026-03-02 15:06:00,Adgaon Naka,141,150,64,76,95,128,59,99,359,16.47,224.07,59.98,Overcast,Neutral,4.67,Normal
2026-03-14 13:45:00,College Road,111,59,53,23,59,117,97,117,320,37.5,201.0,71.05,Clear,Frustrated,8.66,High
2026-03-23 20:04:00,Dwarka Circle,99,37,76,44,134,72,52,108,361,33.9,229.88,83.34,Foggy,Frustrated,8.65,High
2026-03-13 20:11:00,Dwarka Circle,107,62,97,123,113,74,139,28,456,51.15,286.47,103.02,Rainy,Anxious,9.3,High
2026-03-05 18:42:00,College Road,96,75,86,64,108,11,143,127,433,33.63,267.31,89.75,Clear,Frustrated,8.24,High
2026-03-14 17:32:00,Indira Nagar,101,31,101,30,39,114,16,51,257,23.41,172.58,59.0,Foggy,Impatient,6.62,Normal
2026-03-24 12:42:00,Rane Nagar,98,76,20,34,131,70,25,105,274,31.74,185.12,52.98,Rainy,Impatient,7.84,High
2026-03-05 17:15:00,Patherdi Phata,74,38,122,147,144,143,33,131,373,44.5,240.4,89.11,Overcast,Frustrated,7.54,High
2026-03-25 20:01:00,Govind Nagar,59,14,142,133,84,149,92,13,377,12.64,234.91,66.09,Rainy,Anxious,8.91,High
2026-03-30 05:55:00,Gangapur Road,98,11,79,23,58,98,128,35,363,24.17,236.67,68.22,Overcast,Anxious,7.78,High
2026-03-21 12:39:00,Dwarka Circle,67,29,126,48,142,26,103,108,438,17.09,278.36,84.48,Rainy,Anxious,10.0,High
2026-03-21 00:44:00,Adgaon Naka,117,94,122,140,50,80,51,142,340,50.56,212.04,67.36,Rainy,Anxious,10.0,High
2026-03-05 21:29:00,Deolali Camp,126,107,24,140,102,68,113,57,365,38.43,234.17,69.59,Overcast,Anxious,8.93,High
2026-03-16 07:53:00,Rane Nagar,132,72,91,81,10,119,123,136,356,12.93,234.37,59.14,Overcast,Neutral,6.89,Normal
2026-03-08 20:33:00,Mumbai Naka,53,39,24,40,70,93,65,47,212,53.68,160.43,48.81,Overcast,Impatient,4.65,Normal
2026-03-27 08:10:00,Ashok Stambh,114,37,116,134,23,105,87,56,340,44.64,218.95,69.22,Foggy,Frustrated,8.44,High
2026-03-04 21:55:00,Bytco Point,33,51,31,44,89,44,40,89,193,56.89,150.63,45.89,Foggy,Neutral,4.81,Normal
2026-03-20 21:48:00,CBS Circle,63,18,89,50,103,26,114,86,369,41.08,226.43,87.03,Rainy,Anxious,10.0,High
2026-03-04 06:26:00,Govind Nagar,68,76,113,122,71,88,42,33,294,35.52,191.9,53.19,Foggy,Impatient,4.99,Normal
2026-03-11 14:10:00,Rane Nagar,127,149,141,67,127,14,71,73,466,20.04,288.11,81.12,Rainy,Anxious,10.0,High
2026-03-03 15:12:00,Deolali Camp,108,107,100,72,84,143,100,13,392,34.75,247.23,84.4,Overcast,Anxious,8.55,High
2026-03-18 23:00:00,College Road,62,132,70,28,48,135,134,76,314,16.53,200.42,50.38,Rainy,Neutral,5.95,Normal
2026-03-08 05:54:00,Sinnar Phata,135,79,129,127,127,139,22,82,413,33.91,254.17,85.93,Clear,Anxious,8.78,High
2026-03-29 01:39:00,CBS Circle,76,103,128,78,54,135,125,88,383,41.04,233.15,80.57,Overcast,Frustrated,8.77,High
2026-03-24 23:51:00,Indira Nagar,71,137,100,120,125,29,112,124,408,25.75,252.74,91.49,Foggy,Anxious,8.28,High
2026-03-24 03:32:00,Nashik Road,137,38,148,113,33,115,15,19,333,22.71,216.89,70.25,Clear,Impatient,8.92,High
2026-03-12 19:14:00,Nashik Road,22,99,26,55,134,46,135,61,317,17.79,203.13,63.27,Clear,Anxious,9.92,High
2026-03-29 02:40:00,Indira Nagar,55,117,117,75,55,147,125,32,352,45.48,230.4,79.42,Foggy,Anxious,9.04,High
2026-03-06 03:18:00,Rane Nagar,50,48,74,18,111,101,84,135,319,18.37,201.63,55.43,Rainy,Impatient,7.79,High
2026-03-01 08:05:00,Trimbak Naka,141,144,94,33,99,67,95,109,429,27.69,264.52,95.53,Overcast,Frustrated,9.78,High
2026-03-11 22:39:00,Satpur MIDC,30,142,97,52,141,100,114,58,382,36.55,239.59,72.89,Overcast,Anxious,9.77,High
2026-03-12 16:35:00,Mumbai Naka,140,101,109,109,118,67,99,66,466,50.91,287.23,97.49,Overcast,Impatient,7.32,High
2026-03-15 22:28:00,Indira Nagar,40,43,126,67,101,98,14,113,281,56.98,187.83,66.62,Rainy,Anxious,8.64,High
2026-03-20 14:57:00,Sinnar Phata,43,143,131,31,122,43,20,60,316,29.11,208.56,71.67,Foggy,Frustrated,8.14,High
2026-03-08 14:13:00,Dwarka Circle,111,131,137,126,59,28,129,84,436,19.62,260.27,74.62,Overcast,Anxious,8.32,High
2026-03-10 14:34:00,Gangapur Road,136,146,24,144,139,38,50,115,349,15.1,231.88,79.14,Foggy,Anxious,7.6,High
2026-03-09 20:08:00,Dwarka Circle,21,93,41,34,146,37,38,66,246,34.38,172.71,57.76,Foggy,Neutral,6.03,Normal
2026-03-19 04:20:00,Panchavati,51,72,47,36,109,94,53,145,260,18.14,184.85,60.46,Rainy,Frustrated,10.0,High
2026-03-14 19:30:00,Patherdi Phata,98,30,51,105,69,128,108,102,326,21.39,205.0,62.72,Foggy,Frustrated,8.54,High
2026-03-04 00:56:00,Rane Nagar,141,98,91,21,126,91,137,136,495,44.55,297.57,105.07,Overcast,Frustrated,9.24,High
2026-03-30 12:33:00,Makhmalabad,42,42,118,82,94,131,68,118,322,56.12,205.68,58.73,Foggy,Impatient,4.71,Normal
2026-03-04 16:46:00,Satpur MIDC,20,61,18,150,91,119,83,17,212,19.21,161.52,34.43,Clear,Neutral,4.17,Normal
2026-03-26 04:05:00,Govind Nagar,62,123,109,58,126,52,148,97,445,18.94,272.03,76.85,Foggy,Frustrated,9.48,High
2026-03-16 16:07:00,Mumbai Naka,76,99,73,147,91,141,127,64,367,50.29,230.64,84.34,Clear,Anxious,7.96,High
2026-03-11 22:44:00,Nashik Road,136,48,24,43,90,143,35,27,285,37.87,190.89,54.51,Clear,Neutral,4.75,Normal
2026-03-03 02:17:00,Ashok Stambh,107,98,34,131,43,20,97,16,281,43.65,193.13,65.36,Clear,Anxious,9.66,High
2026-03-04 06:22:00,Panchavati,40,60,105,120,82,12,34,133,261,47.47,187.35,52.87,Clear,Neutral,6.72,Normal
2026-03-03 03:00:00,Ashok Stambh,72,138,24,50,69,149,101,48,266,36.11,190.81,51.19,Overcast,Neutral,5.54,Normal
2026-03-24 21:14:00,Rane Nagar,103,116,46,94,45,52,28,34,222,28.03,162.75,44.56,Foggy,Impatient,6.04,Normal
2026-03-30 22:02:00,CBS Circle,69,74,14,18,103,103,78,34,264,16.43,172.99,45.48,Clear,Neutral,5.64,Normal
2026-03-06 21:30:00,Ashok Stambh,95,79,62,34,101,43,23,130,281,50.03,187.56,57.82,Foggy,Impatient,4.11,Normal
2026-03-18 15:22:00,College Road,26,68,142,89,124,117,24,133,316,19.73,217.65,61.78,Clear,Anxious,9.91,High
2026-03-05 13:48:00,Makhmalabad,12,26,143,99,74,122,109,64,338,49.19,211.15,57.84,Rainy,Neutral,7.88,High
2026-03-27 22:48:00,Govind Nagar,50,138,89,87,102,113,92,150,333,21.26,224.7,64.01,Clear,Anxious,8.01,High
2026-03-09 23:13:00,Sinnar Phata,62,63,38,35,111,79,53,94,264,37.67,174.45,57.62,Rainy,Neutral,6.16,Normal
2026-03-14 06:51:00,Rane Nagar,107,133,62,113,108,15,133,61,410,26.38,250.01,94.84,Clear,Frustrated,8.53,High
2026-03-06 20:50:00,Adgaon Naka,67,105,122,110,132,52,97,30,418,34.61,258.68,89.75,Overcast,Frustrated,8.31,High
2026-03-08 01:45:00,Govind Nagar,134,48,71,150,150,55,30,34,385,27.49,243.64,72.89,Overcast,Impatient,9.38,High
2026-03-07 11:47:00,Deolali Camp,141,88,112,125,128,149,85,83,466,41.67,282.72,106.51,Rainy,Anxious,9.21,High
2026-03-02 10:28:00,Patherdi Phata,61,93,12,132,134,89,62,49,269,39.04,178.78,57.23,Rainy,Neutral,6.27,Normal
2026-03-25 08:23:00,Panchavati,58,67,33,68,23,57,39,141,153,43.79,136.12,31.22,Overcast,Impatient,5.16,Normal
2026-03-02 23:17:00,Indira Nagar,37,13,10,28,35,38,142,100,224,30.55,155.26,43.86,Foggy,Neutral,5.71,Normal
2026-03-16 15:46:00,Deolali Camp,135,110,51,113,60,89,132,132,378,47.56,243.31,83.7,Clear,Impatient,8.63,High
2026-03-20 13:08:00,Makhmalabad,77,149,118,128,100,23,89,108,384,39.95,241.67,90.99,Clear,Anxious,8.55,High
2026-03-29 15:01:00,Indira Nagar,74,22,95,71,38,58,37,147,244,50.22,172.21,49.68,Foggy,Impatient,5.52,Normal
2026-03-22 12:00:00,Rane Nagar,42,110,74,98,19,37,61,90,196,36.79,149.64,42.85,Rainy,Neutral,6.66,Normal
2026-03-03 05:36:00,Adgaon Naka,55,122,99,94,128,75,15,148,297,37.51,195.94,48.33,Rainy,Neutral,7.99,High
2026-03-11 19:53:00,Nashik Road,27,81,94,28,14,84,138,57,273,29.73,180.06,62.56,Foggy,Frustrated,9.12,High
2026-03-03 06:55:00,Ashok Stambh,24,27,66,127,84,86,37,15,211,52.28,162.92,37.77,Clear,Neutral,6.35,Normal
2026-03-21 19:38:00,Patherdi Phata,119,69,15,122,119,132,42,17,295,31.14,202.14,62.74,Clear,Anxious,8.71,High
2026-03-26 00:20:00,Bytco Point,41,97,29,36,150,98,127,69,347,16.05,224.47,57.56,Overcast,Impatient,5.6,Normal
2026-03-20 17:12:00,Makhmalabad,12,19,108,132,66,100,36,20,222,13.65,167.55,38.41,Rainy,Neutral,5.83,Normal
2026-03-20 09:29:00,Patherdi Phata,130,35,120,15,87,84,71,98,408,20.6,247.02,68.59,Rainy,Frustrated,9.18,High
2026-03-27 09:45:00,Dwarka Circle,141,59,125,62,22,112,24,12,312,31.03,214.12,61.4,Clear,Frustrated,9.33,High
2026-03-26 16:29:00,Makhmalabad,142,141,98,138,61,43,14,74,315,23.9,213.3,71.37,Foggy,Impatient,7.45,High
2026-03-27 07:21:00,Adgaon Naka,94,139,10,134,104,123,118,145,326,45.69,212.48,76.17,Rainy,Anxious,9.83,High
2026-03-24 20:01:00,Makhmalabad,102,45,75,102,141,129,111,145,429,54.02,258.12,100.1,Overcast,Frustrated,8.62,High
2026-03-29 08:15:00,Makhmalabad,32,59,82,51,83,62,85,103,282,32.07,190.89,66.98,Rainy,Anxious,10.0,High
2026-03-03 01:00:00,College Road,72,37,33,105,31,96,32,27,168,48.23,142.0,27.92,Foggy,Satisfied,3.02,Normal
2026-03-01 10:59:00,Dwarka Circle,132,98,37,19,13,117,136,92,318,29.03,204.26,63.44,Clear,Frustrated,8.67,High
2026-03-04 22:47:00,Satpur MIDC,69,35,62,22,39,103,123,81,293,51.58,195.97,70.07,Rainy,Anxious,8.95,High
2026-03-02 07:16:00,Gangapur Road,92,139,119,71,129,89,22,119,362,24.46,233.22,71.86,Rainy,Frustrated,9.11,High
2026-03-03 12:17:00,Deolali Camp,104,41,118,41,10,138,10,26,242,33.07,175.73,48.78,Foggy,Impatient,4.79,Normal
2026-03-12 00:05:00,Deolali Camp,23,107,108,79,115,111,79,41,325,34.12,207.15,56.26,Clear,Impatient,5.54,Normal
2026-03-14 17:17:00,Ashok Stambh,52,94,126,98,22,26,150,52,350,26.66,219.14,59.85,Rainy,Neutral,5.68,Normal
2026-03-11 07:13:00,Patherdi Phata,45,23,143,81,49,122,35,43,272,21.13,180.11,49.61,Overcast,Neutral,5.75,Normal
2026-03-28 06:31:00,Panchavati,56,105,149,62,70,52,23,92,298,12.93,195.78,61.59,Rainy,Impatient,10.0,High
2026-03-05 22:25:00,Deolali Camp,85,150,123,22,123,53,129,22,460,46.79,283.24,109.46,Foggy,Anxious,9.42,High
2026-03-01 13:50:00,Rane Nagar,118,62,124,20,141,17,113,29,496,14.21,297.19,114.77,Overcast,Anxious,7.51,High
2026-03-01 18:36:00,Bytco Point,88,49,57,61,48,98,91,38,284,15.15,196.21,46.48,Overcast,Impatient,6.34,Normal
2026-03-26 07:52:00,Ashok Stambh,142,106,150,71,140,11,115,146,547,52.9,321.73,130.99,Foggy,Anxious,7.4,High
2026-03-23 16:28:00,Indira Nagar,24,105,119,104,137,132,19,39,299,43.08,204.5,71.74,Overcast,Impatient,9.03,High
2026-03-17 05:51:00,Trimbak Naka,71,96,130,49,130,28,40,38,371,11.47,238.45,83.06,Foggy,Anxious,9.71,High
2026-03-21 10:23:00,Bytco Point,35,139,78,17,89,62,148,62,350,33.54,234.11,74.65,Rainy,Frustrated,10.0,High
2026-03-03 06:58:00,Ashok Stambh,126,109,115,105,51,100,29,14,321,23.51,217.0,70.55,Rainy,Impatient,9.42,High
2026-03-24 04:19:00,Sinnar Phata,144,141,145,60,19,91,68,82,376,32.07,246.95,79.85,Overcast,Frustrated,9.55,High
2026-03-04 07:41:00,Panchavati,133,119,50,120,114,86,64,15,361,43.26,237.51,79.92,Overcast,Impatient,9.53,High
2026-03-22 06:00:00,Rane Nagar,120,124,55,100,47,119,59,142,281,30.28,191.7,45.37,Overcast,Impatient,6.83,Normal
2026-03-03 12:00:00,College Road,86,32,16,112,134,126,110,96,346,46.98,216.09,82.04,Overcast,Impatient,8.92,High
2026-03-06 09:26:00,Trimbak Naka,69,13,26,13,88,28,13,17,196,53.75,140.67,34.54,Rainy,Impatient,7.62,High
2026-03-09 18:32:00,Sinnar Phata,36,101,43,106,51,84,149,77,279,18.07,194.64,48.47,Foggy,Neutral,6.15,Normal
2026-03-11 00:11:00,Deolali Camp,55,131,91,56,120,127,31,91,297,29.31,202.04,57.65,Rainy,Neutral,8.05,High
2026-03-08 14:15:00,Nashik Road,142,132,85,75,94,90,150,111,471,34.14,286.37,89.44,Foggy,Frustrated,7.72,High
2026-03-09 10:13:00,Satpur MIDC,20,137,119,122,65,90,70,63,274,16.14,193.4,46.56,Rainy,Neutral,6.17,Normal
2026-03-02 21:41:00,Panchavati,31,106,150,132,110,48,72,93,363,18.44,222.47,71.58,Overcast,Impatient,7.16,High
2026-03-28 18:54:00,Panchavati,20,13,97,147,65,93,40,89,222,29.91,161.77,41.72,Foggy,Impatient,4.66,Normal
2026-03-05 07:46:00,Dwarka Circle,38,81,31,20,57,33,16,105,142,30.78,112.58,29.51,Foggy,Satisfied,2.84,Normal
2026-03-01 16:38:00,Makhmalabad,62,21,16,148,130,83,76,144,284,52.29,200.67,52.95,Overcast,Impatient,4.06,Normal
2026-03-20 13:04:00,Deolali Camp,138,11,116,23,12,112,110,30,376,15.07,236.81,62.25,Overcast,Impatient,9.45,High
2026-03-19 04:14:00,Mhasrul,103,123,84,33,23,56,50,122,260,21.61,174.99,45.74,Clear,Neutral,4.8,Normal
2026-03-05 21:30:00,Adgaon Naka,86,106,113,117,80,84,84,103,363,29.96,233.74,72.23,Clear,Anxious,9.6,High
2026-03-11 00:09:00,Deolali Camp,15,146,84,91,62,117,44,145,205,33.48,162.44,35.14,Overcast,Impatient,6.07,Normal
2026-03-14 06:25:00,Ashok Stambh,81,46,16,147,48,88,82,107,227,51.73,159.12,51.19,Clear,Neutral,6.79,Normal
2026-03-13 00:24:00,Mumbai Naka,41,56,70,77,148,14,147,17,406,54.96,258.11,82.26,Overcast,Impatient,9.84,High
2026-03-24 16:13:00,Sinnar Phata,102,111,143,43,57,140,38,135,340,29.18,227.78,73.37,Rainy,Anxious,9.6,High
2026-03-07 17:30:00,Nashik Road,138,119,78,38,106,101,12,89,334,29.22,214.38,75.03,Rainy,Impatient,10.0,High
2026-03-17 18:40:00,Trimbak Naka,125,25,120,10,107,102,20,137,372,26.01,230.23,74.06,Foggy,Impatient,7.26,High
2026-03-06 10:08:00,Dwarka Circle,117,83,50,98,128,62,96,91,391,25.9,240.17,77.39,Overcast,Impatient,8.72,High
2026-03-10 23:38:00,Deolali Camp,53,69,124,19,59,126,32,112,268,31.57,179.23,58.03,Rainy,Impatient,6.32,Normal
2026-03-01 16:02:00,Mhasrul,54,41,58,14,88,141,32,137,232,42.02,163.14,54.23,Overcast,Impatient,4.03,Normal
2026-03-28 22:06:00,Mhasrul,93,125,112,131,115,117,134,36,454,44.83,272.44,83.39,Rainy,Frustrated,9.33,High
2026-03-29 02:22:00,Trimbak Naka,99,144,102,104,117,150,113,72,431,22.58,274.35,84.4,Foggy,Anxious,7.22,High
2026-03-14 07:27:00,Govind Nagar,38,13,60,25,39,17,131,102,268,32.5,181.96,43.91,Clear,Neutral,6.13,Normal
2026-03-03 12:35:00,Satpur MIDC,122,104,105,94,38,90,128,19,393,40.72,246.77,86.68,Overcast,Frustrated,8.07,High
2026-03-01 22:24:00,Adgaon Naka,60,99,34,23,20,144,34,106,148,28.07,121.28,24.92,Foggy,Satisfied,1.83,Normal
2026-03-06 06:57:00,Ashok Stambh,71,41,13,53,105,16,112,141,301,13.69,198.33,62.51,Overcast,Impatient,7.87,High
2026-03-24 09:41:00,Nashik Road,64,13,114,75,49,40,37,137,264,43.61,179.22,43.43,Overcast,Neutral,6.7,Normal
2026-03-23 06:50:00,Deolali Camp,134,144,60,30,53,78,130,74,377,49.71,230.45,63.39,Rainy,Anxious,8.91,High
2026-03-29 14:02:00,Satpur MIDC,121,27,75,34,34,31,133,140,363,45.15,232.45,65.02,Clear,Impatient,8.41,High
2026-03-20 09:15:00,College Road,77,54,44,59,137,57,49,82,307,55.57,199.71,61.65,Clear,Impatient,8.54,High
2026-03-02 03:58:00,Trimbak Naka,36,54,77,29,73,115,103,14,289,18.29,192.14,48.32,Rainy,Neutral,6.75,Normal
2026-03-17 21:06:00,Trimbak Naka,10,77,99,113,122,117,69,123,300,40.57,201.1,67.04,Clear,Anxious,8.55,High
2026-03-20 07:02:00,Trimbak Naka,101,81,93,26,108,146,29,140,331,47.96,222.87,69.76,Clear,Anxious,7.57,High
2026-03-14 14:43:00,Panchavati,14,74,61,48,128,138,139,74,342,14.48,228.29,60.33,Overcast,Anxious,9.25,High
2026-03-21 02:01:00,Deolali Camp,101,87,24,144,114,54,73,76,312,38.67,199.44,66.93,Rainy,Frustrated,10.0,High
2026-03-07 14:15:00,Govind Nagar,14,109,141,40,118,141,66,140,339,54.21,213.67,71.36,Clear,Impatient,8.85,High
2026-03-10 17:52:00,Nashik Road,27,23,78,92,142,52,114,31,361,45.73,227.19,82.21,Overcast,Frustrated,7.35,High
2026-03-09 07:52:00,Rane Nagar,24,33,122,25,17,16,99,113,262,51.89,188.98,47.04,Clear,Impatient,4.44,Normal
2026-03-06 03:34:00,Rane Nagar,71,24,59,70,53,68,49,147,232,46.95,173.12,41.71,Overcast,Impatient,6.24,Normal
2026-03-13 20:47:00,Nashik Road,29,78,37,21,55,81,35,108,156,19.99,131.13,35.1,Rainy,Neutral,6.49,Normal
2026-03-30 11:42:00,Mhasrul,117,15,113,18,36,113,76,50,342,19.1,214.53,67.24,Rainy,Impatient,10.0,High
2026-03-14 21:14:00,Govind Nagar,25,137,53,150,88,107,27,20,193,48.4,151.73,36.66,Overcast,Neutral,6.8,Normal
2026-03-20 22:22:00,Sinnar Phata,90,94,130,75,19,111,11,44,250,41.04,178.41,48.52,Clear,Impatient,5.74,Normal
2026-03-29 15:50:00,Satpur MIDC,17,55,81,47,44,50,30,137,172,50.14,133.05,35.83,Rainy,Impatient,7.11,High
2026-03-05 10:20:00,Sinnar Phata,51,138,95,65,131,10,99,35,376,30.79,234.12,63.08,Overcast,Impatient,7.85,High
2026-03-01 21:40:00,Makhmalabad,59,85,74,18,20,32,144,60,297,43.35,197.12,54.19,Rainy,Impatient,8.25,High
2026-03-15 04:32:00,Panchavati,77,103,21,62,76,101,149,84,323,42.19,215.28,52.61,Foggy,Impatient,5.24,Normal
2026-03-02 22:15:00,Makhmalabad,111,49,54,59,77,101,73,75,315,13.6,203.77,50.96,Foggy,Neutral,4.39,Normal
2026-03-08 03:13:00,Mumbai Naka,62,139,84,111,136,130,70,138,352,26.27,235.71,80.84,Overcast,Frustrated,9.87,High
2026-03-23 06:25:00,Rane Nagar,41,64,110,13,108,37,85,109,344,47.5,219.69,71.51,Foggy,Anxious,8.81,High
2026-03-12 10:21:00,Rane Nagar,46,20,76,11,61,118,22,120,205,27.2,159.34,34.86,Clear,Neutral,5.03,Normal
2026-03-23 12:12:00,Ashok Stambh,133,62,117,82,131,39,101,91,482,21.18,300.68,79.46,Rainy,Frustrated,9.25,High
2026-03-15 14:09:00,Gangapur Road,39,83,68,44,63,118,108,75,278,49.92,192.19,54.23,Overcast,Impatient,6.45,Normal
2026-03-13 02:55:00,Trimbak Naka,63,58,93,103,31,98,130,35,317,29.19,200.95,56.26,Rainy,Neutral,6.49,Normal
2026-03-08 16:30:00,Adgaon Naka,43,18,83,29,54,90,99,109,279,30.19,191.13,64.15,Overcast,Anxious,8.88,High
2026-03-07 10:35:00,Rane Nagar,48,29,23,110,135,121,46,95,252,18.19,167.55,49.82,Foggy,Neutral,4.11,Normal
2026-03-22 20:49:00,Ashok Stambh,117,117,118,135,69,139,30,150,334,37.35,216.36,68.92,Foggy,Impatient,8.74,High
2026-03-21 10:06:00,Rane Nagar,16,85,38,82,120,23,62,136,236,20.09,174.85,52.34,Overcast,Impatient,6.98,Normal
2026-03-16 07:34:00,CBS Circle,64,104,19,10,119,77,88,32,290,45.07,192.04,64.82,Overcast,Frustrated,7.93,High
2026-03-07 23:11:00,Makhmalabad,48,77,120,131,107,143,11,108,286,33.28,184.41,54.32,Clear,Neutral,6.98,Normal
2026-03-23 06:52:00,Makhmalabad,150,62,144,135,77,86,22,140,393,13.79,252.64,78.22,Clear,Anxious,8.37,High
2026-03-14 06:35:00,Nashik Road,91,71,137,110,146,34,37,110,411,30.4,261.8,71.24,Foggy,Impatient,8.67,High
2026-03-08 12:11:00,Satpur MIDC,98,20,49,100,138,79,25,97,310,38.98,213.38,71.26,Rainy,Frustrated,9.66,High
2026-03-27 02:10:00,College Road,35,116,128,86,105,12,109,136,377,17.57,246.14,60.37,Overcast,Impatient,8.36,High
2026-03-07 23:52:00,Sinnar Phata,111,76,95,95,116,95,89,16,411,45.58,248.52,72.97,Foggy,Impatient,7.96,High
2026-03-12 11:55:00,Sinnar Phata,28,13,47,22,87,83,43,54,205,51.85,156.03,45.2,Clear,Impatient,5.74,Normal
2026-03-27 03:20:00,Indira Nagar,149,145,59,143,147,72,94,79,449,38.4,276.57,96.91,Foggy,Impatient,9.54,High
2026-03-14 09:54:00,Satpur MIDC,102,85,116,88,86,85,118,73,422,52.44,261.62,96.44,Foggy,Anxious,9.17,High
2026-03-06 13:28:00,Satpur MIDC,17,41,123,70,39,112,48,90,227,45.64,156.08,36.75,Rainy,Impatient,5.78,Normal
2026-03-04 00:40:00,Nashik Road,52,137,56,143,49,33,54,37,211,15.88,150.17,34.87,Rainy,Neutral,5.76,Normal
2026-03-16 02:44:00,Nashik Road,64,67,94,105,112,146,19,19,289,16.76,187.01,67.86,Rainy,Frustrated,9.12,High
2026-03-16 03:11:00,Adgaon Naka,134,135,74,31,107,69,69,98,384,53.24,235.49,76.54,Foggy,Frustrated,7.14,High
2026-03-29 14:48:00,Mhasrul,45,102,31,34,53,50,29,140,158,21.53,128.64,34.75,Rainy,Impatient,7.55,High
2026-03-03 14:13:00,Ashok Stambh,75,35,99,139,97,47,132,13,403,44.45,248.92,85.93,Foggy,Anxious,9.72,High
2026-03-28 10:08:00,Mhasrul,109,62,23,127,102,145,23,100,257,54.4,182.79,58.15,Foggy,Impatient,5.3,Normal
2026-03-20 00:04:00,CBS Circle,21,93,65,140,71,97,39,133,196,22.86,155.5,46.54,Clear,Neutral,4.98,Normal
2026-03-25 22:16:00,Rane Nagar,102,133,95,104,105,63,114,137,416,36.53,257.53,89.65,Clear,Frustrated,9.17,High
2026-03-08 01:46:00,Gangapur Road,138,71,90,120,20,80,86,33,334,52.94,223.72,57.24,Rainy,Impatient,7.85,High
2026-03-30 07:25:00,Nashik Road,60,75,21,26,65,149,117,147,263,31.31,172.77,47.13,Foggy,Impatient,4.72,Normal
2026-03-02 08:18:00,Sinnar Phata,138,15,52,132,50,29,16,98,256,55.72,176.04,42.47,Foggy,Impatient,6.0,Normal
2026-03-22 10:55:00,Deolali Camp,39,75,149,18,55,41,34,124,277,47.73,186.03,57.12,Foggy,Impatient,5.18,Normal
2026-03-28 07:07:00,Govind Nagar,47,22,61,126,69,18,93,130,270,15.59,176.95,53.19,Clear,Impatient,4.44,Normal
2026-03-23 01:42:00,Gangapur Road,114,129,86,107,27,150,135,103,362,53.22,231.47,65.31,Clear,Anxious,9.74,High
2026-03-26 00:46:00,Makhmalabad,67,80,14,136,90,110,141,80,312,52.29,202.93,68.14,Rainy,Frustrated,9.43,High
2026-03-13 10:27:00,Trimbak Naka,10,84,65,113,122,52,100,144,297,14.65,198.06,52.45,Rainy,Impatient,5.9,Normal
2026-03-05 23:26:00,CBS Circle,72,58,135,130,38,28,122,72,367,55.95,226.51,67.31,Clear,Impatient,7.15,High
2026-03-29 09:18:00,Patherdi Phata,71,104,62,52,64,145,124,137,321,15.45,212.48,66.61,Foggy,Frustrated,8.25,High
2026-03-09 00:08:00,Sinnar Phata,41,82,38,15,104,81,70,122,253,34.33,183.61,56.86,Rainy,Neutral,7.49,High
2026-03-18 13:15:00,CBS Circle,44,34,96,127,116,115,65,142,321,53.53,215.78,51.53,Overcast,Impatient,5.7,Normal
2026-03-18 18:24:00,College Road,112,18,15,91,84,134,141,43,352,31.41,230.99,76.36,Foggy,Frustrated,8.94,High
2026-03-05 03:29:00,Ashok Stambh,120,100,112,131,96,12,115,125,443,29.06,273.29,77.37,Overcast,Frustrated,9.54,High
2026-03-09 13:55:00,Panchavati,17,107,138,134,66,114,146,99,367,23.51,227.4,70.32,Clear,Frustrated,8.89,High
2026-03-11 13:45:00,Govind Nagar,73,140,141,62,11,94,143,40,368,43.72,239.61,60.47,Clear,Anxious,7.41,High
2026-03-04 21:35:00,Govind Nagar,35,135,50,32,91,85,137,82,313,19.92,208.16,54.29,Rainy,Impatient,7.04,High
2026-03-07 14:17:00,Govind Nagar,35,99,81,118,37,74,99,13,252,30.8,169.44,57.02,Overcast,Neutral,5.97,Normal
2026-03-04 02:58:00,Mhasrul,14,46,104,113,109,116,110,19,337,35.49,213.17,74.43,Rainy,Impatient,10.0,High
2026-03-17 00:24:00,CBS Circle,94,10,117,131,79,108,61,149,351,54.75,230.98,81.17,Rainy,Impatient,9.79,High
2026-03-11 16:46:00,Sinnar Phata,125,34,130,73,94,92,63,149,412,35.41,257.44,72.3,Foggy,Frustrated,7.27,High
2026-03-26 04:24:00,Satpur MIDC,33,112,124,48,18,35,47,24,222,55.79,162.19,37.08,Clear,Impatient,4.82,Normal
2026-03-06 22:42:00,Rane Nagar,90,39,25,26,105,138,10,130,230,46.88,168.57,52.54,Overcast,Impatient,5.7,Normal
2026-03-11 12:22:00,Adgaon Naka,81,48,26,33,32,91,65,110,204,34.09,153.93,46.34,Clear,Neutral,4.72,Normal
2026-03-04 08:22:00,Makhmalabad,66,115,140,19,87,135,86,128,379,39.56,242.34,72.83,Foggy,Anxious,7.85,High
2026-03-14 15:51:00,Panchavati,116,117,12,45,78,145,53,113,259,14.01,179.36,60.12,Rainy,Frustrated,10.0,High
2026-03-11 18:16:00,CBS Circle,111,60,74,139,25,132,121,62,331,26.01,222.43,57.48,Rainy,Neutral,7.21,High
2026-03-22 01:43:00,Rane Nagar,92,29,138,90,97,35,146,50,473,23.13,296.07,100.75,Rainy,Anxious,10.0,High
2026-03-02 13:24:00,Ashok Stambh,132,70,38,108,121,20,87,127,378,24.3,247.22,79.33,Foggy,Impatient,8.34,High
2026-03-18 06:08:00,Mumbai Naka,143,87,104,26,16,78,40,21,303,28.42,210.52,48.56,Foggy,Impatient,5.87,Normal
2026-03-21 17:11:00,Bytco Point,24,74,96,147,89,55,129,134,338,21.91,219.22,76.48,Foggy,Frustrated,7.15,High
2026-03-15 10:52:00,Mumbai Naka,61,92,115,122,84,59,129,81,389,36.77,235.99,62.77,Overcast,Impatient,8.95,High
2026-03-06 16:50:00,Panchavati,124,50,63,29,99,76,106,146,392,18.68,250.88,76.03,Rainy,Frustrated,9.11,High
2026-03-19 14:01:00,Trimbak Naka,15,79,34,77,110,44,65,112,224,40.58,162.83,48.46,Overcast,Impatient,4.78,Normal
2026-03-22 00:05:00,College Road,25,50,47,113,52,85,47,147,171,33.64,132.19,35.18,Overcast,Neutral,5.81,Normal
2026-03-26 15:33:00,CBS Circle,69,54,138,137,138,59,113,55,458,40.83,276.97,85.27,Clear,Impatient,9.22,High
2026-03-05 03:19:00,Mhasrul,118,130,64,149,27,124,69,111,278,16.38,196.9,50.21,Clear,Impatient,5.56,Normal
2026-03-18 21:54:00,CBS Circle,103,43,73,106,16,79,58,141,250,49.99,181.81,46.62,Rainy,Neutral,5.92,Normal
2026-03-28 05:53:00,Panchavati,89,26,74,80,35,98,137,144,335,21.79,217.07,55.81,Overcast,Impatient,5.82,Normal
2026-03-25 03:32:00,Panchavati,149,119,51,139,81,69,68,23,349,18.53,234.23,81.92,Rainy,Impatient,10.0,High
2026-03-12 07:36:00,Govind Nagar,134,100,63,72,53,97,86,74,336,26.34,213.87,74.17,Clear,Anxious,8.98,High
2026-03-19 20:44:00,Indira Nagar,34,17,118,107,29,60,113,133,294,14.27,191.33,55.77,Rainy,Impatient,7.2,High
2026-03-16 08:04:00,Mumbai Naka,147,108,122,34,55,68,45,121,369,50.98,227.55,65.98,Clear,Frustrated,7.91,High
2026-03-30 04:13:00,Indira Nagar,61,65,150,47,107,32,56,53,374,41.35,242.78,69.95,Foggy,Impatient,7.89,High
2026-03-24 13:41:00,Nashik Road,59,68,11,35,20,89,55,96,145,15.69,122.04,34.06,Rainy,Impatient,8.28,High
2026-03-24 10:12:00,Sinnar Phata,121,57,68,60,34,51,13,37,236,16.03,170.1,37.91,Foggy,Neutral,5.65,Normal
2026-03-07 10:27:00,Patherdi Phata,71,119,43,103,134,82,82,80,330,33.47,205.15,73.41,Rainy,Frustrated,8.88,High
2026-03-20 15:44:00,Trimbak Naka,40,32,87,85,150,80,95,57,372,16.97,245.05,78.15,Rainy,Anxious,10.0,High
2026-03-15 17:25:00,Mumbai Naka,10,84,150,45,94,93,21,13,275,48.97,180.99,62.36,Overcast,Frustrated,7.19,High
2026-03-27 02:42:00,Trimbak Naka,57,88,115,29,148,150,43,46,363,44.69,241.17,76.17,Overcast,Anxious,9.84,High
2026-03-29 21:54:00,Sinnar Phata,128,100,131,83,11,95,20,86,290,43.34,187.27,49.67,Clear,Impatient,5.4,Normal
2026-03-10 11:28:00,Mumbai Naka,147,16,71,123,113,12,143,122,474,15.15,294.45,101.67,Clear,Frustrated,8.09,High
2026-03-02 13:46:00,Nashik Road,62,132,136,70,74,149,17,50,289,49.77,191.09,55.27,Rainy,Impatient,7.56,High
2026-03-06 05:22:00,Rane Nagar,95,136,118,64,86,38,44,32,343,22.84,224.17,78.5,Rainy,Impatient,10.0,High
2026-03-12 15:06:00,Rane Nagar,32,44,145,115,120,60,19,47,316,23.44,215.88,52.76,Clear,Neutral,4.29,Normal
2026-03-05 22:20:00,Mumbai Naka,85,53,108,122,102,113,37,55,332,12.65,225.88,65.59,Rainy,Anxious,9.97,High
2026-03-28 21:45:00,Satpur MIDC,131,48,44,142,46,59,17,12,238,16.7,159.71,44.42,Foggy,Neutral,4.54,Normal
2026-03-15 13:48:00,College Road,60,40,140,73,57,134,34,56,291,48.81,193.14,47.63,Foggy,Neutral,6.56,Normal
2026-03-08 07:39:00,Makhmalabad,59,118,143,77,149,66,41,107,392,30.58,252.35,79.9,Clear,Impatient,9.1,High
2026-03-21 23:00:00,Rane Nagar,113,108,23,55,100,23,106,21,342,56.03,215.45,77.22,Clear,Anxious,9.6,High
2026-03-04 10:22:00,Indira Nagar,119,141,105,13,131,84,19,52,374,33.62,239.47,78.29,Foggy,Impatient,9.49,High
2026-03-26 16:38:00,College Road,10,59,121,78,35,36,118,83,284,55.48,182.78,54.23,Clear,Neutral,4.23,Normal
2026-03-12 12:09:00,Makhmalabad,132,124,94,42,74,83,108,31,408,25.76,245.61,82.84,Rainy,Anxious,9.83,High
2026-03-19 02:14:00,Rane Nagar,42,83,87,117,13,140,81,83,223,31.11,155.1,51.51,Clear,Impatient,4.03,Normal
2026-03-24 13:54:00,Adgaon Naka,87,53,124,42,146,81,29,73,386,29.54,249.16,76.0,Rainy,Anxious,10.0,High
2026-03-18 06:54:00,Bytco Point,81,103,129,97,22,105,81,123,313,12.1,203.03,70.41,Rainy,Impatient,10.0,High
2026-03-21 18:11:00,Bytco Point,111,34,57,32,48,24,78,52,294,30.95,203.21,60.37,Foggy,Anxious,7.02,High
2026-03-17 11:07:00,Makhmalabad,137,24,21,40,133,121,72,136,363,17.39,230.53,66.59,Clear,Impatient,8.1,High
2026-03-07 07:05:00,Sinnar Phata,42,80,62,99,94,135,113,107,311,38.61,212.05,74.58,Overcast,Impatient,7.3,High
2026-03-30 11:18:00,Panchavati,13,29,79,65,143,26,51,102,286,14.82,184.88,58.36,Clear,Impatient,4.58,Normal
2026-03-02 09:08:00,CBS Circle,45,49,135,149,49,66,62,87,291,42.41,192.11,51.87,Foggy,Neutral,4.25,Normal
2026-03-24 03:39:00,Mhasrul,30,41,44,14,71,75,69,128,214,39.07,150.11,46.29,Rainy,Impatient,6.71,Normal
2026-03-06 20:28:00,Panchavati,87,115,63,94,27,126,108,99,285,49.49,182.61,55.89,Foggy,Neutral,6.48,Normal
2026-03-08 20:08:00,Gangapur Road,144,130,90,142,10,74,97,33,341,48.82,225.48,75.07,Clear,Impatient,8.79,High
2026-03-26 05:18:00,Trimbak Naka,108,49,53,29,24,82,25,61,210,35.09,152.67,39.82,Foggy,Neutral,5.75,Normal
2026-03-23 17:43:00,Sinnar Phata,21,149,29,109,17,110,97,84,164,29.41,127.76,29.92,Overcast,Neutral,3.29,Normal
2026-03-18 18:58:00,Gangapur Road,52,77,129,95,99,76,115,57,395,30.85,253.48,69.22,Clear,Anxious,7.06,High
2026-03-19 01:26:00,Adgaon Naka,74,110,146,98,143,10,64,52,427,17.47,259.16,71.86,Clear,Frustrated,9.32,High
2026-03-13 22:39:00,College Road,47,84,75,85,139,71,16,15,277,12.46,186.9,44.34,Rainy,Impatient,6.15,Normal
2026-03-01 14:53:00,Nashik Road,110,77,18,130,118,43,12,97,258,17.89,183.18,41.61,Foggy,Impatient,4.78,Normal
2026-03-17 10:45:00,CBS Circle,29,111,62,113,98,25,97,66,286,15.88,189.23,63.83,Clear,Frustrated,9.7,High
2026-03-29 05:49:00,Ashok Stambh,132,95,129,97,84,82,46,85,391,40.28,252.55,87.49,Clear,Anxious,7.05,High
2026-03-10 01:07:00,Bytco Point,134,85,64,53,26,82,135,85,359,45.7,220.98,75.59,Foggy,Impatient,7.47,High
2026-03-08 06:11:00,Deolali Camp,146,96,18,52,124,58,51,60,339,38.92,223.27,59.12,Clear,Impatient,4.24,Normal
2026-03-04 07:55:00,Adgaon Naka,90,26,21,31,145,106,46,95,302,16.41,209.46,51.86,Clear,Neutral,4.66,Normal
2026-03-08 09:24:00,Rane Nagar,51,120,23,34,89,115,62,120,225,41.79,162.2,46.19,Rainy,Impatient,6.17,Normal
2026-03-17 17:13:00,Patherdi Phata,127,124,15,128,107,11,44,25,293,19.96,201.69,54.81,Rainy,Neutral,7.3,High
2026-03-02 23:46:00,Nashik Road,66,94,33,19,58,142,78,49,235,39.89,158.29,55.75,Foggy,Neutral,4.97,Normal
2026-03-03 20:02:00,Panchavati,80,62,51,77,129,71,127,112,387,43.41,234.96,89.44,Rainy,Impatient,10.0,High
2026-03-21 18:45:00,Adgaon Naka,59,90,13,137,146,87,58,85,276,56.11,197.67,54.61,Clear,Neutral,4.69,Normal
2026-03-21 16:30:00,Ashok Stambh,48,99,109,15,49,19,126,130,332,27.64,224.82,64.06,Rainy,Frustrated,10.0,High
2026-03-16 18:38:00,Makhmalabad,57,34,150,42,146,105,40,131,393,45.14,237.84,71.87,Clear,Frustrated,9.01,High
2026-03-06 15:21:00,Patherdi Phata,78,125,107,42,49,37,147,79,381,39.62,237.22,85.87,Foggy,Anxious,8.83,High
2026-03-03 22:32:00,Makhmalabad,138,110,27,63,29,55,21,39,215,15.28,161.43,35.89,Foggy,Impatient,5.61,Normal
2026-03-16 18:44:00,CBS Circle,110,108,25,19,12,125,91,13,238,50.52,171.55,55.2,Clear,Impatient,5.39,Normal
2026-03-13 14:47:00,Bytco Point,150,40,11,113,36,135,24,91,221,42.94,159.23,45.4,Foggy,Neutral,4.07,Normal
2026-03-02 13:29:00,Adgaon Naka,76,115,37,11,78,115,68,133,259,20.11,188.34,49.69,Foggy,Impatient,4.85,Normal
2026-03-25 18:26:00,Gangapur Road,84,37,129,115,49,142,90,31,352,45.39,222.46,69.63,Rainy,Anxious,10.0,High
2026-03-12 12:29:00,Gangapur Road,68,72,86,95,43,31,46,50,243,17.08,181.08,43.02,Clear,Neutral,5.25,Normal
2026-03-06 13:54:00,Bytco Point,47,115,104,14,93,112,14,60,258,51.94,177.92,58.35,Foggy,Impatient,5.7,Normal
2026-03-21 06:25:00,Deolali Camp,66,142,87,102,36,101,24,21,213,55.78,152.92,41.45,Foggy,Impatient,4.39,Normal
2026-03-17 19:55:00,Rane Nagar,43,120,29,30,136,137,26,54,234,28.78,161.24,53.28,Clear,Impatient,4.98,Normal
2026-03-05 14:06:00,Mumbai Naka,48,11,78,141,104,38,148,70,378,35.86,246.83,80.22,Foggy,Anxious,7.84,High
2026-03-24 14:53:00,Bytco Point,100,135,23,142,143,88,46,95,312,23.27,211.28,59.0,Overcast,Neutral,5.11,Normal
2026-03-30 10:51:00,CBS Circle,72,95,24,89,14,78,42,53,152,53.97,133.75,30.15,Foggy,Neutral,6.76,Normal
2026-03-10 21:11:00,Govind Nagar,43,25,141,100,140,123,46,10,370,16.35,238.31,82.28,Foggy,Impatient,7.12,High
2026-03-05 14:04:00,Deolali Camp,115,42,17,49,103,69,62,94,297,28.58,197.85,58.2,Rainy,Impatient,6.4,Normal
2026-03-19 14:07:00,Rane Nagar,51,43,39,15,100,118,97,129,287,39.25,200.75,56.23,Clear,Impatient,5.46,Normal
2026-03-11 13:27:00,Bytco Point,149,36,129,134,17,125,14,148,309,36.36,201.09,69.45,Rainy,Impatient,9.1,High
2026-03-10 16:15:00,College Road,132,64,35,15,98,101,65,93,330,15.1,213.57,57.71,Rainy,Neutral,6.53,Normal
2026-03-14 07:48:00,Sinnar Phata,149,52,111,114,47,133,84,50,391,40.73,238.85,63.98,Foggy,Anxious,7.32,High
2026-03-12 10:07:00,Mumbai Naka,104,149,35,135,90,77,133,76,362,22.41,222.6,82.99,Rainy,Anxious,9.0,High
2026-03-07 09:45:00,Makhmalabad,124,20,134,147,56,111,77,72,391,19.05,252.71,77.49,Clear,Anxious,9.84,High
2026-03-16 10:47:00,Sinnar Phata,61,22,147,63,53,89,39,101,300,27.72,197.15,60.09,Rainy,Anxious,10.0,High
2026-03-11 01:25:00,Mumbai Naka,31,85,105,99,140,144,120,132,396,49.63,238.3,85.8,Rainy,Frustrated,9.29,High
2026-03-13 20:00:00,CBS Circle,98,64,63,107,100,37,78,45,339,29.83,213.2,76.2,Rainy,Frustrated,8.85,High
2026-03-11 00:44:00,Govind Nagar,74,92,30,30,109,48,23,105,236,18.91,170.39,47.22,Clear,Neutral,6.78,Normal
2026-03-10 22:29:00,Nashik Road,26,71,12,85,81,57,15,55,134,22.27,125.15,24.52,Overcast,Neutral,3.13,Normal
2026-03-03 13:31:00,Trimbak Naka,48,134,51,146,80,80,125,85,304,45.78,211.01,49.42,Overcast,Impatient,6.78,Normal
2026-03-08 21:09:00,Bytco Point,95,109,64,13,12,60,46,39,217,20.33,154.46,44.52,Rainy,Neutral,6.43,Normal
2026-03-04 16:07:00,Indira Nagar,81,118,42,128,150,97,26,96,299,27.14,200.81,64.47,Overcast,Anxious,7.84,High
2026-03-01 13:02:00,Mhasrul,88,77,27,98,14,23,140,67,269,53.18,184.06,52.75,Foggy,Impatient,4.24,Normal
2026-03-16 10:32:00,Makhmalabad,125,62,114,37,98,112,130,134,467,34.51,288.5,76.25,Rainy,Anxious,9.54,High
2026-03-29 07:24:00,Satpur MIDC,28,127,128,63,50,108,110,68,316,40.15,215.49,53.42,Overcast,Neutral,5.88,Normal
2026-03-29 23:48:00,Deolali Camp,36,144,45,131,37,113,72,130,190,50.05,138.07,31.77,Clear,Neutral,5.07,Normal
2026-03-29 10:04:00,Indira Nagar,65,76,52,150,66,51,97,132,280,46.87,189.19,63.5,Foggy,Impatient,8.52,High
2026-03-09 09:50:00,Govind Nagar,36,70,28,18,59,37,44,132,167,51.47,141.07,30.39,Rainy,Neutral,5.57,Normal
2026-03-29 19:36:00,Dwarka Circle,148,115,121,110,67,106,134,28,470,24.62,279.28,88.86,Clear,Anxious,9.06,High
2026-03-26 22:11:00,Patherdi Phata,29,111,119,122,83,41,90,149,321,14.62,202.47,68.32,Clear,Anxious,8.37,High
2026-03-27 16:05:00,Deolali Camp,100,49,11,13,109,119,129,68,349,25.5,218.62,61.45,Foggy,Frustrated,9.7,High
2026-03-03 17:40:00,Adgaon Naka,70,134,10,113,88,54,122,143,290,14.28,203.64,68.0,Clear,Frustrated,8.03,High
2026-03-01 18:33:00,Dwarka Circle,53,47,31,46,96,39,69,148,249,27.46,170.82,49.91,Rainy,Neutral,8.19,High
2026-03-17 07:45:00,Mumbai Naka,127,144,29,92,60,137,103,137,319,53.07,208.39,54.48,Overcast,Neutral,6.13,Normal
2026-03-16 09:13:00,Nashik Road,114,80,113,19,119,16,134,73,480,11.86,293.94,107.8,Overcast,Impatient,7.46,High
2026-03-18 03:52:00,Govind Nagar,92,111,125,93,147,120,146,68,510,24.28,296.43,82.99,Overcast,Impatient,7.43,High
2026-03-23 09:46:00,Govind Nagar,54,28,10,73,135,85,75,39,274,51.36,193.8,53.81,Rainy,Impatient,6.51,Normal
2026-03-25 05:37:00,Patherdi Phata,39,141,118,64,92,10,82,130,331,31.63,221.16,57.83,Rainy,Neutral,8.29,High
2026-03-17 17:55:00,Dwarka Circle,92,29,109,100,28,46,108,141,337,47.98,212.08,64.78,Rainy,Frustrated,9.61,High
2026-03-07 20:03:00,Gangapur Road,109,29,35,31,97,136,109,127,350,24.16,230.25,73.84,Clear,Impatient,8.79,High
2026-03-22 12:56:00,Sinnar Phata,46,54,76,85,148,82,20,50,290,36.8,195.0,62.56,Foggy,Anxious,9.3,High
2026-03-06 04:03:00,Mhasrul,78,58,135,22,124,85,87,108,424,22.47,264.26,78.36,Overcast,Impatient,8.15,High
2026-03-16 21:33:00,Nashik Road,77,62,98,108,113,95,113,82,401,32.78,241.43,76.62,Clear,Frustrated,9.14,High
2026-03-19 13:09:00,Indira Nagar,16,122,48,122,17,137,127,131,208,19.75,154.81,38.03,Clear,Neutral,6.98,Normal
2026-03-14 21:52:00,Makhmalabad,37,37,109,16,19,56,101,130,266,14.8,176.67,59.47,Clear,Impatient,6.73,Normal
2026-03-20 00:54:00,Ashok Stambh,116,145,125,107,138,13,16,67,395,32.17,251.28,84.65,Foggy,Anxious,9.02,High
2026-03-10 17:06:00,Deolali Camp,15,55,58,110,44,43,115,52,232,32.88,166.4,53.64,Foggy,Neutral,6.92,Normal
2026-03-01 05:34:00,Rane Nagar,33,17,70,83,95,133,141,62,339,51.39,222.61,66.12,Clear,Impatient,7.4,High
2026-03-01 06:45:00,Rane Nagar,106,141,14,150,133,91,41,52,294,53.47,199.09,65.6,Foggy,Anxious,7.21,High
2026-03-18 01:36:00,Ashok Stambh,135,74,56,73,83,127,117,88,391,24.66,254.9,93.14,Clear,Anxious,9.88,High
2026-03-14 18:30:00,Trimbak Naka,26,106,18,104,34,85,129,119,207,25.27,149.13,48.53,Overcast,Neutral,6.57,Normal
2026-03-21 20:12:00,Gangapur Road,80,100,84,97,34,145,89,64,287,49.72,186.77,46.57,Clear,Impatient,5.57,Normal
2026-03-05 07:41:00,Sinnar Phata,78,74,145,84,26,121,55,142,304,15.83,192.69,59.84,Rainy,Impatient,6.5,Normal
2026-03-28 20:56:00,Satpur MIDC,18,19,109,23,98,56,111,92,336,42.79,223.35,65.6,Clear,Frustrated,9.29,High
2026-03-29 05:56:00,Mhasrul,112,20,73,142,89,39,22,111,296,45.06,199.76,60.34,Foggy,Anxious,8.76,High
2026-03-02 02:27:00,Mumbai Naka,50,84,23,51,75,45,11,71,159,18.29,126.07,31.56,Overcast,Neutral,6.06,Normal
2026-03-02 19:30:00,Adgaon Naka,41,13,72,123,39,75,125,130,277,56.44,188.6,55.24,Foggy,Impatient,6.85,Normal
2026-03-12 09:05:00,Mumbai Naka,79,131,103,32,127,133,77,63,386,28.07,236.63,80.58,Clear,Impatient,9.84,High
2026-03-22 11:14:00,Rane Nagar,37,135,113,118,26,66,139,55,315,15.51,198.84,52.7,Foggy,Neutral,5.1,Normal
2026-03-30 03:13:00,Satpur MIDC,140,49,114,111,76,113,10,119,340,19.4,212.74,75.23,Clear,Anxious,7.14,High
2026-03-14 15:13:00,Sinnar Phata,98,56,19,35,125,44,126,149,368,27.76,235.34,69.89,Rainy,Frustrated,10.0,High
2026-03-19 14:58:00,Satpur MIDC,11,94,42,141,72,103,19,37,144,47.12,129.54,32.77,Clear,Neutral,6.89,Normal
2026-03-16 06:35:00,Trimbak Naka,144,138,84,110,134,40,130,66,492,11.76,288.8,95.58,Rainy,Anxious,10.0,High
2026-03-19 13:11:00,Indira Nagar,127,140,132,52,127,144,83,95,469,20.92,282.59,94.4,Foggy,Impatient,9.19,High
2026-03-13 17:03:00,Patherdi Phata,72,132,10,70,40,51,37,115,159,16.76,129.69,36.25,Clear,Impatient,6.04,Normal
2026-03-02 15:50:00,Gangapur Road,57,32,50,70,43,73,96,128,246,51.16,178.04,45.38,Clear,Impatient,6.85,Normal
2026-03-01 00:39:00,Indira Nagar,81,134,111,124,11,126,16,103,219,42.57,153.77,39.03,Overcast,Neutral,5.86,Normal
2026-03-08 01:27:00,Govind Nagar,35,104,28,15,34,22,129,42,226,48.28,172.12,46.59,Rainy,Impatient,6.6,Normal
2026-03-21 18:38:00,Patherdi Phata,29,51,48,101,83,74,112,91,272,39.83,186.72,47.49,Rainy,Neutral,5.99,Normal
2026-03-28 20:56:00,Gangapur Road,139,148,130,11,105,42,71,139,445,39.8,274.37,79.14,Foggy,Anxious,7.25,High
2026-03-25 07:47:00,Ashok Stambh,144,69,30,122,68,18,67,136,309,44.21,206.55,73.69,Clear,Frustrated,7.17,High
2026-03-27 07:52:00,Panchavati,48,27,40,149,93,90,62,146,243,22.02,173.03,43.85,Overcast,Impatient,6.22,Normal
2026-03-02 00:39:00,Patherdi Phata,65,76,89,49,108,20,88,85,350,50.05,231.91,79.29,Clear,Impatient,9.38,High
2026-03-23 12:21:00,Rane Nagar,59,118,133,89,61,14,30,83,283,12.36,198.12,54.91,Rainy,Impatient,5.78,Normal
2026-03-05 13:46:00,Deolali Camp,113,12,36,103,72,20,76,17,297,25.26,200.15,65.24,Foggy,Frustrated,8.2,High
2026-03-30 08:28:00,Adgaon Naka,87,46,20,137,71,93,14,128,192,38.9,146.76,39.63,Overcast,Neutral,4.74,Normal
2026-03-27 17:49:00,Dwarka Circle,79,122,71,127,10,72,27,102,187,38.24,151.58,34.87,Foggy,Neutral,6.58,Normal
2026-03-20 19:24:00,Mumbai Naka,23,48,113,19,25,131,52,148,213,35.19,149.68,36.54,Clear,Impatient,4.26,Normal
2026-03-18 19:42:00,Indira Nagar,92,59,109,72,27,78,46,54,274,38.43,192.52,51.8,Overcast,Impatient,6.27,Normal
2026-03-30 19:18:00,Gangapur Road,131,36,102,133,141,46,101,18,475,20.49,294.65,106.41,Rainy,Anxious,10.0,High
2026-03-26 18:57:00,Panchavati,86,105,142,130,97,74,108,149,433,20.03,268.76,89.83,Clear,Impatient,7.55,High
2026-03-20 07:46:00,College Road,91,24,50,91,74,81,12,16,227,40.74,171.98,50.52,Rainy,Impatient,6.93,Normal
2026-03-20 10:56:00,Ashok Stambh,10,43,127,145,116,100,58,41,311,42.34,206.4,61.25,Clear,Impatient,8.92,High
2026-03-30 11:08:00,Bytco Point,120,68,67,143,139,35,32,76,358,21.77,228.41,80.76,Foggy,Anxious,9.89,High
2026-03-15 18:02:00,Indira Nagar,101,92,133,14,47,36,76,91,357,34.46,221.8,62.04,Rainy,Frustrated,10.0,High
2026-03-06 10:43:00,Makhmalabad,10,142,47,92,44,94,145,118,246,48.5,174.48,39.54,Clear,Impatient,4.81,Normal
2026-03-20 01:12:00,Gangapur Road,139,124,108,138,130,59,107,67,484,48.7,282.4,93.53,Clear,Frustrated,7.95,High
2026-03-03 07:57:00,Ashok Stambh,143,18,23,64,122,116,69,126,357,40.18,225.57,78.75,Overcast,Impatient,9.9,High
2026-03-16 02:46:00,Mumbai Naka,29,76,62,136,125,85,111,51,327,34.55,210.3,53.1,Foggy,Neutral,4.36,Normal
2026-03-30 17:41:00,Gangapur Road,111,10,21,99,143,150,81,128,356,29.44,227.19,67.3,Overcast,Frustrated,9.6,High
2026-03-07 12:50:00,Ashok Stambh,98,136,92,13,111,92,120,119,421,46.29,261.16,74.68,Rainy,Impatient,9.45,High
2026-03-20 02:23:00,Nashik Road,37,137,37,41,36,53,71,134,181,47.11,144.38,42.9,Rainy,Neutral,7.72,High
2026-03-09 10:32:00,Ashok Stambh,17,18,136,120,60,138,13,56,226,40.51,170.81,44.13,Rainy,Impatient,7.64,High
2026-03-15 02:56:00,Rane Nagar,86,141,53,96,127,118,129,111,395,38.71,254.56,70.95,Foggy,Frustrated,8.8,High
2026-03-26 08:53:00,Mumbai Naka,126,101,117,134,127,111,55,78,425,13.06,265.97,86.31,Clear,Anxious,7.72,High
2026-03-10 11:35:00,Govind Nagar,124,40,35,38,48,100,103,28,310,38.05,209.76,69.44,Foggy,Anxious,7.03,High
2026-03-24 11:20:00,Indira Nagar,78,132,29,85,16,23,118,113,241,51.99,174.83,44.22,Clear,Impatient,6.08,Normal
2026-03-06 14:22:00,Adgaon Naka,103,104,14,79,69,21,89,125,275,31.01,187.14,63.43,Rainy,Anxious,10.0,High
2026-03-19 17:48:00,Gangapur Road,58,10,33,47,56,68,121,108,268,40.21,192.57,56.18,Clear,Impatient,5.54,Normal
2026-03-17 08:11:00,Trimbak Naka,23,116,43,66,134,33,105,65,305,55.27,197.46,61.3,Clear,Impatient,9.9,High
2026-03-02 13:39:00,Mhasrul,31,136,56,65,31,132,102,109,220,47.94,151.29,47.65,Rainy,Impatient,6.1,Normal
2026-03-30 10:06:00,Sinnar Phata,58,141,66,15,36,141,77,134,237,26.82,171.45,56.52,Overcast,Impatient,4.53,Normal
2026-03-03 21:45:00,CBS Circle,81,134,28,137,100,46,149,92,358,31.02,229.85,62.88,Foggy,Frustrated,8.9,High
2026-03-04 02:25:00,Trimbak Naka,80,74,116,37,71,39,127,122,394,30.78,246.68,67.09,Rainy,Anxious,10.0,High
2026-03-05 01:22:00,Dwarka Circle,117,63,131,144,112,100,48,20,408,32.35,261.22,78.47,Clear,Anxious,9.42,High
2026-03-20 14:42:00,Mumbai Naka,64,95,16,68,120,36,128,112,328,14.37,206.71,61.4,Foggy,Impatient,7.8,High
2026-03-03 08:07:00,College Road,32,140,134,123,72,59,82,47,320,50.69,219.22,53.52,Overcast,Impatient,5.01,Normal
2026-03-22 00:37:00,Sinnar Phata,143,43,123,120,120,96,100,68,486,42.16,285.49,87.81,Foggy,Anxious,8.21,High
2026-03-11 18:06:00,Rane Nagar,140,99,144,61,41,32,75,133,400,33.68,244.73,80.62,Foggy,Frustrated,8.1,High
2026-03-07 08:02:00,Trimbak Naka,41,75,120,97,91,39,62,118,314,45.67,213.44,63.3,Rainy,Impatient,10.0,High
2026-03-22 15:12:00,Makhmalabad,23,71,23,135,99,126,28,115,173,35.49,136.64,39.55,Foggy,Impatient,5.52,Normal
2026-03-16 05:39:00,Deolali Camp,113,40,128,134,11,39,91,88,343,52.26,228.02,69.11,Clear,Impatient,9.82,High
2026-03-25 20:03:00,Sinnar Phata,98,109,29,82,23,147,113,97,263,29.51,183.08,57.75,Clear,Impatient,6.87,Normal
2026-03-28 12:37:00,Gangapur Road,17,69,130,69,48,29,125,105,320,15.12,202.3,73.25,Foggy,Frustrated,7.35,High
2026-03-27 16:28:00,College Road,22,133,27,134,138,48,27,31,214,13.3,149.11,50.94,Rainy,Impatient,7.52,High
2026-03-06 07:18:00,Bytco Point,35,75,79,123,124,148,117,98,355,51.84,223.01,59.46,Clear,Impatient,6.89,Normal
2026-03-13 20:49:00,Patherdi Phata,12,47,36,70,30,18,106,103,184,46.63,151.97,38.56,Overcast,Neutral,4.75,Normal
2026-03-13 15:23:00,Dwarka Circle,89,118,52,128,61,15,60,88,262,37.19,188.36,56.01,Foggy,Impatient,6.2,Normal
2026-03-01 00:48:00,Makhmalabad,41,45,83,45,38,118,68,76,230,39.58,161.03,52.66,Clear,Impatient,4.45,Normal
2026-03-13 18:25:00,Dwarka Circle,97,30,82,148,100,146,28,90,307,17.16,204.76,55.91,Foggy,Impatient,6.08,Normal
2026-03-22 16:32:00,Ashok Stambh,64,26,150,45,63,113,11,116,288,13.47,193.51,65.36,Clear,Impatient,9.36,High
2026-03-18 01:26:00,Trimbak Naka,143,138,131,81,41,50,37,88,352,12.52,220.85,73.31,Rainy,Frustrated,10.0,High
2026-03-04 15:23:00,Panchavati,27,37,40,110,115,66,56,95,238,47.29,163.54,56.89,Clear,Impatient,5.43,Normal
2026-03-21 14:33:00,College Road,98,109,62,121,41,81,133,103,334,54.19,210.64,65.92,Clear,Anxious,7.79,High
2026-03-14 17:58:00,CBS Circle,126,51,114,113,66,89,87,128,393,17.58,243.61,66.91,Foggy,Anxious,9.24,High
2026-03-09 01:36:00,Govind Nagar,119,82,16,128,127,115,81,69,343,14.34,220.58,75.38,Rainy,Impatient,10.0,High
2026-03-07 10:05:00,Govind Nagar,121,125,16,88,53,146,82,37,272,31.12,179.63,59.75,Overcast,Impatient,5.97,Normal
2026-03-21 10:00:00,Mhasrul,88,21,81,111,121,88,53,13,343,45.96,217.13,76.46,Rainy,Frustrated,9.62,High
2026-03-23 12:40:00,Gangapur Road,108,147,60,147,112,44,98,72,378,25.22,236.63,85.77,Foggy,Impatient,7.86,High
2026-03-11 07:35:00,Ashok Stambh,82,69,80,51,143,98,51,102,356,51.74,222.61,59.98,Rainy,Impatient,7.91,High
2026-03-08 04:07:00,Bytco Point,65,10,148,131,133,84,37,51,383,46.85,247.09,84.75,Overcast,Impatient,9.21,High
2026-03-26 16:11:00,Mhasrul,45,141,64,105,63,117,94,11,266,46.03,185.29,55.61,Clear,Neutral,4.22,Normal
2026-03-07 13:00:00,Satpur MIDC,114,130,120,94,112,90,57,136,403,33.55,251.0,74.52,Foggy,Frustrated,7.92,High
2026-03-14 02:25:00,Mumbai Naka,86,27,23,45,108,19,29,122,246,15.92,172.28,57.24,Overcast,Neutral,5.69,Normal
2026-03-01 16:28:00,Makhmalabad,66,119,39,70,53,85,42,65,200,55.65,159.26,36.47,Rainy,Impatient,7.82,High
2026-03-07 13:02:00,Deolali Camp,148,78,41,95,87,79,104,127,380,27.28,246.02,62.86,Clear,Impatient,8.94,High
2026-03-11 10:01:00,Trimbak Naka,77,38,73,50,31,75,52,74,233,26.03,171.81,53.39,Overcast,Neutral,4.56,Normal
2026-03-13 09:25:00,Deolali Camp,24,51,48,95,118,68,30,83,220,44.04,154.96,52.77,Overcast,Impatient,5.56,Normal
2026-03-10 02:19:00,Rane Nagar,131,12,146,113,108,57,19,26,404,31.89,243.64,93.63,Overcast,Anxious,9.44,High
2026-03-10 18:59:00,Deolali Camp,126,132,51,34,58,30,146,64,381,53.85,233.75,89.6,Foggy,Anxious,7.48,High
2026-03-07 00:06:00,Patherdi Phata,150,80,50,48,69,80,72,52,341,50.54,225.1,55.33,Overcast,Impatient,6.67,Normal
2026-03-16 18:45:00,Indira Nagar,88,132,128,84,133,112,100,120,449,10.65,272.35,78.47,Foggy,Anxious,8.47,High
2026-03-07 01:33:00,Trimbak Naka,99,43,82,23,26,86,11,58,218,56.56,157.4,44.81,Rainy,Impatient,8.16,High
2026-03-21 09:26:00,Patherdi Phata,79,121,28,143,93,132,52,114,252,56.8,172.64,52.95,Foggy,Impatient,5.51,Normal
2026-03-16 08:39:00,Makhmalabad,29,138,142,116,31,127,47,53,249,37.59,170.83,49.81,Clear,Impatient,5.64,Normal
2026-03-24 05:32:00,Mumbai Naka,127,39,21,75,70,126,129,61,347,51.28,225.42,77.88,Foggy,Frustrated,7.27,High
2026-03-23 05:27:00,CBS Circle,145,112,37,12,67,32,84,140,333,30.65,226.01,61.87,Clear,Impatient,7.85,High
2026-03-23 01:40:00,Gangapur Road,120,142,142,58,99,37,24,111,385,20.36,242.48,89.76,Rainy,Impatient,9.31,High
2026-03-17 10:39:00,Mhasrul,132,45,145,35,94,139,43,149,414,16.96,259.98,82.1,Clear,Frustrated,8.51,High
2026-03-23 08:00:00,Sinnar Phata,70,111,43,63,107,80,137,97,357,42.13,233.18,77.12,Foggy,Impatient,8.47,High
2026-03-14 16:53:00,Mhasrul,24,46,56,51,18,132,64,76,162,17.68,125.37,35.28,Foggy,Impatient,5.8,Normal
2026-03-14 03:44:00,Gangapur Road,67,52,143,36,101,24,18,140,329,22.16,221.7,61.27,Rainy,Frustrated,10.0,High
2026-03-01 09:26:00,Trimbak Naka,46,65,132,87,14,51,145,73,337,29.93,219.63,71.65,Clear,Frustrated,8.65,High
2026-03-29 05:03:00,Deolali Camp,136,114,20,95,70,144,32,56,258,14.34,183.96,46.88,Foggy,Impatient,5.2,Normal
2026-03-22 20:53:00,Satpur MIDC,36,29,58,62,90,117,51,38,235,27.91,159.92,42.44,Overcast,Neutral,6.36,Normal
2026-03-24 12:36:00,Mumbai Naka,135,39,11,149,31,15,85,44,262,26.16,184.62,48.5,Overcast,Neutral,5.86,Normal
2026-03-02 02:40:00,Nashik Road,146,74,123,91,90,90,36,87,395,40.6,254.74,77.22,Foggy,Frustrated,7.26,High
2026-03-08 12:07:00,Makhmalabad,83,82,78,24,13,18,17,10,191,14.63,153.91,30.65,Overcast,Neutral,5.41,Normal
2026-03-23 19:31:00,Mumbai Naka,64,118,116,143,10,118,134,72,324,28.72,211.19,54.35,Rainy,Neutral,5.93,Normal
2026-03-01 04:09:00,Satpur MIDC,29,36,61,28,74,79,87,55,251,56.65,173.8,52.35,Foggy,Neutral,5.1,Normal
2026-03-24 22:41:00,Gangapur Road,42,108,26,24,143,98,31,70,242,53.61,171.44,41.87,Rainy,Impatient,5.77,Normal
2026-03-15 01:21:00,Nashik Road,58,13,63,146,115,116,34,14,270,43.37,192.3,52.31,Clear,Impatient,4.43,Normal
2026-03-07 23:07:00,Rane Nagar,32,142,64,11,74,66,117,107,287,15.06,192.26,67.45,Clear,Impatient,9.34,High
2026-03-26 20:51:00,Govind Nagar,79,125,25,69,69,54,83,49,256,33.05,169.82,46.68,Clear,Neutral,6.92,Normal
2026-03-05 15:31:00,Govind Nagar,119,141,112,106,81,89,134,117,446,51.99,281.41,86.24,Foggy,Frustrated,9.77,High
2026-03-09 17:19:00,Nashik Road,131,107,145,149,32,148,18,92,326,39.66,219.37,75.56,Overcast,Anxious,8.32,High
2026-03-22 10:51:00,Satpur MIDC,89,107,44,17,23,33,63,113,219,38.26,155.35,39.07,Clear,Neutral,5.16,Normal
2026-03-14 13:44:00,College Road,131,27,17,129,19,70,25,75,192,13.32,152.78,39.25,Foggy,Impatient,5.99,Normal
2026-03-09 12:35:00,Makhmalabad,58,10,48,95,13,128,16,135,135,27.15,109.35,25.62,Clear,Satisfied,3.31,Normal
2026-03-07 05:26:00,Ashok Stambh,50,148,72,80,71,58,107,22,300,29.11,209.7,64.36,Clear,Frustrated,8.49,High
2026-03-19 09:43:00,CBS Circle,116,49,139,35,131,43,150,115,536,45.7,314.2,122.21,Foggy,Impatient,8.58,High
2026-03-15 06:50:00,Makhmalabad,67,87,16,69,27,52,40,113,150,41.68,132.85,27.7,Overcast,Satisfied,1.29,Normal
2026-03-08 04:19:00,Makhmalabad,110,56,54,50,114,132,92,123,370,31.83,237.84,66.35,Overcast,Frustrated,9.31,High
2026-03-17 15:25:00,Gangapur Road,66,68,95,116,141,37,62,79,364,30.28,227.47,72.72,Rainy,Anxious,10.0,High
2026-03-06 03:09:00,Patherdi Phata,15,61,122,124,67,18,142,56,346,23.92,227.45,72.88,Rainy,Frustrated,10.0,High
2026-03-08 15:21:00,CBS Circle,42,27,98,123,69,99,34,94,243,37.78,167.29,56.43,Rainy,Impatient,6.59,Normal
2026-03-07 12:06:00,Patherdi Phata,86,35,90,68,117,34,71,21,364,33.35,241.79,79.02,Rainy,Impatient,10.0,High
2026-03-15 18:50:00,Govind Nagar,70,102,49,110,48,40,29,29,196,32.21,146.48,41.54,Clear,Impatient,4.4,Normal
2026-03-10 19:17:00,Trimbak Naka,127,87,121,107,135,108,100,35,483,43.74,289.67,114.96,Rainy,Frustrated,10.0,High
2026-03-24 04:27:00,Adgaon Naka,35,109,60,71,123,91,73,147,291,34.52,199.04,63.28,Clear,Anxious,7.53,High
2026-03-02 06:35:00,Bytco Point,97,124,63,44,32,127,135,97,327,33.51,209.94,66.68,Rainy,Impatient,9.32,High
2026-03-23 17:19:00,Dwarka Circle,38,84,144,147,40,17,69,52,291,20.78,190.79,49.92,Overcast,Neutral,4.11,Normal
2026-03-09 03:09:00,Indira Nagar,68,106,85,108,147,131,135,25,435,22.81,275.6,79.09,Rainy,Frustrated,10.0,High
2026-03-15 09:18:00,Sinnar Phata,71,69,143,117,143,115,32,49,389,53.75,250.69,66.25,Clear,Impatient,9.81,High
2026-03-28 22:18:00,Mumbai Naka,74,101,123,85,76,57,107,57,380,31.35,244.39,86.04,Rainy,Frustrated,9.86,High
2026-03-12 17:46:00,Mhasrul,98,66,64,31,128,88,146,27,436,26.81,266.38,75.19,Foggy,Impatient,8.83,High
2026-03-15 18:56:00,Govind Nagar,13,88,100,83,102,116,105,59,320,25.22,203.59,73.57,Rainy,Frustrated,8.59,High
2026-03-17 12:39:00,Satpur MIDC,74,71,133,148,13,14,45,23,265,14.92,181.18,52.0,Foggy,Impatient,6.31,Normal
2026-03-06 18:32:00,Adgaon Naka,140,46,82,115,100,48,101,54,423,13.02,255.49,89.04,Clear,Frustrated,7.83,High
2026-03-14 22:04:00,Nashik Road,82,15,87,130,140,43,49,131,358,47.31,226.07,67.08,Foggy,Anxious,7.61,High
2026-03-18 13:32:00,Mhasrul,139,25,118,135,109,126,84,44,450,19.07,282.12,87.93,Rainy,Impatient,10.0,High
2026-03-24 13:38:00,Mhasrul,51,125,46,61,20,45,60,37,177,43.07,134.13,36.23,Clear,Neutral,4.33,Normal
2026-03-24 07:02:00,Mumbai Naka,26,69,70,132,99,72,131,32,326,42.76,222.54,75.13,Overcast,Anxious,7.62,High
2026-03-25 21:10:00,Bytco Point,47,100,19,49,52,61,62,73,180,14.8,143.16,41.7,Clear,Impatient,5.51,Normal
2026-03-30 22:46:00,Rane Nagar,73,33,81,67,14,132,20,78,188,44.93,134.62,40.1,Clear,Neutral,6.6,Normal
2026-03-04 17:34:00,Govind Nagar,123,137,84,64,103,67,37,136,347,50.08,227.64,63.29,Overcast,Frustrated,8.35,High
2026-03-30 11:06:00,Govind Nagar,57,53,112,23,44,63,118,51,331,11.85,215.28,62.3,Rainy,Impatient,9.45,High
2026-03-28 18:57:00,Satpur MIDC,78,93,57,124,11,114,11,82,157,29.29,130.4,35.38,Foggy,Neutral,5.56,Normal
2026-03-16 01:58:00,Mhasrul,102,120,117,146,100,44,66,46,385,37.73,250.17,77.46,Foggy,Anxious,8.1,High
2026-03-09 13:20:00,Govind Nagar,130,55,15,120,134,44,36,101,315,35.56,217.34,51.18,Rainy,Neutral,7.05,High
2026-03-04 14:25:00,Ashok Stambh,74,53,14,66,20,137,23,26,131,58.07,111.66,22.49,Overcast,Neutral,3.27,Normal
2026-03-10 22:13:00,Indira Nagar,67,44,96,149,128,140,118,29,409,37.38,246.51,75.77,Foggy,Impatient,8.75,High
2026-03-26 13:15:00,Bytco Point,49,48,71,91,111,59,22,78,253,47.67,169.46,59.34,Clear,Neutral,6.06,Normal
2026-03-06 20:12:00,Panchavati,35,29,22,114,88,49,114,49,259,37.98,170.18,45.94,Foggy,Impatient,6.58,Normal
2026-03-01 10:27:00,College Road,62,16,23,39,51,79,13,105,149,42.63,131.01,24.91,Overcast,Neutral,2.27,Normal
2026-03-26 06:30:00,Deolali Camp,17,48,81,143,87,36,39,129,224,49.01,170.34,39.21,Rainy,Neutral,5.79,Normal
2026-03-26 02:23:00,Deolali Camp,11,110,115,103,11,67,18,15,155,15.59,132.41,35.7,Rainy,Neutral,7.72,High
2026-03-29 17:55:00,Govind Nagar,76,142,95,106,132,54,135,98,438,54.68,267.28,100.54,Clear,Impatient,9.15,High
2026-03-11 21:13:00,Dwarka Circle,132,21,93,72,57,36,115,107,397,40.27,257.19,69.79,Rainy,Frustrated,8.62,High
2026-03-29 20:54:00,Gangapur Road,111,72,80,80,95,93,139,68,425,11.15,266.01,74.63,Rainy,Frustrated,9.79,High
2026-03-02 01:28:00,Bytco Point,12,63,127,40,28,135,22,57,189,19.14,150.97,42.85,Overcast,Impatient,6.34,Normal
2026-03-03 09:42:00,Dwarka Circle,24,116,112,83,61,75,37,55,234,54.33,159.32,51.55,Foggy,Impatient,5.17,Normal
2026-03-21 07:18:00,Adgaon Naka,29,83,49,34,53,108,106,107,237,33.52,164.12,46.72,Foggy,Impatient,6.05,Normal
2026-03-14 00:27:00,Panchavati,76,33,102,46,144,108,124,79,446,19.75,275.54,101.04,Clear,Impatient,7.39,High
2026-03-10 18:25:00,Dwarka Circle,21,15,13,13,139,35,90,89,263,53.46,179.82,49.9,Overcast,Impatient,5.62,Normal
2026-03-29 20:53:00,Gangapur Road,37,124,44,30,103,63,114,106,298,26.2,196.98,66.7,Clear,Frustrated,7.15,High
2026-03-16 19:44:00,Nashik Road,75,37,23,114,78,29,82,19,258,12.99,184.54,51.36,Clear,Impatient,5.74,Normal
2026-03-19 17:07:00,Indira Nagar,116,117,103,80,138,42,61,57,418,19.26,267.86,83.03,Foggy,Frustrated,9.95,High
2026-03-10 18:09:00,Deolali Camp,45,63,135,124,88,51,78,49,346,30.05,228.58,71.63,Rainy,Impatient,9.58,High
2026-03-04 14:22:00,Makhmalabad,45,55,95,55,87,38,57,119,284,48.06,188.15,67.14,Clear,Impatient,9.1,High
2026-03-28 17:01:00,Sinnar Phata,57,64,92,33,119,120,21,144,289,37.48,190.09,54.56,Foggy,Neutral,6.51,Normal
2026-03-14 21:46:00,Govind Nagar,75,13,71,73,102,53,94,117,342,45.61,221.16,69.89,Foggy,Anxious,9.33,High
2026-03-28 02:21:00,CBS Circle,12,18,67,56,89,55,26,106,194,16.05,145.31,35.0,Overcast,Neutral,5.7,Normal
2026-03-15 01:24:00,CBS Circle,45,143,106,146,29,13,127,55,307,49.26,206.44,54.71,Rainy,Impatient,5.55,Normal
2026-03-19 10:44:00,Panchavati,87,123,86,87,142,103,86,60,401,17.86,252.94,92.73,Foggy,Impatient,9.56,High
2026-03-04 05:54:00,Patherdi Phata,61,44,72,51,83,130,118,134,334,25.44,226.63,54.13,Rainy,Impatient,6.2,Normal
2026-03-18 02:21:00,Rane Nagar,110,145,83,92,66,138,83,34,342,48.2,226.76,73.92,Clear,Impatient,8.37,High
2026-03-27 04:01:00,Gangapur Road,66,84,26,72,67,17,41,144,200,31.85,154.56,42.59,Clear,Impatient,4.63,Normal
2026-03-08 08:24:00,Mhasrul,55,99,84,84,94,62,125,65,358,13.09,231.49,59.59,Clear,Neutral,4.11,Normal
2026-03-11 01:57:00,Satpur MIDC,150,120,135,91,122,150,35,71,442,40.33,276.61,89.22,Clear,Frustrated,7.33,High
2026-03-10 02:51:00,Mhasrul,95,34,89,62,139,138,81,44,404,49.19,250.95,65.25,Foggy,Anxious,7.81,High
2026-03-12 18:56:00,Makhmalabad,28,121,125,78,138,107,108,86,399,11.49,242.88,81.05,Rainy,Anxious,10.0,High
2026-03-26 06:06:00,Bytco Point,36,126,96,35,55,98,118,26,305,45.74,199.59,51.27,Overcast,Neutral,6.27,Normal
2026-03-11 10:13:00,Adgaon Naka,118,134,35,23,113,59,96,135,362,13.35,235.14,66.83,Rainy,Anxious,10.0,High
2026-03-07 07:46:00,College Road,80,38,120,109,66,21,103,141,369,53.2,227.62,87.17,Overcast,Frustrated,7.97,High
2026-03-02 03:55:00,Adgaon Naka,143,34,116,97,56,144,39,110,354,31.39,236.75,84.79,Rainy,Frustrated,9.96,High
2026-03-01 16:30:00,CBS Circle,18,68,103,129,115,53,103,102,339,48.02,210.8,56.15,Overcast,Neutral,4.86,Normal
2026-03-26 21:24:00,College Road,65,17,30,15,34,116,124,21,253,43.49,182.39,46.94,Clear,Neutral,5.19,Normal
2026-03-02 17:37:00,Patherdi Phata,86,60,71,81,27,71,131,97,315,50.67,211.3,74.64,Clear,Anxious,8.82,High
2026-03-24 16:42:00,Satpur MIDC,126,118,127,112,90,16,71,64,414,36.22,258.0,66.85,Foggy,Anxious,7.82,High
2026-03-25 21:28:00,Sinnar Phata,109,33,24,53,13,49,147,51,293,22.96,194.06,52.8,Rainy,Impatient,6.63,Normal
2026-03-03 14:37:00,Govind Nagar,22,44,118,147,111,123,33,76,284,39.13,191.83,66.86,Foggy,Impatient,9.84,High
2026-03-10 03:31:00,Rane Nagar,60,107,42,79,85,126,63,116,250,23.76,184.13,43.75,Clear,Neutral,6.77,Normal
2026-03-23 06:19:00,Sinnar Phata,37,73,87,122,83,95,149,92,356,34.06,234.27,75.94,Overcast,Impatient,8.48,High
2026-03-04 02:05:00,Satpur MIDC,92,134,146,137,134,89,27,90,399,20.84,249.62,69.33,Clear,Anxious,7.4,High
2026-03-06 17:47:00,Ashok Stambh,66,144,116,74,51,113,127,86,360,16.75,233.04,73.11,Foggy,Impatient,9.2,High
2026-03-25 23:35:00,Deolali Camp,133,12,129,75,92,94,150,41,504,13.98,296.34,117.94,Foggy,Anxious,8.42,High
2026-03-28 18:44:00,Trimbak Naka,135,115,114,130,23,65,109,124,381,38.22,241.9,80.76,Clear,Anxious,8.77,High
2026-03-08 07:47:00,Mumbai Naka,142,98,89,86,114,105,19,83,364,45.26,228.36,67.37,Foggy,Impatient,8.51,High
2026-03-09 18:01:00,Panchavati,131,119,122,29,79,139,102,72,434,46.92,268.68,101.57,Foggy,Anxious,8.43,High
2026-03-29 19:37:00,Sinnar Phata,46,53,51,119,92,115,145,45,334,15.83,215.6,64.69,Rainy,Anxious,8.58,High
2026-03-01 11:19:00,Nashik Road,112,110,11,105,35,46,96,96,254,39.69,169.67,42.19,Overcast,Neutral,5.79,Normal
2026-03-17 01:29:00,Ashok Stambh,106,131,83,34,44,43,38,25,271,18.3,183.43,60.6,Overcast,Impatient,7.98,High
2026-03-14 19:00:00,Mumbai Naka,96,47,94,18,35,136,75,107,300,15.14,208.7,49.85,Rainy,Impatient,5.87,Normal
2026-03-05 14:10:00,Rane Nagar,21,22,113,115,115,38,65,92,314,40.1,212.35,53.31,Rainy,Neutral,7.15,High
2026-03-07 12:52:00,Makhmalabad,15,81,112,141,50,91,148,46,325,37.51,217.72,55.69,Foggy,Impatient,4.32,Normal
2026-03-20 07:34:00,Panchavati,28,15,92,80,80,52,118,150,318,24.69,216.08,54.59,Overcast,Neutral,6.34,Normal
2026-03-09 04:36:00,Ashok Stambh,22,45,138,10,62,60,60,36,282,33.08,193.95,59.19,Clear,Neutral,4.27,Normal
2026-03-08 17:53:00,Indira Nagar,130,15,126,29,123,122,61,17,440,29.2,265.85,88.03,Foggy,Anxious,8.3,High
2026-03-15 12:25:00,Indira Nagar,60,17,113,117,49,93,86,74,308,35.6,203.51,56.97,Clear,Neutral,5.62,Normal
2026-03-05 07:22:00,Mhasrul,73,32,37,104,26,60,42,103,178,22.98,129.78,37.68,Clear,Neutral,5.38,Normal
2026-03-01 23:28:00,Nashik Road,124,79,70,70,49,73,15,14,258,23.24,172.94,50.66,Foggy,Impatient,5.44,Normal
2026-03-17 22:25:00,Bytco Point,39,22,150,14,14,92,81,39,284,19.14,194.54,48.64,Clear,Impatient,5.47,Normal
2026-03-03 21:37:00,Mumbai Naka,102,16,22,123,111,148,96,64,331,32.4,209.2,73.89,Overcast,Frustrated,9.51,High
2026-03-27 06:53:00,Adgaon Naka,30,58,135,99,98,54,59,89,322,54.66,211.73,54.73,Clear,Impatient,4.39,Normal
2026-03-15 10:01:00,Bytco Point,65,72,64,55,24,134,37,120,190,54.23,141.9,39.37,Rainy,Impatient,8.26,High
2026-03-03 20:35:00,Govind Nagar,108,52,64,15,46,144,71,97,289,48.71,198.4,65.36,Overcast,Impatient,9.64,High
2026-03-20 10:08:00,Rane Nagar,14,85,129,92,37,41,101,12,281,15.94,184.7,65.69,Overcast,Anxious,8.82,High
2026-03-03 15:23:00,Mhasrul,68,83,54,121,127,45,65,76,314,37.99,213.58,69.87,Foggy,Impatient,7.14,High
2026-03-24 16:32:00,Adgaon Naka,66,107,112,86,141,102,139,107,458,40.19,285.92,87.54,Clear,Frustrated,7.84,High
2026-03-20 16:55:00,Mhasrul,53,94,109,88,63,11,76,126,301,29.11,201.5,50.71,Overcast,Neutral,4.35,Normal
2026-03-06 04:18:00,Panchavati,65,140,51,140,30,131,23,98,169,56.53,130.1,31.53,Rainy,Impatient,7.18,High
2026-03-03 04:30:00,Deolali Camp,63,110,80,135,49,107,122,36,314,29.85,205.79,55.91,Rainy,Neutral,5.71,Normal
2026-03-05 17:03:00,Dwarka Circle,73,95,94,127,126,55,103,63,396,47.24,250.78,69.21,Rainy,Anxious,8.93,High
2026-03-19 18:36:00,Gangapur Road,136,137,63,74,103,59,64,32,366,28.22,234.49,73.02,Rainy,Frustrated,10.0,High
2026-03-11 04:26:00,College Road,70,73,15,27,141,103,33,91,259,43.36,185.06,42.21,Rainy,Neutral,6.2,Normal
2026-03-07 16:02:00,Gangapur Road,147,108,126,14,129,13,41,53,443,24.02,281.26,84.61,Rainy,Anxious,8.67,High
2026-03-18 01:10:00,Indira Nagar,82,72,98,123,137,73,75,105,392,23.29,252.84,74.69,Overcast,Anxious,9.69,High
2026-03-26 21:06:00,College Road,88,28,37,78,106,53,144,43,375,27.93,241.98,83.35,Rainy,Impatient,10.0,High
2026-03-23 02:58:00,Govind Nagar,96,139,61,143,54,141,148,17,359,52.81,225.89,81.06,Foggy,Anxious,7.78,High
2026-03-24 15:28:00,Rane Nagar,134,85,36,65,84,55,30,108,284,29.47,183.49,54.7,Rainy,Neutral,6.71,Normal
2026-03-08 08:53:00,Nashik Road,60,68,121,133,55,96,81,129,317,42.6,207.61,62.98,Clear,Frustrated,9.36,High
2026-03-16 06:54:00,Mumbai Naka,52,147,130,26,143,62,138,18,463,52.17,273.36,86.0,Clear,Anxious,8.7,High
2026-03-12 04:40:00,Rane Nagar,27,65,89,17,72,46,126,67,314,12.91,214.93,62.41,Foggy,Impatient,7.87,High
2026-03-11 20:56:00,Rane Nagar,98,129,111,141,55,150,46,116,310,56.51,211.34,63.75,Overcast,Anxious,7.5,High
2026-03-14 18:20:00,Rane Nagar,62,38,75,46,115,45,97,105,349,41.72,217.08,79.98,Rainy,Frustrated,9.11,High
2026-03-17 19:42:00,Sinnar Phata,94,92,134,101,119,13,38,97,385,39.65,245.47,87.28,Overcast,Impatient,8.42,High
2026-03-09 10:39:00,Satpur MIDC,138,50,120,135,50,11,98,21,406,54.23,248.08,65.63,Overcast,Frustrated,7.86,High
2026-03-09 00:08:00,Satpur MIDC,26,65,127,93,149,120,45,74,347,51.48,217.97,57.34,Rainy,Impatient,7.31,High
2026-03-23 16:38:00,Mhasrul,133,13,83,60,54,129,49,87,319,37.07,217.53,52.94,Clear,Impatient,4.29,Normal
2026-03-12 21:25:00,Deolali Camp,72,23,44,42,116,147,48,143,280,55.8,197.26,49.06,Rainy,Impatient,6.12,Normal
2026-03-29 16:20:00,Bytco Point,144,21,52,115,137,109,13,18,346,22.35,214.36,64.99,Foggy,Frustrated,7.26,High
2026-03-08 01:21:00,Nashik Road,127,92,47,83,133,62,126,30,433,40.97,262.81,98.73,Overcast,Frustrated,9.35,High
2026-03-29 00:25:00,Ashok Stambh,37,149,18,34,22,79,21,24,98,36.02,103.08,20.28,Rainy,Satisfied,4.77,Normal
2026-03-06 22:31:00,Nashik Road,74,139,10,33,136,12,48,127,268,21.65,177.74,44.84,Overcast,Impatient,4.39,Normal
2026-03-07 10:12:00,Ashok Stambh,64,133,12,123,59,23,147,63,282,29.68,200.14,52.53,Clear,Neutral,5.89,Normal
2026-03-24 13:55:00,Dwarka Circle,74,110,73,149,125,85,24,34,296,23.4,196.89,60.46,Foggy,Impatient,8.25,High
2026-03-11 13:16:00,Trimbak Naka,40,125,22,16,148,16,145,66,355,33.84,231.88,59.82,Rainy,Neutral,8.07,High
2026-03-24 21:46:00,CBS Circle,99,135,17,88,24,139,22,18,162,27.13,134.95,38.7,Overcast,Neutral,6.89,Normal
2026-03-05 12:21:00,Gangapur Road,69,24,140,107,55,42,116,128,380,30.66,249.83,75.36,Rainy,Anxious,10.0,High
2026-03-06 02:42:00,Rane Nagar,44,100,42,130,108,69,66,41,260,56.62,183.74,53.26,Overcast,Impatient,6.32,Normal
2026-03-05 21:32:00,Mumbai Naka,116,58,55,99,146,54,20,35,337,31.57,216.81,66.37,Clear,Impatient,8.6,High
2026-03-28 08:34:00,Patherdi Phata,71,138,135,67,49,122,103,116,358,21.84,230.94,64.68,Clear,Frustrated,8.25,High
2026-03-24 20:41:00,Mumbai Naka,147,114,59,74,61,38,51,58,318,23.98,213.16,61.48,Overcast,Frustrated,7.08,High
2026-03-06 16:27:00,Panchavati,123,125,39,109,31,28,12,15,205,33.61,142.68,47.56,Overcast,Impatient,4.57,Normal
2026-03-04 19:03:00,Rane Nagar,38,115,45,27,148,142,57,68,288,54.96,187.93,67.74,Clear,Impatient,7.65,High
2026-03-21 20:50:00,Bytco Point,116,29,40,144,76,125,133,142,365,25.35,226.01,81.33,Clear,Impatient,9.03,High
2026-03-05 23:17:00,Trimbak Naka,115,57,109,85,31,97,85,47,340,45.9,222.43,66.11,Overcast,Impatient,9.57,High
2026-03-05 05:52:00,Dwarka Circle,148,71,150,90,80,98,96,140,474,15.31,290.11,96.09,Overcast,Anxious,8.31,High
2026-03-25 06:08:00,Mumbai Naka,51,124,126,97,55,123,145,131,377,42.35,247.41,65.46,Rainy,Frustrated,9.37,High
2026-03-15 16:46:00,Ashok Stambh,59,135,56,47,76,108,30,96,221,48.34,161.08,42.84,Clear,Impatient,5.79,Normal
2026-03-30 00:03:00,CBS Circle,44,26,142,109,113,24,15,18,314,18.91,205.16,64.53,Clear,Anxious,7.49,High
2026-03-03 16:45:00,Trimbak Naka,95,34,136,30,95,57,84,14,410,49.67,257.67,97.42,Overcast,Frustrated,7.68,High
2026-03-29 08:24:00,Satpur MIDC,128,75,26,84,135,66,31,34,320,20.99,201.44,52.76,Clear,Impatient,4.11,Normal
2026-03-03 06:15:00,CBS Circle,136,46,50,36,100,11,55,150,341,38.79,212.27,59.91,Clear,Neutral,6.39,Normal
2026-03-16 07:07:00,Adgaon Naka,107,29,76,21,117,71,121,61,421,33.78,263.31,83.05,Rainy,Anxious,8.66,High
2026-03-19 14:47:00,Indira Nagar,64,122,115,19,82,47,30,109,291,21.17,204.44,64.41,Foggy,Frustrated,7.02,High
2026-03-27 10:48:00,Dwarka Circle,42,64,49,13,51,119,65,53,207,37.88,151.3,34.36,Clear,Neutral,4.43,Normal
2026-03-05 13:16:00,Ashok Stambh,149,39,52,106,119,39,10,74,330,26.18,222.44,72.23,Clear,Frustrated,9.31,High
2026-03-25 11:35:00,Satpur MIDC,41,55,108,117,21,120,42,135,212,45.02,158.01,49.54,Rainy,Neutral,6.17,Normal
2026-03-27 19:04:00,Gangapur Road,62,49,26,29,36,85,44,105,168,56.86,139.34,34.29,Clear,Impatient,4.1,Normal
2026-03-18 11:56:00,Trimbak Naka,40,145,30,149,128,45,62,123,260,46.67,188.17,47.75,Clear,Impatient,5.33,Normal
2026-03-28 00:59:00,Rane Nagar,29,122,103,19,105,130,39,33,276,49.94,197.4,59.63,Foggy,Impatient,6.6,Normal
2026-03-16 04:13:00,Mumbai Naka,60,56,54,123,142,81,48,134,304,18.97,206.31,62.62,Overcast,Frustrated,9.31,High
2026-03-05 20:58:00,Deolali Camp,143,64,60,78,144,52,40,53,387,43.45,240.82,65.49,Overcast,Anxious,8.61,High
2026-03-02 14:43:00,CBS Circle,103,73,98,107,85,17,51,84,337,27.37,216.87,65.19,Clear,Impatient,9.06,High
2026-03-20 11:21:00,Nashik Road,103,53,145,14,57,119,56,97,361,50.46,226.84,83.41,Overcast,Impatient,7.33,High
2026-03-13 16:59:00,Mhasrul,126,119,65,45,98,106,94,34,383,30.12,244.65,88.67,Rainy,Anxious,9.77,High
2026-03-20 00:59:00,Trimbak Naka,34,122,11,126,77,39,134,118,256,39.5,177.83,57.62,Overcast,Impatient,6.31,Normal
2026-03-29 23:14:00,Gangapur Road,50,43,114,75,118,75,43,26,325,26.95,210.77,53.77,Overcast,Neutral,6.38,Normal
2026-03-22 16:56:00,Adgaon Naka,137,89,41,104,32,113,110,46,320,40.4,203.24,75.98,Foggy,Frustrated,7.14,High
2026-03-18 14:12:00,Patherdi Phata,107,126,15,97,112,105,97,132,331,53.64,222.0,69.87,Clear,Anxious,7.89,High
2026-03-29 08:13:00,Adgaon Naka,90,129,132,45,52,149,95,53,369,30.47,232.82,80.81,Foggy,Frustrated,7.36,High
2026-03-09 04:24:00,Dwarka Circle,141,27,105,128,42,142,16,27,304,39.11,205.36,68.52,Foggy,Anxious,7.46,High
2026-03-13 20:00:00,Satpur MIDC,126,27,66,75,52,103,96,84,340,22.45,217.44,67.55,Foggy,Frustrated,9.7,High
2026-03-16 16:15:00,Makhmalabad,76,82,97,27,119,92,25,79,317,36.37,209.79,74.32,Clear,Frustrated,7.95,High
2026-03-29 01:48:00,CBS Circle,19,63,135,97,95,60,150,123,399,44.67,252.12,74.8,Foggy,Impatient,8.71,High
2026-03-25 11:11:00,Dwarka Circle,13,135,108,45,117,13,40,32,278,39.17,182.49,51.75,Overcast,Neutral,4.33,Normal
2026-03-13 07:08:00,Bytco Point,39,12,52,81,20,34,148,20,259,30.8,181.8,59.45,Rainy,Neutral,6.75,Normal
2026-03-18 16:51:00,Deolali Camp,43,119,25,149,30,124,59,11,157,29.88,125.8,32.33,Rainy,Impatient,5.66,Normal
2026-03-30 21:14:00,Panchavati,85,108,87,83,61,72,145,148,378,47.24,244.19,68.2,Clear,Frustrated,8.53,High
2026-03-30 00:11:00,Ashok Stambh,59,16,58,103,81,65,113,107,311,32.68,203.55,62.85,Clear,Impatient,8.04,High
2026-03-06 03:03:00,Bytco Point,131,136,104,61,30,38,72,27,337,45.61,211.28,64.31,Rainy,Frustrated,9.44,High
2026-03-26 07:10:00,Mhasrul,25,83,16,37,29,138,48,59,118,23.89,112.52,19.27,Overcast,Satisfied,1.5,Normal
2026-03-05 11:40:00,Indira Nagar,78,37,85,43,41,109,47,28,251,12.87,166.41,56.64,Foggy,Impatient,6.05,Normal
2026-03-20 17:42:00,Mumbai Naka,117,61,134,72,125,34,74,59,450,21.02,267.18,82.14,Rainy,Frustrated,10.0,High
2026-03-22 12:39:00,Mhasrul,107,37,146,123,45,71,114,55,412,52.56,246.17,81.46,Clear,Frustrated,7.16,High
2026-03-06 18:27:00,Patherdi Phata,20,122,97,138,38,21,30,59,185,46.98,150.71,43.52,Overcast,Impatient,5.53,Normal
2026-03-13 13:51:00,Makhmalabad,112,81,146,52,146,111,43,20,447,51.18,272.92,73.76,Rainy,Frustrated,10.0,High
2026-03-24 00:53:00,Gangapur Road,137,30,39,129,136,63,104,15,416,20.15,249.13,75.9,Clear,Frustrated,9.63,High
2026-03-03 18:57:00,Indira Nagar,134,13,95,118,88,44,64,32,381,51.83,242.3,69.36,Rainy,Impatient,10.0,High
2026-03-17 04:33:00,Patherdi Phata,62,32,121,120,65,141,48,104,296,44.12,207.81,63.72,Clear,Frustrated,7.92,High
2026-03-25 09:52:00,Deolali Camp,101,42,103,97,91,74,138,46,433,13.44,258.5,81.27,Clear,Frustrated,9.76,High
2026-03-01 12:45:00,Nashik Road,46,35,142,43,72,97,125,108,385,23.5,251.93,72.25,Clear,Impatient,7.99,High
2026-03-20 06:42:00,Rane Nagar,58,87,36,148,78,89,117,135,289,55.71,186.1,62.7,Overcast,Frustrated,9.23,High
2026-03-13 04:58:00,Ashok Stambh,29,71,53,130,30,64,103,81,215,46.2,151.59,35.23,Clear,Neutral,4.89,Normal
2026-03-09 15:31:00,Sinnar Phata,63,69,15,30,141,66,69,132,288,53.02,192.14,52.18,Overcast,Neutral,4.01,Normal
2026-03-14 23:49:00,CBS Circle,92,77,137,119,70,120,146,36,445,25.17,282.05,82.66,Clear,Frustrated,9.68,High
2026-03-27 05:18:00,Sinnar Phata,87,106,140,98,44,103,132,142,403,50.92,256.38,70.88,Rainy,Impatient,10.0,High
2026-03-16 16:21:00,Deolali Camp,135,50,136,62,51,14,148,106,470,28.38,290.58,100.78,Overcast,Frustrated,9.89,High
2026-03-12 20:14:00,Adgaon Naka,30,120,111,121,125,117,114,132,380,55.16,233.68,87.06,Rainy,Impatient,9.12,High
2026-03-20 20:37:00,Nashik Road,126,120,85,77,40,14,36,109,287,12.8,200.02,63.73,Overcast,Frustrated,8.7,High
2026-03-22 20:36:00,CBS Circle,48,124,40,37,25,82,142,78,255,45.02,178.16,42.11,Foggy,Neutral,5.93,Normal
2026-03-25 22:01:00,Govind Nagar,112,79,48,150,33,37,49,117,242,38.6,172.89,45.74,Clear,Neutral,6.98,Normal
2026-03-26 16:44:00,Trimbak Naka,82,114,93,40,18,137,38,90,231,20.6,161.96,43.19,Clear,Neutral,6.54,Normal
2026-03-08 20:47:00,Satpur MIDC,92,105,92,48,117,113,61,68,362,14.97,228.8,64.09,Rainy,Anxious,8.54,High
2026-03-17 07:34:00,Trimbak Naka,111,124,100,55,49,100,26,26,286,24.93,192.42,66.08,Overcast,Anxious,9.28,High
2026-03-08 05:21:00,Indira Nagar,68,62,89,18,23,10,117,130,297,14.05,194.77,57.1,Overcast,Neutral,4.58,Normal
2026-03-10 06:21:00,Sinnar Phata,19,28,54,126,114,52,62,48,249,43.74,180.22,56.13,Clear,Impatient,4.65,Normal
2026-03-09 23:07:00,Gangapur Road,92,80,121,43,92,92,18,90,323,50.96,203.84,57.1,Foggy,Neutral,6.79,Normal
2026-03-13 20:31:00,College Road,123,104,24,67,142,89,117,74,406,42.21,249.08,96.65,Rainy,Frustrated,9.55,High
2026-03-02 00:10:00,Indira Nagar,55,28,25,71,144,139,58,46,282,18.54,188.59,57.72,Overcast,Neutral,4.42,Normal
2026-03-03 12:36:00,Bytco Point,145,147,136,20,150,109,18,90,449,28.98,267.81,98.11,Rainy,Frustrated,9.07,High
2026-03-22 05:38:00,Nashik Road,114,59,130,81,111,80,14,91,369,17.04,230.52,73.64,Clear,Anxious,8.15,High
2026-03-06 22:46:00,Indira Nagar,22,64,70,149,54,93,39,108,185,40.3,133.51,37.9,Overcast,Impatient,4.87,Normal
2026-03-08 17:35:00,College Road,27,116,45,50,52,106,44,115,168,40.21,128.83,37.45,Foggy,Neutral,4.93,Normal
2026-03-13 05:07:00,Bytco Point,120,22,47,44,109,118,110,48,386,28.16,239.38,63.0,Clear,Impatient,8.87,High
2026-03-16 18:39:00,CBS Circle,136,78,144,128,78,110,79,75,437,45.81,267.51,81.64,Rainy,Impatient,8.79,High
2026-03-19 16:31:00,Patherdi Phata,74,150,112,141,60,76,51,96,297,20.94,200.14,68.37,Rainy,Impatient,10.0,High
2026-03-27 05:29:00,College Road,29,13,60,143,89,39,85,129,263,28.44,182.49,58.55,Clear,Neutral,4.53,Normal
2026-03-20 00:52:00,Govind Nagar,17,42,93,136,61,20,115,43,286,27.73,185.63,46.35,Foggy,Impatient,5.86,Normal
2026-03-25 15:29:00,Deolali Camp,73,147,41,150,97,47,63,17,274,21.2,182.35,49.94,Foggy,Neutral,4.64,Normal
2026-03-11 09:46:00,Mhasrul,116,36,86,37,41,77,58,87,301,50.56,197.72,55.61,Overcast,Impatient,5.85,Normal
2026-03-28 04:43:00,Patherdi Phata,149,141,38,68,15,37,110,71,312,21.54,204.71,61.17,Foggy,Frustrated,7.65,High
2026-03-10 06:57:00,Gangapur Road,54,53,62,89,120,121,146,52,382,20.03,237.78,79.85,Clear,Anxious,7.05,High
2026-03-18 17:07:00,Mumbai Naka,142,91,56,146,82,22,116,93,396,17.32,242.81,68.76,Foggy,Anxious,7.99,High
2026-03-21 15:16:00,Nashik Road,140,136,98,90,71,119,19,79,328,26.68,222.05,53.61,Overcast,Neutral,6.86,Normal
2026-03-02 05:17:00,Satpur MIDC,128,25,59,29,111,41,86,79,384,36.23,240.61,67.91,Clear,Impatient,9.82,High
2026-03-11 15:54:00,Makhmalabad,33,63,47,70,78,19,54,150,212,48.94,150.26,41.07,Rainy,Neutral,6.15,Normal
2026-03-02 01:05:00,Makhmalabad,98,73,33,54,148,84,81,114,360,36.48,230.42,68.88,Clear,Impatient,9.22,High
2026-03-07 16:02:00,Sinnar Phata,141,32,75,13,39,64,91,27,346,30.16,216.21,73.74,Overcast,Impatient,9.69,High
2026-03-06 01:24:00,Gangapur Road,74,73,127,83,124,142,69,67,394,48.15,246.5,81.82,Foggy,Anxious,7.5,High
2026-03-17 21:04:00,CBS Circle,137,103,137,112,124,19,129,33,527,51.93,308.62,122.32,Clear,Anxious,9.9,High
2026-03-17 01:33:00,Mhasrul,51,94,63,146,44,20,148,122,306,15.77,209.59,73.12,Overcast,Impatient,7.54,High
2026-03-17 22:30:00,Mumbai Naka,110,14,29,141,53,52,76,43,268,22.04,176.89,48.83,Clear,Impatient,5.23,Normal
2026-03-20 19:50:00,Nashik Road,10,30,22,71,77,30,26,122,135,14.83,110.59,23.53,Foggy,Neutral,1.28,Normal
2026-03-08 23:26:00,Gangapur Road,119,84,103,113,101,112,147,108,470,53.88,286.53,89.63,Foggy,Frustrated,9.45,High
2026-03-10 08:52:00,Adgaon Naka,47,58,96,121,67,107,49,37,259,13.49,185.8,46.36,Foggy,Impatient,6.23,Normal
2026-03-29 21:04:00,Trimbak Naka,70,147,22,47,102,41,38,59,232,29.16,156.24,42.83,Clear,Impatient,6.44,Normal
2026-03-27 01:18:00,Gangapur Road,11,123,64,19,73,49,50,140,198,25.56,146.44,42.22,Clear,Neutral,6.63,Normal
2026-03-14 12:57:00,Mhasrul,13,93,104,64,78,47,124,39,319,18.84,201.74,65.06,Rainy,Impatient,10.0,High
2026-03-05 02:36:00,Ashok Stambh,55,86,42,75,140,35,148,17,385,28.46,252.03,76.76,Foggy,Frustrated,7.44,High
2026-03-12 11:05:00,Ashok Stambh,96,122,47,87,142,136,80,75,365,35.59,233.7,77.65,Foggy,Anxious,7.43,High
2026-03-06 07:52:00,Rane Nagar,25,129,70,88,20,69,88,107,203,16.0,150.7,41.32,Foggy,Impatient,5.95,Normal
2026-03-30 05:23:00,Patherdi Phata,23,49,148,57,145,67,105,98,421,38.85,253.92,94.62,Overcast,Frustrated,8.07,High
2026-03-10 21:05:00,Nashik Road,88,27,75,36,14,37,129,106,306,42.06,199.15,57.72,Clear,Impatient,5.58,Normal
2026-03-19 23:56:00,Bytco Point,118,76,91,148,86,40,108,12,403,55.88,254.48,91.2,Rainy,Impatient,9.97,High
2026-03-18 10:27:00,Dwarka Circle,69,129,145,95,18,145,110,22,342,32.64,217.2,62.78,Rainy,Anxious,10.0,High
2026-03-17 02:50:00,Ashok Stambh,132,78,44,65,27,136,83,58,286,22.14,202.78,52.97,Clear,Impatient,4.91,Normal
2026-03-27 05:34:00,Sinnar Phata,45,141,22,51,115,118,88,81,270,46.78,180.39,50.51,Rainy,Neutral,7.18,High
2026-03-29 16:15:00,Nashik Road,98,37,136,46,49,12,116,114,399,11.43,252.56,83.76,Clear,Anxious,8.21,High
2026-03-20 18:25:00,Govind Nagar,29,122,22,64,47,64,40,70,138,33.07,116.48,26.89,Foggy,Neutral,3.47,Normal
2026-03-28 18:48:00,Rane Nagar,40,108,63,73,126,96,63,62,292,35.28,194.71,60.24,Overcast,Anxious,8.39,High
2026-03-18 18:26:00,Satpur MIDC,76,33,53,94,19,117,88,140,236,49.75,175.65,42.69,Clear,Impatient,5.28,Normal
2026-03-11 08:18:00,Panchavati,42,90,58,90,23,131,140,26,263,18.71,187.05,50.84,Foggy,Impatient,6.83,Normal
2026-03-13 18:03:00,Rane Nagar,86,149,35,24,40,42,56,61,217,20.61,151.6,47.51,Rainy,Neutral,6.65,Normal
2026-03-12 05:24:00,Mumbai Naka,131,32,57,50,145,125,58,47,391,33.22,247.8,92.0,Foggy,Anxious,8.26,High
2026-03-04 08:14:00,Adgaon Naka,118,129,98,74,83,20,118,36,417,12.47,260.49,74.63,Overcast,Impatient,8.49,High
2026-03-22 01:37:00,Mumbai Naka,108,104,10,41,117,110,113,33,348,21.77,229.35,78.35,Rainy,Impatient,9.38,High
2026-03-30 10:32:00,Adgaon Naka,69,27,60,145,139,60,53,119,321,44.3,219.64,64.26,Foggy,Anxious,7.2,High
2026-03-28 08:46:00,Gangapur Road,125,43,33,81,144,81,65,81,367,41.11,227.02,73.1,Foggy,Anxious,9.72,High
2026-03-28 10:04:00,Satpur MIDC,56,100,73,61,104,52,95,132,328,51.6,223.3,69.42,Foggy,Impatient,8.02,High
2026-03-17 00:12:00,Bytco Point,116,17,38,45,113,70,149,17,416,30.87,258.59,70.79,Rainy,Frustrated,10.0,High
2026-03-18 14:31:00,Gangapur Road,134,105,99,14,105,19,101,139,439,18.18,273.97,93.39,Rainy,Impatient,9.43,High
2026-03-17 21:19:00,Deolali Camp,63,12,57,64,128,150,45,68,293,47.04,206.21,47.08,Rainy,Neutral,7.11,High
2026-03-08 09:16:00,Mumbai Naka,57,20,140,10,32,117,66,81,295,50.09,203.45,54.46,Rainy,Neutral,6.37,Normal
2026-03-02 03:14:00,CBS Circle,32,75,73,83,142,97,147,12,394,54.28,243.92,83.81,Foggy,Anxious,8.61,High
2026-03-25 13:31:00,Panchavati,109,28,49,111,82,80,137,20,377,37.2,242.42,88.29,Foggy,Frustrated,7.64,High
2026-03-17 21:39:00,Mhasrul,19,39,46,137,99,13,150,74,314,24.37,197.43,73.44,Rainy,Impatient,10.0,High
2026-03-05 01:05:00,Rane Nagar,50,144,92,137,85,93,147,87,374,55.52,241.65,72.61,Foggy,Impatient,7.53,High
2026-03-13 21:33:00,Trimbak Naka,78,75,30,83,37,141,98,49,243,40.94,180.77,54.21,Rainy,Neutral,7.2,High
2026-03-12 19:09:00,Makhmalabad,125,45,144,95,105,132,124,29,498,26.38,295.15,102.21,Rainy,Anxious,10.0,High
2026-03-18 17:20:00,Dwarka Circle,39,70,30,72,76,141,70,57,215,43.73,156.55,36.83,Rainy,Impatient,5.81,Normal
2026-03-16 08:30:00,Mhasrul,135,10,146,36,86,87,10,45,377,26.57,246.07,64.59,Clear,Frustrated,9.04,High
2026-03-23 16:04:00,Rane Nagar,40,128,31,83,100,141,119,52,290,32.29,194.02,61.73,Foggy,Impatient,9.36,High
2026-03-13 01:35:00,Gangapur Road,19,13,82,12,141,15,94,89,336,29.33,221.48,68.5,Clear,Impatient,9.13,High
2026-03-13 02:24:00,Gangapur Road,34,69,73,107,112,126,90,17,309,32.31,206.55,53.34,Foggy,Neutral,4.46,Normal
2026-03-09 04:33:00,Mhasrul,45,149,107,66,43,136,91,45,286,13.82,200.1,53.33,Overcast,Neutral,4.97,Normal
2026-03-06 22:54:00,Mhasrul,39,143,12,124,51,64,56,76,158,19.52,119.07,33.19,Overcast,Impatient,5.72,Normal
2026-03-07 13:46:00,Nashik Road,103,115,116,103,58,133,54,66,331,56.57,206.35,73.86,Clear,Frustrated,8.94,High
2026-03-25 01:51:00,Trimbak Naka,126,67,122,62,106,43,43,54,397,39.54,250.72,84.59,Clear,Frustrated,9.23,High
2026-03-24 16:12:00,Adgaon Naka,79,143,52,23,140,77,87,111,358,32.63,223.47,83.47,Overcast,Impatient,7.8,High
2026-03-20 08:00:00,Trimbak Naka,45,32,92,87,113,58,46,132,296,22.78,201.73,69.91,Foggy,Anxious,8.42,High
2026-03-28 10:56:00,College Road,54,56,78,86,130,97,79,69,341,28.61,225.76,62.19,Rainy,Frustrated,9.38,High
2026-03-16 11:07:00,College Road,39,91,120,95,22,65,89,118,270,36.2,179.49,58.01,Overcast,Neutral,6.74,Normal
2026-03-04 00:50:00,Rane Nagar,93,47,73,32,55,150,16,47,237,57.24,175.95,44.92,Rainy,Impatient,6.89,Normal
2026-03-06 10:51:00,College Road,69,47,63,13,73,30,15,142,220,20.69,169.55,45.29,Overcast,Neutral,5.95,Normal
2026-03-15 23:48:00,Govind Nagar,138,149,71,34,23,114,140,23,372,47.37,226.69,73.07,Foggy,Frustrated,8.81,High
2026-03-25 10:42:00,Trimbak Naka,115,19,63,29,109,127,126,10,413,13.05,254.21,83.61,Clear,Anxious,8.47,High
2026-03-13 20:25:00,Mumbai Naka,56,85,113,91,58,128,21,34,248,55.04,173.7,56.04,Overcast,Impatient,6.79,Normal
2026-03-13 09:32:00,Mumbai Naka,112,127,79,138,85,91,18,31,294,55.65,203.86,62.45,Overcast,Impatient,9.21,High
2026-03-09 20:09:00,Govind Nagar,142,62,49,77,16,134,68,17,275,27.17,190.18,59.2,Foggy,Neutral,4.96,Normal
2026-03-10 21:22:00,Ashok Stambh,81,129,35,43,141,148,16,41,273,26.58,195.03,59.31,Foggy,Neutral,5.19,Normal
2026-03-03 07:23:00,Mumbai Naka,56,24,25,94,56,19,24,94,161,57.46,122.94,33.86,Rainy,Impatient,8.16,High
2026-03-27 08:22:00,Satpur MIDC,21,62,94,147,71,146,33,45,219,29.67,154.27,40.83,Overcast,Impatient,5.0,Normal
2026-03-22 09:35:00,Makhmalabad,22,14,41,22,12,49,103,18,178,52.6,147.84,38.03,Rainy,Impatient,7.67,High
2026-03-28 17:43:00,Makhmalabad,53,121,54,33,62,67,19,90,188,16.38,152.23,44.18,Clear,Impatient,5.53,Normal
2026-03-23 13:27:00,Sinnar Phata,104,41,52,98,77,34,49,115,282,56.54,189.51,55.51,Rainy,Impatient,6.78,Normal
2026-03-03 17:08:00,Nashik Road,59,57,86,20,138,97,134,142,417,21.07,265.78,72.82,Rainy,Frustrated,9.71,High
2026-03-13 11:41:00,Makhmalabad,52,53,79,36,74,149,103,35,308,55.49,212.73,57.11,Rainy,Impatient,8.18,High
2026-03-28 21:20:00,Mhasrul,102,29,134,131,86,79,37,28,359,55.03,230.89,62.07,Rainy,Frustrated,9.71,High
2026-03-09 23:57:00,Mumbai Naka,130,131,43,54,39,71,79,146,291,19.37,188.01,51.18,Overcast,Neutral,4.41,Normal
2026-03-15 03:42:00,Dwarka Circle,62,52,78,42,134,49,34,85,308,27.22,194.57,70.88,Rainy,Impatient,8.73,High
2026-03-17 12:59:00,Dwarka Circle,140,24,109,129,139,53,133,43,521,49.38,303.43,84.28,Clear,Impatient,7.21,High
2026-03-12 07:47:00,Trimbak Naka,33,94,62,13,44,115,37,54,176,52.74,140.22,36.47,Overcast,Impatient,6.74,Normal
2026-03-12 15:08:00,Indira Nagar,33,65,34,149,56,105,91,64,214,17.26,160.55,44.79,Clear,Neutral,6.93,Normal
2026-03-25 13:05:00,Mhasrul,68,44,103,32,107,72,47,107,325,39.61,214.22,66.1,Foggy,Frustrated,8.79,High
2026-03-21 13:38:00,Ashok Stambh,14,95,110,147,115,85,29,62,268,39.95,177.52,57.62,Rainy,Neutral,6.9,Normal
2026-03-16 16:17:00,College Road,54,85,77,119,46,61,46,33,223,50.96,162.0,42.31,Overcast,Impatient,4.77,Normal
2026-03-05 04:40:00,Govind Nagar,71,143,105,86,66,49,69,73,311,37.19,199.96,59.81,Rainy,Neutral,6.41,Normal
2026-03-11 06:41:00,Sinnar Phata,141,19,72,29,66,90,111,131,390,47.86,245.26,79.78,Rainy,Anxious,9.26,High
2026-03-01 20:42:00,CBS Circle,110,109,101,56,35,117,19,76,265,39.32,187.73,51.07,Foggy,Impatient,5.85,Normal
2026-03-14 19:34:00,Makhmalabad,95,36,18,97,143,38,70,136,326,42.48,220.55,72.01,Clear,Anxious,8.81,High
2026-03-24 23:17:00,Makhmalabad,135,130,42,29,42,77,91,23,310,36.16,201.56,74.0,Rainy,Anxious,9.18,High
2026-03-19 18:49:00,College Road,129,28,146,53,77,80,140,98,492,21.09,286.48,109.5,Overcast,Impatient,8.84,High
2026-03-04 08:58:00,Mumbai Naka,10,125,131,77,108,40,129,130,378,31.05,237.87,61.82,Overcast,Anxious,8.89,High
2026-03-07 18:16:00,Ashok Stambh,139,94,148,34,146,67,127,30,560,17.46,335.02,116.89,Rainy,Anxious,9.42,High
2026-03-15 05:39:00,Rane Nagar,121,116,28,54,81,53,20,114,250,43.26,175.22,57.71,Foggy,Impatient,4.38,Normal
2026-03-09 12:18:00,Govind Nagar,49,47,17,107,144,118,141,40,351,53.76,233.14,65.13,Overcast,Anxious,9.08,High
2026-03-12 09:56:00,Makhmalabad,40,113,108,101,109,91,127,119,384,41.34,240.42,90.97,Clear,Anxious,8.83,High
2026-03-11 19:00:00,Ashok Stambh,13,139,114,84,114,110,97,102,338,18.41,215.2,73.78,Overcast,Impatient,7.04,High
2026-03-24 03:29:00,Adgaon Naka,15,99,67,11,133,24,18,11,233,23.94,167.63,51.24,Clear,Impatient,6.14,Normal
2026-03-29 06:53:00,Mumbai Naka,83,46,60,113,73,77,80,44,296,42.69,190.2,53.0,Foggy,Neutral,4.13,Normal
2026-03-15 08:50:00,Sinnar Phata,55,18,75,88,49,119,22,112,201,38.35,149.35,40.06,Rainy,Impatient,6.09,Normal
2026-03-03 20:20:00,Ashok Stambh,96,39,18,30,119,115,55,23,288,12.97,199.62,65.52,Rainy,Frustrated,9.64,High
2026-03-11 06:09:00,Dwarka Circle,106,39,142,43,56,124,23,69,327,18.15,216.99,63.44,Overcast,Impatient,7.22,High
2026-03-23 03:46:00,Govind Nagar,90,139,150,20,115,16,102,23,457,16.74,273.14,96.0,Clear,Frustrated,9.71,High
2026-03-12 14:40:00,Dwarka Circle,95,91,111,16,36,15,47,101,289,42.87,187.94,59.03,Clear,Impatient,6.51,Normal
2026-03-08 14:12:00,Govind Nagar,23,74,116,94,84,142,10,99,233,16.94,164.12,38.81,Rainy,Neutral,8.48,High
2026-03-21 11:21:00,Bytco Point,64,60,128,55,25,84,145,59,362,20.57,225.46,71.65,Rainy,Impatient,9.44,High
2026-03-30 23:34:00,Sinnar Phata,63,81,79,116,46,31,37,123,225,23.82,155.16,46.69,Foggy,Impatient,5.53,Normal
2026-03-30 08:02:00,Panchavati,31,133,148,37,120,60,62,113,361,12.73,227.68,60.34,Overcast,Impatient,8.66,High
2026-03-12 08:27:00,Adgaon Naka,82,43,56,18,84,20,90,149,312,15.62,199.58,50.42,Overcast,Impatient,4.24,Normal
2026-03-12 01:44:00,Trimbak Naka,10,82,87,140,39,133,33,109,169,14.07,143.97,39.12,Clear,Impatient,6.88,Normal
2026-03-24 00:31:00,Satpur MIDC,100,140,59,43,131,60,15,31,305,31.74,194.37,66.4,Foggy,Frustrated,9.19,High
2026-03-14 11:41:00,CBS Circle,102,84,119,45,80,105,43,127,344,43.22,226.77,55.73,Foggy,Impatient,4.73,Normal
2026-03-04 04:22:00,College Road,88,123,74,59,91,67,94,139,347,54.02,227.12,65.02,Clear,Impatient,7.65,High
2026-03-20 13:00:00,Mhasrul,77,106,130,23,58,141,91,119,356,34.97,225.79,59.81,Foggy,Impatient,6.14,Normal
2026-03-15 16:00:00,Sinnar Phata,98,98,38,30,95,117,51,29,282,23.71,182.78,56.22,Overcast,Neutral,5.32,Normal
2026-03-06 20:04:00,Adgaon Naka,64,51,82,62,54,145,86,127,286,48.73,191.24,52.45,Clear,Neutral,4.23,Normal
2026-03-08 08:17:00,Adgaon Naka,14,30,105,99,108,53,48,136,275,48.5,190.39,65.54,Clear,Impatient,7.05,High
2026-03-12 15:58:00,Mhasrul,120,68,61,60,110,124,59,25,350,23.16,219.48,75.13,Rainy,Frustrated,10.0,High
2026-03-04 16:55:00,Panchavati,61,98,33,14,42,20,71,117,207,28.12,155.56,40.37,Foggy,Neutral,4.4,Normal
2026-03-03 13:25:00,Gangapur Road,58,134,42,66,145,48,32,133,277,21.72,193.95,55.6,Rainy,Neutral,7.55,High
2026-03-03 17:00:00,Govind Nagar,48,121,144,89,149,38,81,116,422,37.27,269.08,98.38,Overcast,Impatient,8.07,High
2026-03-27 02:36:00,Satpur MIDC,130,125,56,121,146,79,142,36,474,48.95,282.49,87.61,Foggy,Anxious,7.27,High
2026-03-06 08:08:00,Satpur MIDC,12,121,147,22,19,25,130,54,308,17.75,197.48,68.27,Overcast,Frustrated,7.84,High
2026-03-13 22:15:00,Gangapur Road,26,55,25,98,46,43,108,98,205,47.75,159.23,33.13,Rainy,Neutral,5.56,Normal
2026-03-29 05:28:00,Gangapur Road,109,61,139,62,117,49,63,148,428,11.57,266.22,100.62,Foggy,Anxious,8.65,High
2026-03-03 20:33:00,College Road,27,137,72,107,39,33,97,100,235,29.27,169.19,37.94,Clear,Impatient,4.11,Normal
2026-03-25 02:02:00,Nashik Road,10,143,82,78,29,123,50,42,171,25.43,133.0,37.91,Rainy,Neutral,5.86,Normal
2026-03-08 03:25:00,CBS Circle,147,23,106,49,31,102,114,41,398,14.76,256.03,72.78,Overcast,Frustrated,8.27,High
2026-03-30 18:34:00,Gangapur Road,110,127,86,113,53,77,12,129,261,56.19,177.95,47.54,Clear,Impatient,6.81,Normal
2026-03-13 22:00:00,Indira Nagar,58,103,83,68,101,100,50,104,292,42.13,189.54,67.89,Overcast,Anxious,7.45,High
2026-03-22 11:55:00,Deolali Camp,108,124,123,66,56,32,51,57,338,47.06,215.6,64.38,Overcast,Frustrated,8.83,High
2026-03-10 14:49:00,Patherdi Phata,147,104,53,43,41,148,15,132,256,20.34,176.02,44.57,Clear,Impatient,5.97,Normal
2026-03-23 05:51:00,Indira Nagar,13,136,24,150,15,145,94,24,146,18.91,126.22,27.11,Rainy,Neutral,2.92,Normal
2026-03-26 23:22:00,Mhasrul,88,105,18,95,97,63,69,63,272,48.59,184.44,60.69,Overcast,Frustrated,8.5,High
2026-03-24 08:03:00,Bytco Point,35,128,55,99,85,22,12,32,187,26.41,136.2,38.16,Overcast,Neutral,4.09,Normal
2026-03-13 11:44:00,Rane Nagar,66,31,148,150,86,114,12,119,312,45.02,212.77,69.81,Overcast,Frustrated,7.52,High
2026-03-19 03:07:00,College Road,94,54,105,106,101,43,35,90,335,35.36,216.66,71.15,Overcast,Impatient,9.85,High
2026-03-06 09:17:00,CBS Circle,63,27,138,52,92,43,38,121,331,28.0,220.22,72.46,Overcast,Anxious,7.07,High
2026-03-20 06:12:00,Satpur MIDC,100,124,54,17,140,63,94,144,388,27.2,252.39,72.48,Overcast,Anxious,8.87,High
2026-03-17 11:42:00,Makhmalabad,57,85,146,63,57,78,144,103,404,44.42,243.24,70.57,Overcast,Frustrated,9.23,High
2026-03-11 14:50:00,CBS Circle,121,83,14,106,83,132,132,135,350,37.69,218.34,78.07,Rainy,Frustrated,10.0,High
2026-03-21 16:02:00,Panchavati,54,105,25,14,26,22,92,140,197,20.69,149.07,39.71,Foggy,Impatient,6.92,Normal
2026-03-20 03:05:00,Gangapur Road,26,145,18,107,148,79,22,91,214,22.66,161.53,43.7,Overcast,Impatient,5.61,Normal
2026-03-17 07:56:00,Indira Nagar,37,86,88,115,103,40,132,18,360,36.87,234.71,81.66,Clear,Impatient,8.96,High
2026-03-08 15:27:00,Bytco Point,130,88,95,72,80,148,106,77,411,27.33,257.41,91.55,Clear,Frustrated,7.54,High
2026-03-05 16:14:00,Govind Nagar,39,80,37,32,10,90,72,95,158,13.49,125.93,25.44,Overcast,Satisfied,3.24,Normal
2026-03-14 05:29:00,College Road,32,37,22,133,22,87,146,69,222,46.45,166.8,41.45,Foggy,Impatient,4.6,Normal
2026-03-24 03:22:00,Satpur MIDC,20,55,51,90,135,91,60,44,266,41.58,183.1,45.65,Rainy,Neutral,6.55,Normal
2026-03-10 20:42:00,Patherdi Phata,65,31,67,47,61,37,63,19,256,31.25,183.21,57.34,Clear,Impatient,6.15,Normal
2026-03-24 23:53:00,Govind Nagar,146,83,142,49,13,71,57,73,358,19.88,222.45,62.29,Rainy,Impatient,9.4,High
2026-03-08 02:56:00,Satpur MIDC,131,114,142,80,49,40,134,75,456,33.23,274.57,73.25,Clear,Anxious,9.88,High
2026-03-17 17:49:00,Ashok Stambh,128,120,60,146,146,32,13,87,347,32.12,226.76,59.91,Clear,Neutral,5.53,Normal
2026-03-17 01:12:00,Ashok Stambh,91,42,123,61,53,79,39,113,306,30.9,203.93,50.61,Overcast,Neutral,5.82,Normal
2026-03-23 03:06:00,Rane Nagar,26,33,42,143,75,34,50,92,193,42.37,142.1,34.23,Foggy,Impatient,4.97,Normal
2026-03-19 08:22:00,Mumbai Naka,110,66,50,43,121,106,96,68,377,52.12,237.58,78.48,Rainy,Impatient,10.0,High
2026-03-28 06:56:00,Indira Nagar,65,31,96,71,75,32,136,98,372,30.45,232.67,59.97,Overcast,Impatient,5.59,Normal
2026-03-04 11:48:00,CBS Circle,62,57,139,122,104,18,127,11,432,31.19,262.32,79.34,Overcast,Anxious,8.71,High
2026-03-14 09:37:00,CBS Circle,131,57,19,128,10,116,129,69,289,27.23,192.91,49.56,Rainy,Neutral,6.75,Normal
2026-03-05 01:28:00,Indira Nagar,67,17,119,26,35,57,116,131,337,32.95,208.97,60.87,Clear,Anxious,8.8,High
2026-03-19 10:02:00,Gangapur Road,119,139,88,56,59,97,58,119,324,31.87,214.86,77.17,Foggy,Impatient,9.3,High
2026-03-03 07:32:00,Adgaon Naka,41,58,54,117,77,26,47,40,219,49.84,163.78,51.88,Rainy,Neutral,6.13,Normal
2026-03-04 21:35:00,Rane Nagar,75,146,132,91,142,57,30,102,379,13.75,246.28,83.06,Overcast,Frustrated,7.17,High
2026-03-10 07:05:00,Rane Nagar,16,126,104,111,83,109,45,49,248,39.39,175.11,57.57,Rainy,Neutral,7.38,High
2026-03-27 08:30:00,Rane Nagar,113,72,15,48,64,16,148,136,340,39.06,219.67,76.39,Overcast,Frustrated,7.45,High
2026-03-21 17:06:00,Gangapur Road,35,114,64,48,57,126,106,97,262,40.05,186.82,50.05,Rainy,Impatient,6.32,Normal
2026-03-08 15:28:00,Bytco Point,142,138,112,34,16,141,40,30,310,12.47,199.44,66.58,Rainy,Frustrated,10.0,High
2026-03-06 18:32:00,Indira Nagar,117,14,117,63,42,110,67,21,343,22.49,223.35,75.09,Overcast,Anxious,9.77,High
2026-03-03 17:20:00,College Road,62,114,122,22,87,130,139,36,410,31.9,262.05,90.83,Rainy,Frustrated,9.49,High
2026-03-03 19:29:00,Patherdi Phata,106,141,32,113,19,40,37,56,194,17.41,146.02,38.0,Rainy,Neutral,7.81,High
2026-03-30 06:57:00,College Road,138,16,146,90,83,114,107,136,474,12.68,288.65,88.98,Overcast,Frustrated,9.71,High
2026-03-02 20:48:00,Makhmalabad,86,134,56,75,31,12,22,48,195,14.67,145.88,33.3,Overcast,Impatient,4.4,Normal
2026-03-12 02:55:00,Nashik Road,73,72,113,148,36,64,70,73,292,15.35,197.88,68.55,Rainy,Impatient,10.0,High
2026-03-08 07:43:00,Nashik Road,46,23,35,85,53,66,26,55,160,21.97,137.72,28.65,Overcast,Neutral,2.4,Normal
2026-03-22 08:02:00,Sinnar Phata,10,95,39,16,12,77,58,118,119,46.44,110.19,25.66,Foggy,Satisfied,1.32,Normal
2026-03-20 10:22:00,Satpur MIDC,117,84,97,49,67,73,103,58,384,29.48,246.23,82.73,Rainy,Anxious,9.15,High
2026-03-27 00:27:00,Makhmalabad,64,14,22,105,15,43,75,52,176,30.98,132.82,33.63,Rainy,Impatient,6.54,Normal
2026-03-29 02:55:00,Deolali Camp,18,72,10,19,22,25,129,22,179,17.67,130.46,34.43,Clear,Neutral,4.88,Normal
2026-03-06 07:27:00,Gangapur Road,21,37,135,107,58,56,109,25,323,27.56,217.45,53.63,Overcast,Impatient,6.55,Normal
2026-03-13 12:20:00,Sinnar Phata,147,81,27,35,37,129,105,83,316,14.5,201.52,53.67,Overcast,Impatient,6.51,Normal
2026-03-23 11:55:00,Gangapur Road,24,54,137,75,113,26,139,42,413,14.91,247.44,86.11,Overcast,Frustrated,8.61,High
2026-03-08 09:04:00,Adgaon Naka,43,55,132,106,116,84,78,121,369,17.47,241.57,69.06,Rainy,Impatient,9.16,High
2026-03-21 05:24:00,College Road,53,150,61,95,131,55,122,60,367,24.63,230.06,67.64,Clear,Anxious,9.43,High
2026-03-17 11:28:00,College Road,57,31,122,62,30,114,122,104,331,27.54,221.22,69.26,Foggy,Impatient,9.35,High
2026-03-29 13:24:00,Makhmalabad,98,26,60,106,56,95,65,97,279,34.86,179.97,47.83,Rainy,Impatient,5.72,Normal
2026-03-23 05:08:00,Sinnar Phata,111,39,85,97,66,94,14,76,276,43.06,193.06,53.28,Clear,Neutral,6.24,Normal
2026-03-22 05:36:00,Adgaon Naka,62,45,41,16,123,114,82,53,308,45.08,200.88,68.26,Rainy,Frustrated,9.45,High
2026-03-17 17:39:00,Patherdi Phata,140,79,49,77,99,86,146,147,434,46.03,264.98,98.4,Clear,Frustrated,9.23,High
2026-03-29 08:14:00,Makhmalabad,121,14,138,61,83,23,144,98,486,18.64,291.48,86.52,Foggy,Impatient,8.35,High
2026-03-21 17:10:00,Sinnar Phata,11,31,93,67,43,85,63,27,210,19.67,158.91,41.68,Overcast,Neutral,4.24,Normal
2026-03-07 10:40:00,Satpur MIDC,140,73,51,42,62,71,63,32,316,39.46,210.26,75.3,Foggy,Anxious,7.82,High
2026-03-28 10:12:00,Deolali Camp,126,124,119,28,31,28,109,85,385,16.71,244.8,64.47,Clear,Impatient,8.57,High
2026-03-11 00:16:00,Sinnar Phata,10,41,110,116,12,126,45,141,177,33.0,133.1,41.39,Clear,Impatient,6.56,Normal
2026-03-28 08:06:00,Satpur MIDC,88,72,149,53,62,17,19,118,318,27.22,204.14,73.13,Clear,Anxious,7.87,High
2026-03-12 20:06:00,Satpur MIDC,50,71,62,39,69,49,23,131,204,27.59,153.34,41.13,Clear,Neutral,5.94,Normal
2026-03-09 03:35:00,Govind Nagar,73,104,143,25,42,22,24,28,282,17.74,185.79,47.36,Rainy,Neutral,5.66,Normal
2026-03-09 03:25:00,Trimbak Naka,49,133,105,89,36,44,126,133,316,29.39,202.67,63.35,Clear,Frustrated,9.92,High
2026-03-24 08:53:00,Bytco Point,49,71,64,30,145,113,127,101,385,21.04,238.92,88.2,Overcast,Impatient,9.45,High
2026-03-24 14:40:00,Trimbak Naka,26,93,54,15,40,24,105,100,225,33.12,162.32,42.34,Overcast,Neutral,4.83,Normal
2026-03-25 10:25:00,Mumbai Naka,19,12,22,33,96,145,56,92,193,41.82,138.58,38.15,Foggy,Neutral,5.27,Normal
2026-03-16 18:07:00,Sinnar Phata,130,122,33,84,31,52,79,45,273,12.67,196.38,64.31,Foggy,Impatient,8.14,High
2026-03-15 22:13:00,Ashok Stambh,89,62,99,82,20,23,94,37,302,27.0,193.34,60.48,Rainy,Anxious,9.44,High
2026-03-14 06:17:00,Satpur MIDC,150,44,142,26,146,81,113,107,551,41.42,328.78,122.83,Foggy,Impatient,8.52,High
2026-03-15 01:39:00,Bytco Point,37,133,139,86,122,89,66,98,364,15.87,229.12,78.68,Foggy,Frustrated,8.49,High
2026-03-30 06:46:00,Rane Nagar,81,93,83,49,115,141,21,110,300,43.44,195.06,69.97,Foggy,Frustrated,8.66,High
2026-03-02 07:31:00,Gangapur Road,150,137,38,64,117,150,112,35,417,42.78,255.38,77.67,Foggy,Frustrated,8.75,High
2026-03-24 06:02:00,Mumbai Naka,62,22,111,114,150,127,67,129,390,51.03,250.19,65.86,Clear,Frustrated,7.32,High
2026-03-07 20:13:00,Gangapur Road,61,134,77,115,131,123,52,42,321,51.77,218.9,76.15,Foggy,Anxious,7.49,High
2026-03-12 06:12:00,Nashik Road,102,74,136,107,98,91,131,57,467,43.72,282.41,107.17,Foggy,Frustrated,8.77,High
2026-03-04 18:27:00,Indira Nagar,40,144,15,123,90,89,63,56,208,19.13,155.79,35.55,Foggy,Impatient,5.3,Normal
2026-03-12 11:10:00,Bytco Point,105,145,10,92,123,35,81,110,319,38.68,204.5,51.2,Rainy,Impatient,7.03,High
2026-03-26 08:58:00,Bytco Point,136,149,49,108,61,128,121,22,367,39.87,229.86,83.25,Overcast,Frustrated,7.0,High
2026-03-15 14:03:00,CBS Circle,47,46,82,75,90,50,35,119,254,31.75,167.33,45.81,Clear,Impatient,6.78,Normal
2026-03-16 17:32:00,Adgaon Naka,89,87,135,41,140,61,74,55,438,21.9,264.78,96.27,Rainy,Impatient,10.0,High
2026-03-15 15:05:00,CBS Circle,20,53,98,71,139,26,12,111,269,44.79,181.09,57.34,Foggy,Neutral,4.48,Normal
2026-03-24 08:56:00,Ashok Stambh,97,135,106,117,90,18,14,54,307,13.59,211.7,68.23,Rainy,Impatient,8.92,High
2026-03-02 17:53:00,Adgaon Naka,69,103,89,116,25,69,46,106,229,53.44,166.21,36.66,Clear,Impatient,6.07,Normal
2026-03-20 07:19:00,Mhasrul,29,51,77,30,122,77,24,19,252,55.04,170.36,45.27,Rainy,Neutral,6.85,Normal
2026-03-02 00:53:00,CBS Circle,142,110,118,64,118,27,112,116,490,34.69,295.87,90.81,Foggy,Anxious,8.21,High
2026-03-04 19:29:00,CBS Circle,116,143,121,88,32,68,16,121,285,23.26,193.07,66.17,Clear,Frustrated,9.66,High
2026-03-23 08:46:00,Adgaon Naka,145,73,124,52,118,58,64,138,451,35.2,268.47,86.12,Rainy,Impatient,10.0,High
2026-03-22 19:54:00,Indira Nagar,125,23,33,135,12,93,112,71,282,30.88,190.05,45.19,Rainy,Neutral,7.94,High
2026-03-14 03:40:00,Trimbak Naka,42,87,41,50,86,85,127,137,296,43.67,201.4,58.96,Clear,Impatient,6.09,Normal
2026-03-21 10:12:00,Indira Nagar,92,29,97,24,60,94,99,11,348,22.07,219.83,76.43,Foggy,Anxious,9.16,High
2026-03-04 14:15:00,Sinnar Phata,58,121,117,91,52,104,74,120,301,54.59,206.11,63.15,Overcast,Anxious,7.28,High
2026-03-21 21:14:00,Panchavati,108,44,16,44,148,113,88,33,360,40.32,227.14,83.05,Foggy,Frustrated,8.25,High
2026-03-01 05:33:00,Satpur MIDC,44,31,100,122,63,109,26,102,233,14.82,170.54,43.42,Foggy,Impatient,6.09,Normal
2026-03-12 16:42:00,Patherdi Phata,67,14,44,87,16,42,15,96,142,19.19,121.87,28.58,Foggy,Neutral,3.38,Normal
2026-03-02 19:46:00,Mumbai Naka,87,20,28,50,81,49,26,32,222,23.28,165.65,40.96,Rainy,Impatient,7.56,High
2026-03-20 06:10:00,Ashok Stambh,25,142,108,66,107,110,35,89,275,44.45,186.05,61.58,Foggy,Anxious,7.18,High
2026-03-28 08:51:00,Satpur MIDC,148,110,35,117,103,82,88,107,374,46.23,246.71,72.33,Overcast,Frustrated,7.76,High
2026-03-29 19:08:00,Trimbak Naka,106,102,109,120,127,130,54,87,396,20.9,239.79,93.81,Overcast,Impatient,9.48,High
2026-03-26 08:02:00,Indira Nagar,103,138,48,131,149,95,142,107,442,16.74,266.55,98.03,Rainy,Frustrated,8.78,High
2026-03-12 01:36:00,Gangapur Road,58,47,18,137,91,84,63,60,230,57.62,170.4,40.03,Clear,Impatient,5.78,Normal
2026-03-27 13:54:00,Adgaon Naka,54,39,109,32,135,124,49,99,347,51.77,227.06,71.57,Overcast,Impatient,7.27,High
2026-03-10 16:27:00,CBS Circle,142,135,68,107,93,24,51,10,354,21.01,220.01,65.32,Rainy,Anxious,9.86,High
2026-03-15 05:16:00,College Road,143,137,22,116,78,102,17,115,260,36.25,183.25,43.39,Rainy,Impatient,5.65,Normal
2026-03-04 05:34:00,Sinnar Phata,59,90,17,39,131,39,128,136,335,25.81,218.83,76.31,Rainy,Frustrated,9.7,High
2026-03-18 07:33:00,Patherdi Phata,20,111,65,141,50,26,20,85,155,48.13,125.23,32.86,Clear,Impatient,6.22,Normal
2026-03-16 19:08:00,Nashik Road,134,72,123,61,96,132,116,33,469,12.64,286.63,82.28,Overcast,Impatient,9.42,High
2026-03-23 23:31:00,Rane Nagar,25,84,89,91,96,41,87,82,297,50.53,205.96,70.79,Clear,Anxious,8.78,High
2026-03-13 09:13:00,Dwarka Circle,76,48,105,41,60,114,112,106,353,29.3,220.16,60.79,Rainy,Frustrated,10.0,High
2026-03-02 22:25:00,Satpur MIDC,90,94,17,90,130,111,31,93,268,35.83,185.54,60.27,Rainy,Impatient,9.31,High
2026-03-08 13:40:00,Mumbai Naka,132,130,34,62,76,64,53,20,295,25.7,190.28,63.32,Overcast,Anxious,7.28,High
2026-03-20 00:08:00,Ashok Stambh,42,21,113,51,121,57,55,100,331,44.49,210.89,67.42,Foggy,Anxious,8.4,High
2026-03-15 16:24:00,Nashik Road,92,109,136,116,76,56,135,134,439,25.81,265.51,101.77,Foggy,Anxious,8.61,High
2026-03-25 00:34:00,Sinnar Phata,103,94,110,111,52,85,147,100,412,33.26,265.87,97.32,Rainy,Impatient,10.0,High
2026-03-15 05:12:00,Trimbak Naka,58,139,107,150,75,37,127,36,367,50.92,225.43,83.47,Foggy,Anxious,8.77,High
2026-03-20 20:15:00,Gangapur Road,40,15,119,135,66,38,107,112,332,21.19,212.94,69.2,Overcast,Impatient,7.43,High
2026-03-14 06:06:00,Panchavati,11,103,104,111,39,20,21,128,175,51.87,146.65,40.3,Overcast,Impatient,4.83,Normal
2026-03-11 06:46:00,Adgaon Naka,125,71,44,69,61,23,108,30,338,31.48,228.44,57.63,Clear,Neutral,5.13,Normal
2026-03-16 16:17:00,Gangapur Road,28,72,24,42,37,35,133,86,222,40.55,153.97,36.34,Overcast,Impatient,5.41,Normal
2026-03-27 23:58:00,Gangapur Road,66,97,103,114,36,140,140,135,345,31.74,228.22,63.21,Foggy,Frustrated,7.83,High
2026-03-08 03:52:00,Ashok Stambh,125,80,94,110,125,30,98,37,442,31.74,263.84,88.48,Clear,Impatient,8.04,High
2026-03-29 11:55:00,Patherdi Phata,40,142,125,95,111,136,42,80,318,38.83,204.67,66.02,Clear,Anxious,8.68,High
2026-03-05 15:22:00,Panchavati,124,65,22,53,139,114,20,127,305,27.79,204.56,68.16,Overcast,Impatient,8.82,High
2026-03-26 18:57:00,Satpur MIDC,109,65,95,52,106,55,61,11,371,18.81,232.2,83.48,Rainy,Anxious,9.38,High
2026-03-20 02:41:00,Adgaon Naka,60,77,70,145,94,110,107,58,331,52.21,223.82,72.39,Overcast,Anxious,7.35,High
2026-03-23 22:59:00,Govind Nagar,92,143,12,48,41,40,38,140,183,25.58,137.96,42.63,Rainy,Impatient,6.83,Normal
2026-03-30 10:22:00,Mumbai Naka,16,71,103,129,37,148,32,42,188,54.61,138.23,35.98,Overcast,Impatient,6.92,Normal
2026-03-08 22:50:00,Mhasrul,35,110,101,52,79,13,104,30,319,16.98,207.26,52.32,Rainy,Neutral,6.73,Normal
2026-03-01 01:24:00,Adgaon Naka,113,146,80,89,109,56,133,122,435,46.96,262.34,76.2,Foggy,Frustrated,9.2,High
2026-03-02 04:58:00,Panchavati,131,139,52,46,123,29,69,110,375,27.63,231.52,68.49,Foggy,Impatient,8.64,High
2026-03-19 06:00:00,Deolali Camp,22,138,47,117,12,87,38,67,119,49.35,104.14,24.76,Overcast,Neutral,1.81,Normal
2026-03-27 17:31:00,Makhmalabad,84,88,29,108,139,48,45,87,297,50.11,194.24,51.94,Rainy,Impatient,5.79,Normal
2026-03-04 01:03:00,Gangapur Road,102,71,76,26,11,28,130,96,319,45.61,205.69,66.93,Foggy,Anxious,9.3,High
2026-03-20 21:50:00,Govind Nagar,142,133,49,14,52,111,37,18,280,50.28,183.49,46.24,Foggy,Impatient,4.94,Normal
2026-03-16 07:56:00,Dwarka Circle,33,23,128,64,121,106,57,11,339,44.09,211.79,65.24,Rainy,Anxious,10.0,High
2026-03-26 03:25:00,College Road,114,50,82,41,137,39,73,57,406,24.87,256.03,78.97,Overcast,Impatient,8.96,High
2026-03-11 02:59:00,Panchavati,46,122,116,47,119,43,71,52,352,35.82,224.83,67.52,Clear,Frustrated,8.58,High
2026-03-28 12:03:00,Trimbak Naka,86,102,53,77,67,23,110,10,316,16.64,200.43,57.55,Clear,Impatient,5.36,Normal
2026-03-04 19:02:00,Gangapur Road,31,64,94,46,85,87,103,44,313,52.14,215.85,75.07,Overcast,Impatient,7.35,High
2026-03-29 04:51:00,Panchavati,52,106,86,15,108,51,86,145,332,51.48,223.47,67.26,Overcast,Impatient,7.19,High
2026-03-18 00:28:00,Gangapur Road,60,146,109,83,149,14,21,145,339,47.12,210.72,54.25,Clear,Impatient,6.29,Normal
2026-03-28 04:19:00,Bytco Point,77,71,63,59,123,109,120,114,383,22.57,246.78,76.69,Overcast,Frustrated,7.1,High
2026-03-09 09:07:00,Dwarka Circle,51,92,114,37,106,44,63,58,334,17.56,218.11,67.02,Clear,Impatient,8.46,High
2026-03-20 20:42:00,Ashok Stambh,77,48,15,87,71,36,16,71,179,42.08,133.11,35.39,Overcast,Impatient,6.82,Normal
2026-03-29 02:12:00,Rane Nagar,76,29,115,89,84,140,58,99,333,12.36,206.5,79.01,Clear,Impatient,9.22,High
2026-03-14 00:10:00,CBS Circle,38,27,76,23,84,123,103,30,301,41.75,194.46,51.58,Foggy,Impatient,5.32,Normal
2026-03-05 20:07:00,Gangapur Road,85,122,54,62,42,69,94,31,275,15.63,193.76,54.86,Rainy,Neutral,5.66,Normal
2026-03-16 15:58:00,Bytco Point,20,102,132,131,124,100,120,39,396,20.63,253.07,72.71,Rainy,Impatient,10.0,High
2026-03-20 09:06:00,Makhmalabad,39,104,123,70,37,141,80,77,279,46.03,183.55,48.77,Foggy,Impatient,4.79,Normal
2026-03-03 18:21:00,Dwarka Circle,142,82,87,36,67,98,44,119,340,14.64,225.71,71.03,Clear,Anxious,9.67,High
2026-03-04 08:54:00,Dwarka Circle,17,77,19,57,146,46,115,28,297,49.75,190.43,55.2,Foggy,Neutral,5.41,Normal
2026-03-22 04:58:00,Deolali Camp,32,128,15,39,50,81,121,111,218,48.23,159.88,44.19,Overcast,Impatient,4.1,Normal
2026-03-04 09:06:00,Satpur MIDC,54,10,37,42,78,38,104,125,273,29.92,193.44,57.1,Overcast,Neutral,4.99,Normal
2026-03-20 11:31:00,Panchavati,117,139,24,37,146,124,80,120,367,39.75,229.06,69.74,Overcast,Impatient,8.75,High
2026-03-19 13:43:00,CBS Circle,74,129,134,146,39,12,62,71,309,54.13,205.96,55.94,Overcast,Impatient,5.0,Normal
2026-03-22 00:38:00,Satpur MIDC,67,126,70,16,106,91,103,34,346,17.51,225.69,71.73,Clear,Anxious,8.78,High
2026-03-01 06:09:00,CBS Circle,129,92,22,34,31,85,100,79,282,26.37,184.99,64.72,Clear,Anxious,8.91,High
2026-03-22 10:57:00,Dwarka Circle,66,124,59,98,48,49,81,40,254,52.06,171.45,50.37,Clear,Impatient,6.12,Normal
2026-03-21 22:34:00,Adgaon Naka,103,104,62,41,86,148,79,34,330,34.17,215.62,63.72,Foggy,Impatient,9.27,High
2026-03-29 02:59:00,Satpur MIDC,117,124,83,79,131,46,29,114,360,38.52,237.14,73.5,Clear,Frustrated,8.39,High
2026-03-20 02:40:00,Patherdi Phata,116,145,98,68,37,64,128,132,379,17.0,245.53,71.94,Foggy,Impatient,8.04,High
2026-03-13 03:13:00,Deolali Camp,33,100,24,80,122,48,42,53,221,38.29,169.67,52.1,Overcast,Impatient,5.93,Normal
2026-03-19 10:15:00,CBS Circle,47,80,69,111,50,126,13,28,179,22.86,148.44,33.54,Rainy,Neutral,6.98,Normal
2026-03-08 18:22:00,College Road,65,119,12,43,107,147,86,86,270,53.61,194.61,45.48,Overcast,Neutral,5.79,Normal
2026-03-07 02:54:00,Nashik Road,120,40,33,88,91,48,42,81,286,20.11,188.13,64.65,Foggy,Frustrated,7.83,High
2026-03-02 02:38:00,Adgaon Naka,130,47,81,84,19,54,55,93,285,49.92,192.23,55.88,Rainy,Impatient,8.1,High
2026-03-03 01:58:00,College Road,72,27,137,109,100,20,90,96,399,52.76,248.8,66.26,Overcast,Anxious,7.22,High
2026-03-21 19:22:00,Ashok Stambh,79,128,112,134,18,126,118,42,327,33.96,206.49,76.42,Rainy,Impatient,9.35,High
2026-03-30 07:27:00,Mhasrul,47,109,63,54,138,146,96,106,344,40.59,229.27,77.37,Rainy,Frustrated,10.0,High
2026-03-13 22:28:00,Indira Nagar,70,112,18,87,126,81,145,147,359,23.49,232.83,74.42,Foggy,Anxious,8.81,High
2026-03-04 09:48:00,Dwarka Circle,48,98,80,82,103,35,47,51,278,42.83,191.78,50.82,Rainy,Neutral,8.45,High
2026-03-03 10:42:00,Satpur MIDC,68,95,90,120,52,55,92,111,302,44.71,208.81,58.52,Rainy,Impatient,7.76,High
2026-03-03 05:38:00,Trimbak Naka,108,70,149,105,72,29,121,38,450,24.85,276.12,83.59,Overcast,Anxious,8.03,High
2026-03-10 05:59:00,Trimbak Naka,86,89,88,116,34,53,114,14,322,56.68,204.98,71.03,Rainy,Frustrated,10.0,High
2026-03-09 20:21:00,Indira Nagar,17,131,146,108,35,43,81,139,279,18.2,183.2,57.39,Rainy,Impatient,8.25,High
2026-03-24 02:40:00,Mhasrul,85,131,86,89,15,67,80,133,266,19.86,174.58,45.1,Foggy,Impatient,4.63,Normal
2026-03-24 06:16:00,Panchavati,46,103,18,137,107,62,90,74,261,17.12,174.47,62.12,Foggy,Frustrated,7.42,High
2026-03-16 01:02:00,Trimbak Naka,87,49,118,121,62,81,149,93,416,22.06,261.74,74.33,Clear,Frustrated,8.39,High
2026-03-06 18:36:00,Makhmalabad,136,22,51,119,138,13,129,17,454,26.63,279.37,83.98,Foggy,Impatient,9.98,High
2026-03-28 21:43:00,Ashok Stambh,99,144,143,144,105,29,142,34,489,45.33,295.05,100.7,Foggy,Frustrated,9.35,High
2026-03-25 00:48:00,Indira Nagar,114,22,135,79,134,24,40,24,423,46.32,268.19,73.33,Overcast,Anxious,9.18,High
2026-03-13 22:20:00,Indira Nagar,103,139,109,117,87,141,114,11,413,40.51,250.05,71.81,Foggy,Impatient,7.05,High
2026-03-30 00:31:00,Panchavati,15,60,74,54,90,101,115,124,294,16.82,199.62,50.43,Rainy,Impatient,7.58,High
2026-03-30 07:50:00,Indira Nagar,83,75,72,95,132,62,71,57,358,56.01,233.22,77.67,Overcast,Impatient,7.1,High
2026-03-17 04:24:00,Mumbai Naka,47,140,114,104,67,114,85,90,313,55.39,210.41,59.71,Clear,Impatient,4.94,Normal
2026-03-28 16:52:00,Mumbai Naka,11,64,16,70,145,141,148,17,320,48.28,216.21,61.03,Clear,Frustrated,8.69,High
2026-03-11 17:23:00,Adgaon Naka,67,36,85,23,80,122,12,96,244,19.73,172.59,44.99,Overcast,Impatient,5.2,Normal
2026-03-13 10:12:00,Mumbai Naka,11,76,145,41,13,109,58,47,227,37.44,163.33,39.29,Clear,Impatient,6.05,Normal
2026-03-11 03:22:00,Makhmalabad,99,132,32,98,40,148,144,31,315,31.86,199.06,60.66,Overcast,Frustrated,7.04,High
2026-03-24 16:43:00,Bytco Point,72,56,110,74,100,23,86,108,368,52.27,234.94,86.05,Overcast,Impatient,7.03,High
2026-03-14 19:31:00,Mumbai Naka,36,119,25,96,114,117,82,21,257,20.03,171.99,50.27,Foggy,Impatient,4.6,Normal
2026-03-02 18:04:00,Bytco Point,150,57,139,30,123,66,16,137,428,34.85,261.58,75.59,Overcast,Anxious,7.68,High
2026-03-03 08:50:00,Nashik Road,82,86,60,71,27,66,131,71,300,55.89,200.98,51.91,Foggy,Impatient,5.98,Normal
2026-03-21 07:38:00,Mhasrul,78,25,81,143,124,91,65,63,348,17.68,226.55,71.37,Foggy,Anxious,9.6,High
2026-03-26 20:15:00,Panchavati,138,115,109,137,68,88,71,83,386,32.84,247.9,63.54,Rainy,Frustrated,9.86,High
2026-03-09 04:48:00,Ashok Stambh,47,27,15,72,55,22,73,78,190,41.74,149.47,32.18,Foggy,Neutral,5.14,Normal
2026-03-09 09:54:00,Govind Nagar,115,21,99,19,23,134,80,35,317,42.74,210.72,60.16,Clear,Impatient,7.25,High
2026-03-13 16:03:00,Gangapur Road,117,52,28,95,73,48,79,87,297,15.64,205.39,66.14,Clear,Impatient,8.86,High
2026-03-25 14:48:00,CBS Circle,126,111,80,20,75,114,59,117,340,38.78,220.55,79.1,Overcast,Impatient,9.66,High
2026-03-03 10:22:00,Mumbai Naka,141,139,42,24,34,15,12,148,229,42.32,169.33,52.18,Clear,Impatient,6.65,Normal
2026-03-24 07:13:00,Makhmalabad,21,70,102,75,71,56,82,83,276,43.39,184.34,62.53,Foggy,Impatient,8.21,High
2026-03-04 22:05:00,Deolali Camp,56,46,29,24,73,42,111,74,269,22.94,181.33,60.55,Overcast,Anxious,8.96,High
2026-03-10 17:28:00,Indira Nagar,141,28,13,43,83,140,104,50,341,37.7,219.57,68.66,Foggy,Anxious,9.54,High
2026-03-07 16:56:00,College Road,120,91,119,46,63,70,101,61,403,21.74,249.84,85.81,Rainy,Frustrated,10.0,High
2026-03-27 11:50:00,Trimbak Naka,24,89,16,88,119,18,29,95,188,15.66,134.73,44.64,Rainy,Neutral,8.25,High
2026-03-15 18:08:00,CBS Circle,96,90,31,57,87,118,68,109,282,37.05,185.97,50.81,Foggy,Impatient,5.92,Normal
2026-03-12 20:51:00,CBS Circle,74,36,129,128,35,118,128,146,366,27.91,236.88,66.68,Overcast,Impatient,8.99,High
2026-03-01 13:28:00,Govind Nagar,50,96,94,49,101,98,68,51,313,49.54,209.51,65.36,Foggy,Impatient,9.82,High
2026-03-18 19:10:00,Panchavati,10,35,71,123,95,49,53,20,229,28.27,171.86,37.29,Rainy,Impatient,6.77,Normal
2026-03-20 19:40:00,Indira Nagar,150,136,68,57,135,149,74,90,427,39.99,267.47,70.89,Foggy,Impatient,8.28,High
2026-03-09 10:37:00,Indira Nagar,119,35,113,114,60,61,113,88,405,19.43,249.71,82.72,Rainy,Anxious,9.54,High
2026-03-16 06:09:00,Patherdi Phata,116,88,64,15,112,124,62,53,354,27.19,229.36,74.0,Overcast,Impatient,9.54,High
2026-03-17 03:13:00,Panchavati,89,34,36,87,30,45,61,126,216,21.87,162.8,35.46,Rainy,Impatient,5.73,Normal
2026-03-13 04:16:00,Mhasrul,62,104,54,25,89,42,133,11,338,20.28,221.02,77.26,Foggy,Frustrated,9.04,High
2026-03-07 18:16:00,Mhasrul,148,136,34,114,24,70,36,109,242,33.55,167.44,55.44,Clear,Neutral,4.49,Normal
2026-03-09 15:29:00,Makhmalabad,63,108,137,15,69,137,132,111,401,24.93,243.31,82.21,Foggy,Anxious,9.55,High
2026-03-12 00:34:00,Rane Nagar,40,66,56,30,89,48,41,109,226,17.06,156.87,53.06,Foggy,Neutral,6.92,Normal
2026-03-25 05:01:00,Rane Nagar,147,98,31,83,49,49,133,11,360,39.77,234.93,76.29,Clear,Impatient,7.74,High
2026-03-23 07:22:00,Govind Nagar,143,37,77,31,146,113,39,150,405,55.22,246.19,78.2,Overcast,Frustrated,7.8,High
2026-03-20 04:46:00,Patherdi Phata,11,129,123,137,127,97,146,20,407,52.32,255.43,91.71,Foggy,Anxious,8.61,High
2026-03-21 11:37:00,Sinnar Phata,23,138,117,49,39,37,88,15,267,33.84,178.1,56.23,Clear,Neutral,5.0,Normal
2026-03-11 06:29:00,Deolali Camp,32,82,134,14,25,12,17,131,208,55.0,162.1,35.62,Overcast,Neutral,5.45,Normal
2026-03-12 05:37:00,Gangapur Road,150,105,123,15,69,47,44,86,386,44.88,244.83,81.55,Overcast,Impatient,9.79,High
2026-03-27 07:11:00,CBS Circle,57,102,137,61,10,97,146,77,350,17.06,223.68,72.34,Foggy,Frustrated,9.9,High
2026-03-04 21:13:00,Makhmalabad,63,55,73,45,146,130,124,39,406,49.95,252.66,84.31,Clear,Anxious,7.46,High
2026-03-09 17:09:00,Bytco Point,39,41,128,139,71,77,26,30,264,54.43,173.6,54.54,Overcast,Neutral,6.09,Normal
2026-03-21 05:34:00,Dwarka Circle,99,137,89,84,132,103,22,60,342,15.6,212.97,67.05,Clear,Anxious,7.08,High
2026-03-20 09:25:00,Panchavati,43,105,94,62,33,34,105,63,275,49.47,193.16,45.62,Rainy,Neutral,5.93,Normal
2026-03-08 03:08:00,Mumbai Naka,35,96,72,40,91,59,61,34,259,54.72,184.87,57.47,Clear,Neutral,6.42,Normal
2026-03-23 05:20:00,Satpur MIDC,24,20,144,30,26,125,17,53,211,23.31,156.83,38.77,Overcast,Neutral,4.75,Normal
2026-03-03 18:25:00,Indira Nagar,135,48,10,89,62,26,113,19,320,29.61,201.52,56.62,Foggy,Impatient,5.91,Normal
2026-03-26 01:54:00,Mhasrul,94,110,129,129,78,111,114,46,415,25.59,256.7,90.66,Foggy,Anxious,9.99,High
2026-03-30 02:40:00,CBS Circle,41,23,117,38,79,77,143,115,380,14.47,234.9,78.26,Rainy,Impatient,9.79,High
2026-03-16 19:43:00,Makhmalabad,134,43,30,37,84,114,44,124,292,27.75,188.28,59.86,Foggy,Neutral,4.11,Normal
2026-03-15 05:13:00,Sinnar Phata,139,38,69,129,22,98,67,39,297,32.01,191.95,52.45,Foggy,Neutral,4.46,Normal
2026-03-12 03:24:00,Mumbai Naka,68,98,33,144,79,15,85,32,265,52.98,173.05,59.09,Foggy,Impatient,6.75,Normal
2026-03-14 10:16:00,CBS Circle,93,136,58,142,10,116,26,69,187,49.48,145.42,41.68,Clear,Neutral,4.61,Normal
2026-03-26 18:32:00,Govind Nagar,98,70,78,66,43,135,148,128,367,46.95,224.05,69.7,Rainy,Anxious,8.81,High
2026-03-30 23:37:00,Makhmalabad,15,51,71,89,51,139,62,140,199,28.56,155.31,40.48,Overcast,Impatient,4.72,Normal
2026-03-19 17:55:00,Deolali Camp,105,129,120,92,66,76,100,54,391,23.74,244.26,75.46,Rainy,Anxious,9.47,High
2026-03-24 02:36:00,Dwarka Circle,23,21,127,85,11,16,135,121,296,48.17,199.43,66.78,Rainy,Anxious,10.0,High
2026-03-16 12:55:00,Ashok Stambh,89,113,119,50,94,112,51,18,353,35.16,222.75,79.12,Rainy,Frustrated,10.0,High
2026-03-03 12:18:00,Rane Nagar,146,11,101,15,147,88,31,63,425,46.61,268.81,84.24,Clear,Impatient,8.93,High
2026-03-28 22:07:00,Trimbak Naka,116,72,14,17,73,101,42,48,245,16.39,176.42,56.49,Foggy,Impatient,5.02,Normal
2026-03-30 06:20:00,Trimbak Naka,98,84,59,19,42,54,20,31,219,52.82,158.74,51.97,Clear,Impatient,5.75,Normal
2026-03-15 09:14:00,Gangapur Road,59,44,80,18,119,89,118,101,376,30.23,244.54,73.47,Foggy,Anxious,9.96,High
2026-03-05 11:33:00,College Road,10,44,52,69,141,147,135,45,338,22.76,209.13,73.31,Clear,Frustrated,9.93,High
2026-03-22 07:14:00,Adgaon Naka,129,71,20,63,108,45,38,125,295,32.89,198.88,60.03,Rainy,Impatient,10.0,High
2026-03-22 14:49:00,Ashok Stambh,38,90,57,55,12,73,24,54,131,16.88,118.82,22.99,Foggy,Neutral,2.25,Normal
2026-03-27 08:05:00,Patherdi Phata,69,50,112,116,111,114,98,116,390,47.38,249.68,85.66,Clear,Anxious,8.93,High
2026-03-07 00:20:00,Nashik Road,15,41,26,65,95,81,138,138,274,17.77,188.28,44.54,Overcast,Impatient,4.2,Normal
2026-03-05 07:21:00,Satpur MIDC,56,81,91,119,102,22,44,124,293,14.7,196.69,48.66,Foggy,Impatient,4.89,Normal
2026-03-08 16:53:00,Sinnar Phata,46,84,124,133,77,45,19,65,266,31.42,180.04,51.36,Rainy,Impatient,7.12,High
2026-03-04 13:54:00,Mhasrul,55,47,87,86,94,48,134,28,370,32.91,229.76,80.1,Foggy,Frustrated,7.71,High
2026-03-02 02:59:00,Mumbai Naka,18,68,138,20,134,69,50,80,340,41.15,218.22,77.77,Foggy,Frustrated,7.07,High
2026-03-12 10:38:00,Bytco Point,87,48,31,95,93,29,34,32,245,54.84,174.88,42.39,Foggy,Neutral,4.06,Normal
2026-03-15 13:09:00,Dwarka Circle,27,107,19,140,131,36,14,71,191,22.83,154.02,44.91,Rainy,Impatient,6.33,Normal
2026-03-26 20:45:00,Rane Nagar,41,45,133,38,27,107,113,24,314,12.92,213.62,73.73,Overcast,Anxious,7.74,High
2026-03-28 05:20:00,Gangapur Road,82,80,78,111,146,16,145,25,451,33.18,276.52,98.87,Clear,Anxious,8.56,High
2026-03-18 03:10:00,Bytco Point,114,52,148,108,33,23,13,146,308,27.13,195.0,59.15,Rainy,Neutral,7.47,High
2026-03-27 00:36:00,Panchavati,121,81,85,148,106,115,18,149,330,44.55,206.53,55.71,Clear,Impatient,5.14,Normal
2026-03-17 16:25:00,Bytco Point,85,27,108,146,95,79,121,147,409,31.93,258.94,86.07,Clear,Anxious,9.41,High
2026-03-16 03:06:00,Patherdi Phata,98,49,135,81,80,32,32,145,345,47.06,225.45,77.29,Rainy,Anxious,8.58,High
2026-03-08 13:52:00,Gangapur Road,38,41,110,139,49,64,85,124,282,25.92,184.67,67.34,Overcast,Impatient,7.23,High
2026-03-19 11:46:00,Bytco Point,138,131,30,32,141,92,42,149,351,35.36,225.74,76.01,Rainy,Anxious,10.0,High
2026-03-26 04:30:00,College Road,93,67,48,147,76,28,111,29,328,22.69,213.05,53.06,Foggy,Impatient,6.68,Normal
2026-03-06 19:45:00,Ashok Stambh,139,128,47,57,86,63,128,82,400,35.47,244.55,93.31,Overcast,Impatient,7.67,High
2026-03-17 01:15:00,Panchavati,149,22,108,147,42,15,53,60,352,51.8,220.91,62.29,Clear,Frustrated,7.06,High
2026-03-07 22:40:00,Panchavati,112,27,36,147,134,87,143,125,425,10.99,269.18,77.09,Overcast,Frustrated,8.36,High
2026-03-17 18:00:00,Makhmalabad,136,64,116,26,89,40,115,42,456,13.97,286.97,96.5,Rainy,Anxious,8.63,High
2026-03-25 08:11:00,Adgaon Naka,29,42,118,95,63,127,105,130,315,23.2,200.0,67.64,Clear,Frustrated,9.24,High
2026-03-24 18:17:00,Trimbak Naka,93,95,10,118,11,107,104,16,218,22.99,163.59,39.65,Foggy,Impatient,4.92,Normal
2026-03-18 17:48:00,Sinnar Phata,102,25,41,46,68,84,146,112,357,44.93,227.88,82.55,Rainy,Impatient,10.0,High
2026-03-26 00:00:00,Mumbai Naka,17,55,58,107,13,26,131,55,219,30.03,159.05,47.65,Foggy,Impatient,4.28,Normal
2026-03-22 05:51:00,Indira Nagar,93,23,88,72,147,61,46,16,374,55.76,231.53,85.7,Overcast,Frustrated,8.18,High
2026-03-03 20:06:00,Ashok Stambh,102,63,36,66,25,80,11,112,174,15.61,129.37,40.56,Overcast,Impatient,5.71,Normal
2026-03-01 13:24:00,College Road,122,74,138,110,100,25,89,108,449,18.04,264.65,89.41,Rainy,Impatient,10.0,High
2026-03-08 22:01:00,Nashik Road,45,101,121,107,19,96,19,121,204,55.21,151.14,41.14,Overcast,Neutral,6.29,Normal
2026-03-01 05:29:00,Rane Nagar,21,120,21,50,144,56,131,58,317,42.18,201.6,70.73,Rainy,Anxious,8.9,High
2026-03-12 22:01:00,Patherdi Phata,114,39,29,52,78,146,59,139,280,41.79,185.87,58.47,Clear,Impatient,4.44,Normal
2026-03-25 07:48:00,Indira Nagar,107,21,33,128,91,118,80,111,311,38.33,210.28,54.68,Overcast,Impatient,6.46,Normal
2026-03-05 18:48:00,Govind Nagar,130,100,95,141,120,100,117,104,462,26.75,290.91,84.49,Foggy,Impatient,7.35,High
2026-03-22 02:34:00,Adgaon Naka,69,12,80,35,32,125,108,76,289,18.62,187.61,66.85,Foggy,Impatient,9.1,High
2026-03-03 08:04:00,Makhmalabad,87,42,52,69,81,49,97,34,317,49.52,211.76,72.6,Overcast,Impatient,8.67,High
2026-03-11 22:23:00,Panchavati,99,69,18,31,15,119,107,113,239,14.15,168.17,40.38,Foggy,Impatient,4.01,Normal
2026-03-06 18:54:00,Sinnar Phata,142,73,62,125,64,45,44,141,312,33.49,210.15,67.5,Overcast,Anxious,7.16,High
2026-03-24 05:25:00,Dwarka Circle,144,123,65,149,28,82,95,21,332,43.25,221.04,59.67,Overcast,Neutral,6.35,Normal
2026-03-01 14:54:00,Satpur MIDC,32,107,75,141,80,105,114,124,301,22.94,207.87,50.25,Clear,Neutral,6.75,Normal
2026-03-02 17:50:00,Panchavati,65,142,70,138,28,150,46,36,209,29.13,150.5,43.76,Overcast,Neutral,6.76,Normal
2026-03-29 00:23:00,Satpur MIDC,40,121,136,14,31,13,74,12,281,47.0,188.68,53.74,Rainy,Neutral,7.66,High
2026-03-25 06:14:00,Deolali Camp,117,80,133,13,14,77,17,82,281,17.68,194.82,55.54,Rainy,Impatient,5.6,Normal
2026-03-29 14:06:00,CBS Circle,132,30,92,146,77,59,87,122,388,20.85,234.64,75.35,Foggy,Anxious,8.48,High
2026-03-23 05:04:00,Makhmalabad,148,87,70,72,110,38,118,49,446,21.03,272.17,78.23,Overcast,Impatient,8.87,High
2026-03-18 04:53:00,Mumbai Naka,40,148,81,142,89,91,137,12,347,30.21,220.45,68.03,Clear,Anxious,8.08,High
2026-03-06 14:32:00,Adgaon Naka,137,70,14,85,47,96,49,19,247,13.32,168.41,45.93,Foggy,Neutral,6.13,Normal
2026-03-24 17:06:00,Rane Nagar,135,134,143,120,132,46,113,93,523,34.5,305.34,95.32,Clear,Impatient,9.58,High
2026-03-28 11:28:00,Mumbai Naka,51,126,141,34,128,110,70,112,390,17.42,235.81,90.29,Rainy,Frustrated,10.0,High
2026-03-01 02:08:00,Makhmalabad,149,118,97,78,139,109,12,77,397,34.17,247.7,83.13,Overcast,Impatient,7.06,High
2026-03-01 06:50:00,Bytco Point,142,116,110,142,52,72,24,118,328,22.78,210.47,75.63,Foggy,Impatient,7.4,High
2026-03-04 19:04:00,Adgaon Naka,16,27,127,74,136,120,97,82,376,27.6,229.72,70.26,Clear,Impatient,9.39,High
2026-03-24 11:23:00,Makhmalabad,23,103,95,136,109,127,133,142,360,46.67,234.37,59.4,Foggy,Impatient,4.29,Normal
2026-03-28 21:39:00,College Road,66,110,76,129,80,94,84,139,306,20.51,198.57,53.12,Rainy,Impatient,8.43,High
2026-03-29 18:30:00,Indira Nagar,56,19,143,61,58,116,148,112,405,45.29,254.2,68.42,Overcast,Impatient,9.85,High
2026-03-05 05:34:00,Deolali Camp,120,114,82,75,150,95,138,67,490,48.56,303.11,110.42,Rainy,Frustrated,10.0,High
2026-03-18 14:47:00,Satpur MIDC,146,125,38,50,26,73,58,30,268,36.0,175.28,51.26,Overcast,Impatient,5.39,Normal
2026-03-09 05:24:00,Mumbai Naka,80,50,120,122,31,92,69,115,300,23.61,206.28,59.21,Clear,Neutral,4.33,Normal
2026-03-13 21:48:00,Indira Nagar,31,29,62,95,134,149,48,128,275,52.72,195.65,62.06,Foggy,Impatient,9.23,High
2026-03-21 07:56:00,Mhasrul,124,136,32,93,32,10,74,33,262,21.34,183.29,57.16,Overcast,Neutral,4.77,Normal
2026-03-25 17:50:00,Mhasrul,150,35,20,135,59,148,43,41,272,30.58,188.5,59.67,Rainy,Impatient,7.89,High
2026-03-18 21:39:00,Satpur MIDC,116,12,90,105,102,145,70,30,378,42.05,241.33,66.43,Clear,Impatient,7.2,High
2026-03-11 21:34:00,Mhasrul,13,104,145,79,123,70,123,13,404,25.84,255.1,93.24,Overcast,Impatient,7.86,High
2026-03-10 07:17:00,Mhasrul,117,34,51,114,133,105,57,23,358,32.25,234.48,84.66,Foggy,Frustrated,9.22,High
2026-03-16 15:28:00,Indira Nagar,53,26,51,123,38,33,44,61,186,42.2,133.59,41.39,Overcast,Neutral,5.07,Normal
2026-03-25 16:21:00,Nashik Road,69,131,144,68,80,137,40,60,333,28.99,207.75,56.02,Rainy,Neutral,7.11,High
2026-03-08 04:23:00,Makhmalabad,88,42,40,136,58,41,78,133,264,15.43,187.38,62.96,Foggy,Frustrated,9.41,High
2026-03-02 12:29:00,Satpur MIDC,86,55,88,52,86,66,22,66,282,45.16,195.94,52.91,Overcast,Impatient,6.47,Normal
2026-03-25 22:51:00,Ashok Stambh,54,132,27,147,59,108,78,98,218,49.69,157.81,43.35,Overcast,Impatient,4.16,Normal
2026-03-15 20:29:00,Makhmalabad,10,67,91,19,19,132,147,53,267,14.0,185.36,53.21,Clear,Neutral,4.15,Normal
2026-03-24 12:47:00,Gangapur Road,102,145,32,137,110,125,73,101,317,24.12,199.14,70.16,Foggy,Impatient,7.38,High
2026-03-26 14:15:00,Govind Nagar,104,108,69,31,84,29,12,21,269,28.4,189.74,58.67,Rainy,Neutral,6.1,Normal
2026-03-11 03:02:00,Gangapur Road,45,36,57,127,15,91,117,73,234,27.13,167.19,50.54,Rainy,Neutral,8.32,High
2026-03-30 13:22:00,Indira Nagar,30,59,146,65,61,22,33,14,270,53.16,180.28,56.31,Overcast,Neutral,5.27,Normal
2026-03-03 08:11:00,Ashok Stambh,25,104,54,91,10,50,36,26,125,41.82,115.71,25.49,Overcast,Satisfied,1.15,Normal
2026-03-25 15:28:00,Govind Nagar,53,16,32,71,105,120,84,134,274,49.36,193.68,63.67,Overcast,Impatient,9.2,High
2026-03-03 15:56:00,Sinnar Phata,28,49,27,30,10,76,72,105,137,35.68,114.23,30.28,Rainy,Impatient,7.2,High
2026-03-20 13:40:00,Rane Nagar,84,70,119,66,66,104,129,100,398,38.13,249.79,83.47,Rainy,Anxious,10.0,High
2026-03-29 01:52:00,Deolali Camp,67,14,25,54,10,20,28,123,130,58.61,107.41,22.76,Clear,Satisfied,2.44,Normal
2026-03-14 12:13:00,Mumbai Naka,53,114,132,134,123,107,26,111,334,19.7,221.54,66.83,Overcast,Anxious,7.05,High
2026-03-19 13:20:00,Deolali Camp,18,62,37,115,130,20,133,25,318,37.78,211.51,68.49,Clear,Impatient,7.91,High
2026-03-12 07:54:00,Panchavati,53,71,115,12,139,35,140,79,447,26.15,272.02,83.94,Foggy,Anxious,8.1,High
2026-03-29 07:00:00,Trimbak Naka,90,16,145,34,124,145,33,128,392,16.16,247.19,80.09,Foggy,Impatient,8.7,High
2026-03-21 08:25:00,Makhmalabad,41,16,22,117,24,106,138,24,225,56.48,169.25,46.05,Rainy,Impatient,6.87,Normal
2026-03-11 08:18:00,Satpur MIDC,99,55,34,104,10,18,82,73,225,50.69,158.57,48.17,Clear,Neutral,5.47,Normal
2026-03-02 19:45:00,Satpur MIDC,61,146,101,106,44,94,28,81,234,47.68,170.99,39.2,Foggy,Impatient,4.65,Normal
2026-03-29 22:31:00,Indira Nagar,42,16,39,80,37,142,115,17,233,34.3,164.62,53.74,Overcast,Neutral,5.12,Normal
2026-03-24 03:59:00,Patherdi Phata,52,39,90,48,133,28,81,82,356,42.29,227.99,72.54,Rainy,Impatient,9.43,High
2026-03-08 07:38:00,Govind Nagar,134,38,104,128,64,133,64,73,366,54.76,226.27,70.75,Foggy,Frustrated,8.4,High
2026-03-12 14:44:00,Rane Nagar,148,34,27,13,114,71,74,134,363,16.6,225.64,64.78,Clear,Anxious,9.66,High
2026-03-16 11:19:00,Rane Nagar,33,11,144,110,84,95,87,60,348,31.99,226.31,68.56,Overcast,Anxious,7.43,High
2026-03-26 20:53:00,College Road,148,79,37,43,33,99,32,116,250,42.79,178.5,42.13,Overcast,Impatient,6.62,Normal
2026-03-15 13:15:00,Govind Nagar,28,84,25,24,27,40,125,76,205,40.35,142.52,34.77,Clear,Impatient,5.19,Normal
2026-03-15 09:04:00,Rane Nagar,44,103,142,19,56,137,136,17,378,52.94,234.57,83.22,Overcast,Frustrated,9.47,High
2026-03-24 07:09:00,Bytco Point,130,143,118,24,67,44,11,137,326,20.82,220.87,59.32,Rainy,Impatient,7.93,High
2026-03-16 19:59:00,Makhmalabad,72,137,81,132,121,78,45,105,319,14.6,207.62,58.49,Foggy,Impatient,6.2,Normal
2026-03-17 14:41:00,Rane Nagar,86,52,60,70,113,142,145,130,404,25.86,253.65,70.26,Foggy,Anxious,8.39,High
2026-03-03 14:04:00,Govind Nagar,111,114,20,102,44,96,72,22,247,53.98,182.25,57.99,Overcast,Impatient,4.72,Normal
2026-03-27 19:57:00,Gangapur Road,62,79,114,39,60,34,39,142,275,52.01,192.1,59.52,Foggy,Impatient,4.14,Normal
2026-03-23 01:41:00,Sinnar Phata,94,80,49,90,125,116,47,24,315,42.23,217.0,65.17,Overcast,Anxious,7.58,High
2026-03-23 10:04:00,Mumbai Naka,115,102,48,145,132,145,39,22,334,24.12,221.88,54.29,Overcast,Impatient,6.11,Normal
2026-03-12 23:27:00,College Road,16,52,128,60,33,144,82,144,259,56.51,177.63,60.57,Overcast,Frustrated,7.71,High
2026-03-15 17:51:00,Gangapur Road,84,102,58,132,28,115,48,70,218,37.44,162.16,37.99,Overcast,Neutral,6.76,Normal
2026-03-06 17:48:00,Trimbak Naka,132,56,69,76,48,126,82,93,331,43.36,216.75,61.88,Rainy,Frustrated,9.51,High
2026-03-25 06:31:00,Govind Nagar,129,69,47,142,54,116,118,88,348,47.87,226.78,80.19,Foggy,Anxious,7.22,High
2026-03-25 22:10:00,Govind Nagar,91,137,123,96,43,67,113,84,370,51.89,225.17,84.27,Clear,Frustrated,7.8,High
2026-03-12 21:24:00,College Road,111,146,120,57,101,105,65,149,397,11.83,238.7,88.44,Foggy,Frustrated,7.96,High
2026-03-15 05:30:00,Ashok Stambh,107,57,148,20,47,41,56,114,358,15.14,221.24,82.83,Overcast,Anxious,8.71,High
2026-03-12 13:16:00,Trimbak Naka,140,85,114,68,49,89,120,110,423,25.86,258.74,88.95,Rainy,Anxious,8.82,High
2026-03-06 18:44:00,CBS Circle,29,53,84,90,141,124,49,36,303,27.41,207.7,59.83,Foggy,Impatient,5.74,Normal
2026-03-10 18:32:00,Govind Nagar,121,109,107,85,28,58,130,90,386,18.81,236.18,89.19,Rainy,Impatient,9.7,High
2026-03-01 00:18:00,Sinnar Phata,141,113,58,104,97,60,138,133,434,18.25,257.73,87.17,Foggy,Impatient,7.2,High
2026-03-07 00:20:00,Bytco Point,27,116,27,83,114,101,53,24,221,19.91,156.84,47.54,Foggy,Neutral,6.89,Normal
2026-03-16 19:06:00,College Road,132,147,81,33,18,118,67,118,298,20.1,194.87,62.85,Rainy,Anxious,9.21,High
2026-03-18 21:00:00,Sinnar Phata,91,133,105,22,44,77,106,29,346,40.24,228.5,74.27,Foggy,Anxious,8.01,High
2026-03-30 15:51:00,Patherdi Phata,102,75,68,130,47,89,125,118,342,21.91,224.65,76.75,Rainy,Impatient,8.79,High
2026-03-28 05:37:00,Trimbak Naka,51,68,110,15,145,48,47,40,353,44.41,217.65,72.74,Overcast,Frustrated,9.74,High
2026-03-06 11:02:00,Nashik Road,63,70,90,64,71,113,56,44,280,25.15,180.3,50.88,Clear,Neutral,4.84,Normal
2026-03-13 21:27:00,Govind Nagar,103,86,119,76,26,140,120,20,368,53.62,227.68,65.24,Clear,Impatient,8.36,High
2026-03-12 22:27:00,Mhasrul,139,34,116,10,32,83,127,117,414,51.21,249.5,71.67,Foggy,Anxious,8.68,High
2026-03-19 11:16:00,Trimbak Naka,83,87,42,67,33,131,41,71,199,56.07,155.04,40.03,Clear,Impatient,6.37,Normal
2026-03-11 13:02:00,College Road,31,15,145,83,80,77,58,37,314,23.66,216.11,50.71,Overcast,Impatient,6.03,Normal
2026-03-24 07:43:00,Bytco Point,49,14,107,136,78,55,120,69,354,35.91,227.52,84.13,Foggy,Impatient,7.7,High
2026-03-28 18:44:00,Makhmalabad,127,131,16,70,17,106,15,137,175,45.98,143.76,28.95,Overcast,Neutral,2.13,Normal
2026-03-23 10:16:00,College Road,83,89,46,33,104,45,78,41,311,21.47,206.4,59.11,Rainy,Neutral,7.46,High
2026-03-01 01:58:00,Mumbai Naka,132,135,67,30,35,66,148,59,382,27.57,244.88,74.77,Rainy,Impatient,9.77,High
2026-03-25 06:51:00,Ashok Stambh,79,14,68,54,123,89,140,27,410,15.09,261.2,95.2,Rainy,Anxious,10.0,High
2026-03-21 05:00:00,Deolali Camp,115,94,115,124,114,31,142,102,486,51.33,289.88,108.79,Overcast,Impatient,8.8,High
2026-03-07 13:03:00,Bytco Point,124,114,15,25,128,146,108,92,375,49.18,234.42,86.96,Rainy,Anxious,10.0,High
2026-03-30 22:37:00,Satpur MIDC,132,102,145,111,103,15,67,130,447,27.63,264.99,90.59,Foggy,Impatient,7.41,High
2026-03-25 09:42:00,Ashok Stambh,147,48,148,141,57,100,24,66,376,36.2,247.16,85.28,Clear,Anxious,9.5,High
2026-03-29 21:49:00,Deolali Camp,70,44,71,30,148,33,33,139,322,50.12,205.17,64.64,Rainy,Frustrated,9.31,High
2026-03-14 14:14:00,Adgaon Naka,34,33,139,36,113,85,26,132,312,41.85,201.43,73.18,Rainy,Anxious,10.0,High
2026-03-15 00:43:00,Ashok Stambh,105,47,65,75,125,41,107,114,402,13.24,242.63,71.3,Foggy,Impatient,7.68,High
2026-03-25 22:59:00,Mhasrul,139,58,105,133,135,75,136,150,515,19.0,300.86,100.76,Overcast,Anxious,8.93,High
2026-03-22 21:23:00,Deolali Camp,116,100,141,124,54,47,116,144,427,48.94,255.03,72.61,Rainy,Frustrated,10.0,High
2026-03-10 03:08:00,Trimbak Naka,85,102,114,16,116,134,68,147,383,29.56,237.04,75.58,Rainy,Anxious,8.7,High
2026-03-09 17:05:00,Deolali Camp,146,41,74,46,78,100,109,96,407,43.44,250.53,84.89,Foggy,Frustrated,7.71,High
2026-03-23 22:48:00,Trimbak Naka,69,108,115,119,112,139,35,122,331,18.24,213.33,71.12,Foggy,Anxious,7.35,High
2026-03-07 10:24:00,Gangapur Road,20,110,48,80,119,125,114,30,301,38.53,191.43,48.71,Clear,Neutral,5.6,Normal
2026-03-14 02:53:00,Ashok Stambh,126,75,40,68,121,49,114,146,401,27.87,247.12,94.7,Rainy,Anxious,10.0,High
2026-03-06 13:44:00,Makhmalabad,30,59,20,96,58,108,87,141,195,30.8,138.67,40.57,Clear,Neutral,5.56,Normal
2026-03-22 00:58:00,Deolali Camp,34,23,49,94,94,100,74,59,251,37.88,177.0,49.5,Clear,Impatient,5.85,Normal
2026-03-29 10:19:00,Nashik Road,67,132,132,84,143,93,146,107,488,42.03,292.24,101.35,Rainy,Frustrated,10.0,High
2026-03-11 09:03:00,Govind Nagar,75,140,51,74,63,18,94,78,283,28.29,181.74,46.34,Foggy,Neutral,6.23,Normal
2026-03-11 10:10:00,Sinnar Phata,48,10,13,131,56,144,18,88,135,15.93,110.74,30.43,Rainy,Impatient,6.3,Normal
2026-03-27 17:26:00,Patherdi Phata,57,69,109,20,10,41,92,110,268,17.9,177.59,53.18,Foggy,Impatient,5.04,Normal
2026-03-15 15:37:00,Gangapur Road,52,80,14,67,89,93,51,49,206,36.97,149.99,35.83,Overcast,Neutral,6.34,Normal
2026-03-28 22:28:00,Patherdi Phata,34,47,132,65,110,14,69,105,345,18.93,216.54,61.11,Clear,Frustrated,7.07,High
2026-03-20 10:56:00,Govind Nagar,141,117,147,75,64,99,82,69,434,16.28,257.69,96.21,Foggy,Frustrated,7.37,High
2026-03-02 03:32:00,Trimbak Naka,139,49,42,28,131,30,11,27,323,24.32,205.77,72.01,Clear,Frustrated,7.53,High
2026-03-19 21:39:00,Mumbai Naka,141,67,72,145,70,66,98,106,381,16.95,235.52,84.44,Clear,Anxious,8.5,High
2026-03-04 11:12:00,Indira Nagar,25,81,74,141,39,109,29,103,167,35.21,134.12,37.78,Foggy,Neutral,4.2,Normal
2026-03-28 03:47:00,CBS Circle,128,71,139,104,124,131,25,82,416,30.13,250.54,77.28,Foggy,Frustrated,8.0,High
2026-03-17 09:03:00,College Road,142,64,28,124,27,109,131,69,328,48.49,205.1,74.78,Foggy,Frustrated,8.19,High
2026-03-08 10:57:00,Patherdi Phata,12,11,50,121,57,112,23,17,142,38.77,111.73,27.07,Clear,Neutral,1.07,Normal
2026-03-20 20:02:00,Deolali Camp,73,15,42,100,43,116,94,46,252,47.05,171.74,45.04,Clear,Impatient,6.91,Normal
2026-03-07 04:49:00,Dwarka Circle,13,145,88,14,107,25,104,102,312,13.58,215.17,72.82,Foggy,Anxious,9.6,High
2026-03-17 13:48:00,Trimbak Naka,150,145,150,30,45,132,95,66,440,49.18,279.43,91.97,Foggy,Frustrated,9.07,High
2026-03-20 23:20:00,Dwarka Circle,116,67,121,104,150,88,85,123,472,23.39,288.77,91.83,Clear,Frustrated,9.51,High
2026-03-08 09:40:00,Sinnar Phata,74,81,82,63,19,67,87,65,262,51.37,183.26,60.42,Foggy,Anxious,9.56,High
2026-03-29 20:45:00,College Road,145,22,59,125,11,10,36,26,251,40.98,167.28,47.5,Overcast,Neutral,5.24,Normal
2026-03-09 12:55:00,College Road,56,48,12,106,62,134,50,21,180,32.87,137.95,30.24,Clear,Impatient,6.63,Normal
2026-03-17 15:56:00,Mumbai Naka,135,141,100,70,61,146,71,125,367,15.33,241.65,62.24,Foggy,Frustrated,7.33,High
2026-03-06 12:02:00,Sinnar Phata,79,71,110,63,77,47,138,113,404,32.96,247.75,71.51,Clear,Frustrated,7.62,High
2026-03-14 15:04:00,Patherdi Phata,75,95,124,54,110,56,40,106,349,28.84,227.84,74.84,Foggy,Anxious,7.67,High
2026-03-27 13:26:00,Ashok Stambh,27,95,126,56,29,119,16,64,198,27.54,150.19,42.76,Foggy,Impatient,5.14,Normal
2026-03-10 04:47:00,Dwarka Circle,29,56,91,43,150,26,129,46,399,11.02,257.53,87.31,Clear,Frustrated,9.37,High
2026-03-17 13:19:00,Panchavati,39,61,120,84,75,135,91,135,325,22.11,213.82,56.64,Overcast,Impatient,4.62,Normal
2026-03-23 05:17:00,Dwarka Circle,124,99,127,138,43,96,69,18,363,12.44,222.17,81.89,Rainy,Anxious,8.89,High
2026-03-09 10:56:00,Satpur MIDC,118,56,58,149,121,31,127,80,424,29.33,265.86,76.42,Clear,Frustrated,7.51,High
2026-03-21 23:09:00,Bytco Point,121,78,95,127,57,101,129,129,402,19.66,260.21,85.39,Overcast,Anxious,7.35,High
2026-03-06 00:17:00,Patherdi Phata,107,70,18,121,85,143,88,59,298,35.36,201.8,67.8,Clear,Impatient,7.31,High
2026-03-02 10:24:00,Govind Nagar,123,59,85,63,28,58,71,85,307,31.5,203.71,59.29,Foggy,Impatient,6.4,Normal
2026-03-07 13:50:00,Mhasrul,29,72,95,41,104,65,67,29,295,54.31,205.13,49.09,Clear,Neutral,5.3,Normal
2026-03-22 14:24:00,CBS Circle,140,30,45,104,17,135,107,105,309,12.97,213.41,62.62,Foggy,Impatient,8.93,High
2026-03-05 10:00:00,Mhasrul,11,28,68,44,21,37,102,120,202,46.54,160.65,40.66,Foggy,Neutral,6.73,Normal
2026-03-01 05:22:00,Trimbak Naka,12,150,43,46,134,24,67,11,256,54.11,177.12,51.29,Rainy,Impatient,7.02,High
2026-03-30 12:26:00,Govind Nagar,102,61,143,63,32,37,121,106,398,32.42,249.07,82.73,Foggy,Anxious,7.7,High
2026-03-30 21:09:00,Rane Nagar,23,108,34,136,13,12,82,116,152,16.25,129.56,26.76,Overcast,Neutral,2.44,Normal
2026-03-23 09:22:00,Ashok Stambh,70,50,126,139,107,130,112,90,415,53.43,257.95,99.36,Foggy,Anxious,9.79,High
2026-03-22 05:51:00,CBS Circle,70,37,11,51,11,72,94,144,186,25.01,134.96,38.9,Clear,Impatient,6.39,Normal
2026-03-21 02:57:00,Mhasrul,131,123,47,36,99,77,87,132,364,14.92,229.99,62.25,Overcast,Anxious,8.32,High
2026-03-09 20:26:00,Dwarka Circle,117,138,85,30,50,137,22,21,274,13.19,180.6,45.75,Rainy,Impatient,6.42,Normal
2026-03-12 17:43:00,Nashik Road,79,47,88,79,32,135,108,19,307,47.32,198.98,72.12,Foggy,Anxious,9.61,High
2026-03-12 10:08:00,Satpur MIDC,79,65,23,110,74,148,109,133,285,25.88,197.6,52.45,Rainy,Impatient,6.37,Normal
2026-03-01 05:30:00,Sinnar Phata,70,84,46,138,124,35,40,31,280,34.11,189.02,58.99,Clear,Neutral,6.29,Normal
2026-03-11 14:40:00,Adgaon Naka,29,132,51,32,139,77,79,116,298,50.07,199.59,70.51,Rainy,Impatient,10.0,High
2026-03-26 13:47:00,CBS Circle,21,102,130,54,84,74,49,134,284,21.05,201.05,47.9,Foggy,Neutral,5.99,Normal
2026-03-04 10:24:00,Mumbai Naka,140,17,104,39,127,25,20,56,391,24.28,253.19,90.58,Clear,Impatient,9.05,High
2026-03-22 21:23:00,Indira Nagar,68,74,134,131,14,12,139,150,355,24.11,229.16,81.17,Foggy,Anxious,7.5,High
2026-03-22 17:13:00,Trimbak Naka,113,95,149,47,91,149,25,55,378,50.34,246.71,88.08,Clear,Frustrated,9.29,High
2026-03-30 13:14:00,Bytco Point,53,111,13,47,80,89,142,43,288,31.27,196.68,52.15,Foggy,Neutral,6.44,Normal
2026-03-05 08:18:00,Gangapur Road,26,47,126,47,36,99,93,38,281,21.16,183.79,67.01,Clear,Impatient,9.37,High
2026-03-27 10:59:00,Makhmalabad,117,146,91,49,101,46,50,128,359,46.39,221.26,81.46,Rainy,Impatient,10.0,High
2026-03-14 06:22:00,Trimbak Naka,84,51,105,55,60,52,150,39,399,14.97,248.47,87.1,Clear,Impatient,7.73,High
2026-03-13 20:51:00,Trimbak Naka,91,81,84,20,77,108,55,111,307,12.22,197.31,53.71,Clear,Impatient,4.41,Normal
2026-03-23 16:43:00,Mhasrul,124,29,35,15,83,21,40,107,282,12.87,194.23,49.39,Overcast,Impatient,4.71,Normal
2026-03-16 09:26:00,Mhasrul,25,93,30,32,54,116,90,138,199,43.22,158.27,41.4,Rainy,Impatient,7.52,High
2026-03-14 13:15:00,Makhmalabad,135,138,48,96,91,124,113,14,387,33.51,242.8,89.64,Rainy,Impatient,10.0,High
2026-03-27 07:00:00,Patherdi Phata,112,103,44,90,113,131,59,49,328,15.28,213.51,74.01,Overcast,Anxious,8.02,High
2026-03-18 19:41:00,Panchavati,108,122,31,66,52,56,61,139,252,50.27,174.17,42.89,Clear,Impatient,4.43,Normal
2026-03-02 09:34:00,Sinnar Phata,18,91,95,131,44,111,19,35,176,31.6,133.25,33.63,Overcast,Impatient,5.0,Normal
2026-03-15 18:38:00,CBS Circle,30,133,37,116,82,109,52,76,201,40.91,144.63,45.15,Overcast,Impatient,5.63,Normal
2026-03-29 03:24:00,Ashok Stambh,55,50,24,111,89,139,23,22,191,13.58,152.41,32.25,Rainy,Impatient,7.91,High
2026-03-30 12:51:00,Mumbai Naka,119,72,92,59,14,50,37,133,262,23.05,187.04,48.11,Rainy,Impatient,5.89,Normal
2026-03-10 06:05:00,Mumbai Naka,18,23,53,92,16,17,25,23,112,43.37,101.47,22.54,Overcast,Neutral,3.07,Normal
2026-03-16 18:20:00,Govind Nagar,112,148,147,117,69,98,64,114,392,27.15,243.62,78.7,Foggy,Anxious,8.42,High
2026-03-19 15:56:00,Makhmalabad,138,14,145,32,45,121,95,120,423,36.75,252.22,94.44,Clear,Frustrated,7.11,High
2026-03-21 21:12:00,Mhasrul,112,53,32,48,107,44,132,80,383,31.28,232.54,87.72,Clear,Frustrated,8.2,High
2026-03-09 21:24:00,Rane Nagar,94,33,140,65,10,77,110,130,354,44.73,230.65,77.58,Foggy,Anxious,9.95,High
2026-03-23 05:56:00,Bytco Point,128,147,56,11,46,105,85,119,315,48.51,205.14,62.45,Foggy,Impatient,7.48,High
2026-03-11 03:16:00,Indira Nagar,50,84,20,27,139,90,130,57,339,33.77,217.65,68.65,Rainy,Frustrated,10.0,High
2026-03-01 06:54:00,Mhasrul,85,101,78,16,76,92,143,143,382,14.13,232.28,86.01,Overcast,Frustrated,8.33,High
2026-03-09 10:17:00,Adgaon Naka,47,109,86,58,52,26,69,59,254,24.32,178.22,44.98,Foggy,Impatient,5.68,Normal
2026-03-06 10:35:00,Mhasrul,132,55,59,90,18,120,136,51,345,53.78,215.35,69.56,Rainy,Frustrated,8.75,High
2026-03-12 22:24:00,Indira Nagar,55,23,99,83,11,34,52,123,217,29.53,158.82,49.08,Rainy,Neutral,5.92,Normal
2026-03-25 09:01:00,College Road,128,106,49,34,99,110,77,110,353,21.61,235.68,75.6,Foggy,Impatient,9.87,High
2026-03-11 23:10:00,Gangapur Road,111,96,28,31,132,29,75,58,346,26.9,222.73,73.44,Rainy,Impatient,10.0,High
2026-03-02 02:34:00,Mhasrul,31,38,12,75,24,135,71,76,138,25.05,114.71,22.25,Overcast,Neutral,2.77,Normal
2026-03-08 17:58:00,Mhasrul,92,75,141,24,145,143,117,150,495,42.45,298.47,81.65,Foggy,Anxious,7.01,High
2026-03-28 22:22:00,Satpur MIDC,59,77,105,136,59,114,99,23,322,56.33,206.56,69.71,Rainy,Anxious,8.55,High
2026-03-22 20:11:00,Deolali Camp,36,26,115,110,107,32,23,76,281,29.54,195.45,59.21,Clear,Impatient,5.97,Normal
2026-03-11 21:48:00,Deolali Camp,113,92,19,70,22,98,77,114,231,30.68,167.56,51.83,Clear,Impatient,5.78,Normal
2026-03-14 05:24:00,Nashik Road,43,11,124,124,78,92,70,121,315,35.5,209.45,64.63,Clear,Frustrated,9.03,High
2026-03-02 21:21:00,Ashok Stambh,88,94,107,70,40,81,18,96,253,31.67,185.39,41.91,Foggy,Neutral,4.97,Normal
2026-03-06 20:31:00,Govind Nagar,104,54,49,87,133,19,116,86,402,22.28,254.0,84.41,Foggy,Impatient,9.21,High
2026-03-27 13:54:00,Nashik Road,87,24,89,19,68,43,13,135,257,17.4,172.29,44.66,Foggy,Neutral,4.68,Normal
2026-03-20 09:30:00,Govind Nagar,90,13,85,82,104,15,120,117,399,34.36,256.45,93.78,Overcast,Anxious,8.06,High
2026-03-15 17:21:00,Dwarka Circle,76,105,120,135,92,56,122,67,410,15.12,259.1,84.51,Overcast,Impatient,8.16,High
2026-03-13 21:40:00,Adgaon Naka,55,146,75,125,135,21,82,116,347,33.36,221.21,83.17,Foggy,Anxious,9.35,High
2026-03-06 12:51:00,Panchavati,22,53,90,27,138,138,17,128,267,32.86,176.54,53.02,Foggy,Neutral,4.86,Normal
2026-03-23 20:51:00,CBS Circle,144,101,16,56,145,59,43,54,348,46.63,227.81,80.57,Clear,Anxious,7.92,High
2026-03-17 01:28:00,CBS Circle,107,51,51,23,23,128,113,52,294,55.62,189.95,67.25,Clear,Frustrated,9.18,High
2026-03-06 15:13:00,Deolali Camp,34,103,148,97,16,38,90,14,288,22.45,200.54,63.08,Overcast,Frustrated,7.79,High
2026-03-08 14:38:00,Bytco Point,13,118,136,30,77,63,23,133,249,14.58,173.5,41.12,Clear,Impatient,4.84,Normal
2026-03-02 14:12:00,Patherdi Phata,98,101,15,104,70,119,74,132,257,46.96,177.04,41.69,Clear,Impatient,4.98,Normal
2026-03-04 13:14:00,Govind Nagar,46,58,135,110,105,69,127,43,413,41.03,261.14,74.41,Clear,Impatient,7.58,High
2026-03-26 07:30:00,Mumbai Naka,61,30,56,91,87,83,19,17,223,27.97,168.33,40.99,Clear,Impatient,4.18,Normal
2026-03-28 09:45:00,Bytco Point,85,111,91,22,60,62,108,43,344,45.4,221.34,62.23,Overcast,Impatient,9.38,High
2026-03-02 10:46:00,Mhasrul,93,103,115,140,50,86,50,15,308,37.89,200.94,68.26,Foggy,Impatient,7.32,High
2026-03-23 13:17:00,Dwarka Circle,34,70,96,23,148,75,62,10,340,16.64,217.17,70.34,Foggy,Anxious,9.01,High
2026-03-05 10:52:00,Sinnar Phata,116,25,132,89,94,148,131,39,473,28.96,291.12,84.18,Rainy,Anxious,10.0,High
2026-03-29 13:04:00,Panchavati,69,112,24,38,19,147,145,148,257,15.69,169.02,50.85,Foggy,Impatient,5.76,Normal
2026-03-25 01:22:00,Patherdi Phata,138,27,24,147,61,73,10,137,233,14.47,174.5,49.7,Rainy,Impatient,6.9,Normal
2026-03-13 16:50:00,Panchavati,25,40,113,97,78,131,135,127,351,44.3,219.28,72.32,Clear,Impatient,9.91,High
2026-03-17 15:32:00,Panchavati,141,12,138,85,57,91,37,40,373,46.28,242.5,59.87,Rainy,Neutral,8.01,High
2026-03-22 10:49:00,Nashik Road,126,80,21,148,106,65,19,123,272,25.78,194.88,64.21,Rainy,Anxious,9.88,High
2026-03-18 13:14:00,Patherdi Phata,84,71,15,136,24,51,64,68,187,46.46,145.36,37.6,Overcast,Impatient,4.75,Normal
2026-03-24 23:57:00,Adgaon Naka,15,10,90,144,58,117,121,93,284,26.97,200.56,64.55,Foggy,Anxious,8.79,High
2026-03-07 06:50:00,Bytco Point,137,82,128,130,72,64,78,85,415,52.28,249.03,83.11,Rainy,Anxious,8.6,High
2026-03-23 14:11:00,Mumbai Naka,49,121,48,75,38,115,22,130,157,40.0,137.24,30.74,Foggy,Impatient,4.65,Normal
2026-03-20 23:23:00,Sinnar Phata,136,127,93,14,28,133,30,59,287,19.83,190.94,48.85,Overcast,Impatient,5.79,Normal
2026-03-26 04:19:00,Bytco Point,55,105,81,136,109,122,15,57,260,52.45,184.65,45.99,Overcast,Neutral,4.73,Normal
2026-03-03 19:01:00,Mhasrul,91,144,38,96,24,141,93,52,246,35.59,172.64,53.95,Overcast,Neutral,4.66,Normal
2026-03-05 15:42:00,Mumbai Naka,73,113,56,129,30,78,37,88,196,31.19,153.72,43.71,Rainy,Neutral,6.45,Normal
2026-03-17 07:16:00,Satpur MIDC,22,128,68,123,139,116,81,28,310,50.96,196.19,66.73,Foggy,Impatient,8.77,High
2026-03-24 17:42:00,Dwarka Circle,111,114,58,97,35,45,64,143,268,23.8,177.13,49.61,Clear,Neutral,4.09,Normal
2026-03-29 16:05:00,Panchavati,98,58,94,20,101,42,113,24,406,47.26,253.37,70.07,Foggy,Anxious,9.3,High
2026-03-26 16:42:00,Indira Nagar,14,106,13,66,141,42,97,46,265,30.85,180.55,56.57,Clear,Impatient,6.49,Normal
2026-03-22 20:14:00,Satpur MIDC,23,15,82,111,62,140,98,51,265,22.79,189.47,57.13,Overcast,Impatient,4.16,Normal
2026-03-19 19:11:00,Patherdi Phata,78,105,12,78,145,41,65,121,300,52.47,195.81,53.58,Rainy,Neutral,7.52,High
2026-03-03 05:35:00,Indira Nagar,56,80,105,40,18,130,61,136,240,41.56,170.35,51.33,Overcast,Impatient,4.78,Normal
2026-03-08 18:22:00,Indira Nagar,13,70,78,86,36,113,36,106,163,30.98,139.02,29.11,Overcast,Satisfied,1.47,Normal
2026-03-19 07:54:00,Panchavati,29,96,53,137,145,71,87,52,314,43.21,202.95,73.77,Clear,Frustrated,7.19,High
2026-03-04 04:23:00,Satpur MIDC,85,54,18,89,102,114,118,45,323,33.17,215.96,56.03,Rainy,Impatient,8.15,High
2026-03-14 01:38:00,Makhmalabad,134,68,24,33,142,112,71,96,371,40.03,237.91,61.64,Rainy,Impatient,9.55,High
2026-03-25 11:25:00,Adgaon Naka,35,62,59,110,122,143,78,131,294,36.44,194.79,60.04,Overcast,Impatient,7.39,High
2026-03-07 03:11:00,Patherdi Phata,15,104,24,71,35,73,23,71,97,38.83,101.14,18.92,Overcast,Satisfied,1.3,Normal
2026-03-15 07:25:00,Sinnar Phata,146,29,81,125,126,27,134,95,487,33.09,292.7,116.22,Overcast,Anxious,7.03,High
2026-03-16 22:01:00,Mumbai Naka,54,55,122,45,82,41,118,52,376,28.66,235.71,82.79,Foggy,Frustrated,7.56,High
2026-03-27 02:53:00,College Road,150,71,52,108,108,29,41,37,351,53.37,225.68,67.34,Overcast,Frustrated,9.51,High
2026-03-14 11:44:00,Makhmalabad,118,42,111,35,136,76,68,126,433,26.77,275.93,75.09,Rainy,Impatient,10.0,High
2026-03-12 04:41:00,Ashok Stambh,49,139,69,26,120,112,97,42,335,23.69,217.17,77.24,Overcast,Impatient,8.51,High
2026-03-07 19:18:00,Mhasrul,126,125,120,137,148,34,89,107,483,20.86,288.05,84.3,Overcast,Anxious,8.69,High
2026-03-30 16:54:00,Rane Nagar,28,22,89,43,113,43,110,25,340,21.73,214.84,76.16,Foggy,Impatient,7.81,High
2026-03-25 07:16:00,CBS Circle,29,82,150,30,87,36,28,88,294,31.57,197.81,54.33,Clear,Impatient,4.8,Normal
2026-03-02 12:25:00,Makhmalabad,146,146,17,31,124,36,87,31,374,15.91,234.16,77.68,Rainy,Impatient,10.0,High
2026-03-01 18:12:00,Patherdi Phata,77,52,105,93,103,64,122,28,407,33.28,244.95,84.9,Rainy,Anxious,10.0,High
2026-03-03 10:20:00,Dwarka Circle,63,146,68,116,126,82,16,128,273,47.04,188.67,54.38,Rainy,Impatient,6.5,Normal
2026-03-16 14:40:00,Ashok Stambh,65,85,14,59,44,84,140,129,263,20.37,184.91,51.66,Overcast,Impatient,4.83,Normal
2026-03-15 05:02:00,Ashok Stambh,112,31,150,105,96,137,72,126,430,41.47,265.84,94.79,Foggy,Impatient,9.36,High
2026-03-18 02:06:00,Sinnar Phata,76,104,36,111,74,37,85,22,271,12.51,177.08,61.41,Clear,Frustrated,8.29,High
2026-03-16 07:52:00,Nashik Road,10,118,77,77,98,52,87,48,272,33.69,183.43,57.68,Clear,Neutral,4.64,Normal
2026-03-24 14:54:00,Satpur MIDC,148,40,119,103,33,47,89,65,389,54.08,240.74,79.4,Overcast,Impatient,7.03,High
2026-03-09 02:56:00,Govind Nagar,81,57,73,66,148,120,142,112,444,25.89,270.68,102.08,Clear,Anxious,9.82,High
2026-03-02 02:00:00,Sinnar Phata,106,123,51,83,132,44,33,104,322,50.54,203.15,55.72,Clear,Impatient,4.96,Normal
2026-03-23 15:17:00,Mumbai Naka,28,142,23,119,83,54,77,13,211,26.78,152.09,49.81,Clear,Neutral,4.24,Normal
2026-03-11 07:09:00,Patherdi Phata,60,145,81,14,78,139,89,123,308,49.08,205.78,69.66,Clear,Anxious,7.12,High
2026-03-10 20:20:00,Trimbak Naka,106,60,130,113,123,92,22,99,381,53.46,242.2,76.12,Overcast,Frustrated,7.0,High
2026-03-29 00:04:00,Mhasrul,134,23,21,71,102,68,45,50,302,18.09,200.37,56.55,Clear,Neutral,6.91,Normal
2026-03-11 00:03:00,Nashik Road,150,70,146,26,136,122,83,130,515,19.83,303.9,103.28,Clear,Frustrated,7.14,High
2026-03-19 00:57:00,Patherdi Phata,135,89,131,115,18,12,76,70,360,21.86,222.38,72.49,Clear,Anxious,8.95,High
2026-03-28 02:17:00,Indira Nagar,82,44,31,58,125,122,136,145,374,43.61,233.5,72.7,Clear,Impatient,7.63,High
2026-03-07 06:30:00,CBS Circle,65,105,115,28,97,39,66,90,343,16.83,212.04,70.07,Foggy,Anxious,8.88,High
2026-03-24 04:09:00,Panchavati,78,100,76,128,62,145,59,63,275,14.57,180.52,57.51,Overcast,Neutral,5.22,Normal
2026-03-21 07:51:00,Sinnar Phata,36,55,113,132,45,72,95,123,289,42.02,203.43,51.84,Rainy,Impatient,6.48,Normal
2026-03-01 19:40:00,College Road,69,89,74,39,143,30,100,37,386,13.14,243.34,79.67,Overcast,Frustrated,9.89,High
2026-03-16 21:43:00,Gangapur Road,106,112,121,106,85,147,11,62,323,13.21,208.11,68.19,Rainy,Impatient,10.0,High
2026-03-22 00:02:00,College Road,72,32,137,47,41,147,67,94,317,53.49,214.43,60.79,Rainy,Frustrated,9.41,High
2026-03-05 12:30:00,Dwarka Circle,14,40,21,84,37,132,75,139,147,32.29,128.46,30.75,Clear,Impatient,4.45,Normal
2026-03-06 03:59:00,Adgaon Naka,101,92,20,75,103,145,136,23,360,18.94,230.1,61.73,Clear,Anxious,8.36,High
2026-03-17 19:10:00,Sinnar Phata,59,28,140,39,109,106,64,111,372,22.48,244.5,64.68,Overcast,Anxious,9.31,High
2026-03-24 16:39:00,Patherdi Phata,69,60,71,130,23,66,133,64,296,41.24,199.57,70.21,Foggy,Impatient,7.23,High
2026-03-28 15:27:00,Bytco Point,139,148,61,97,11,30,90,29,301,50.13,202.42,69.05,Clear,Frustrated,9.01,High
2026-03-25 23:16:00,Gangapur Road,38,126,101,70,126,33,103,138,368,45.98,225.9,75.25,Clear,Anxious,9.92,High
2026-03-06 15:05:00,Sinnar Phata,19,41,98,149,132,68,36,138,285,56.11,193.26,57.73,Overcast,Impatient,6.41,Normal
2026-03-27 01:57:00,Govind Nagar,45,113,150,12,15,10,12,71,222,19.74,164.91,50.03,Clear,Neutral,5.82,Normal
2026-03-11 04:15:00,Trimbak Naka,19,150,132,102,27,27,37,76,215,41.37,156.28,36.24,Overcast,Neutral,6.6,Normal
2026-03-24 14:05:00,Satpur MIDC,73,61,14,61,52,32,88,146,227,50.29,171.06,49.73,Rainy,Impatient,8.15,High
2026-03-06 10:46:00,Sinnar Phata,97,79,69,103,51,53,133,64,350,56.19,230.04,65.65,Clear,Anxious,7.99,High
2026-03-22 19:23:00,Patherdi Phata,28,52,61,52,124,69,131,35,344,22.43,212.55,71.9,Rainy,Frustrated,10.0,High
2026-03-25 09:59:00,Dwarka Circle,103,101,75,120,31,141,91,71,300,40.09,196.52,69.32,Rainy,Frustrated,10.0,High
2026-03-03 15:58:00,Trimbak Naka,19,64,85,100,23,38,61,69,188,35.97,138.44,36.55,Foggy,Neutral,4.5,Normal
2026-03-28 11:14:00,Patherdi Phata,77,60,36,103,60,69,142,54,315,37.89,213.46,66.32,Foggy,Frustrated,9.24,High
2026-03-24 23:47:00,Nashik Road,104,58,62,28,68,139,19,29,253,42.21,184.26,54.71,Rainy,Neutral,6.55,Normal
2026-03-27 19:38:00,Mhasrul,105,51,80,88,73,116,40,88,298,23.56,207.28,70.52,Foggy,Frustrated,7.4,High
2026-03-12 04:48:00,Nashik Road,35,119,106,142,106,15,97,104,344,30.85,212.17,71.27,Foggy,Frustrated,9.47,High
2026-03-18 00:05:00,Adgaon Naka,90,32,16,140,123,133,79,145,308,41.33,202.32,55.75,Clear,Neutral,5.95,Normal
2026-03-15 00:11:00,Makhmalabad,88,52,41,92,142,36,90,117,361,53.03,230.96,61.65,Rainy,Impatient,10.0,High
2026-03-14 19:12:00,Ashok Stambh,50,141,20,107,28,22,47,15,145,19.62,131.76,28.09,Foggy,Satisfied,1.86,Normal
2026-03-30 15:14:00,Patherdi Phata,130,105,60,98,144,22,135,19,469,14.38,276.28,92.81,Clear,Anxious,8.21,High
2026-03-13 06:21:00,Trimbak Naka,29,47,140,138,106,83,90,140,365,51.55,224.04,78.87,Rainy,Impatient,9.9,High
2026-03-01 08:14:00,Sinnar Phata,114,89,76,12,58,114,46,54,294,32.38,200.37,56.07,Clear,Neutral,6.71,Normal
2026-03-18 13:13:00,Makhmalabad,57,23,85,49,119,82,147,131,408,38.77,251.7,67.57,Rainy,Impatient,10.0,High
2026-03-05 13:29:00,Patherdi Phata,17,114,144,89,94,121,45,141,300,24.15,190.82,63.68,Clear,Frustrated,8.25,High
2026-03-27 02:12:00,Adgaon Naka,60,138,139,13,86,62,68,111,353,34.01,231.99,80.24,Foggy,Anxious,8.57,High
2026-03-09 08:21:00,Deolali Camp,101,30,135,134,29,27,119,102,384,50.81,232.71,64.46,Clear,Frustrated,8.36,High
2026-03-18 08:43:00,Sinnar Phata,16,147,37,133,103,66,116,103,272,32.65,189.85,45.11,Clear,Impatient,6.05,Normal
2026-03-19 07:17:00,Mhasrul,54,72,127,86,144,66,114,96,439,47.26,278.04,80.33,Foggy,Impatient,7.6,High
2026-03-25 09:03:00,Satpur MIDC,126,96,78,13,23,72,56,143,283,38.89,200.0,64.81,Rainy,Frustrated,10.0,High
2026-03-18 10:17:00,Mumbai Naka,61,146,21,95,29,116,138,39,249,53.77,174.54,51.0,Foggy,Neutral,6.02,Normal
2026-03-19 13:59:00,Trimbak Naka,105,52,125,131,99,141,116,40,445,35.02,274.43,83.5,Overcast,Frustrated,7.97,High
2026-03-16 15:45:00,Mhasrul,31,13,126,70,82,44,123,50,362,11.97,226.69,68.21,Clear,Impatient,9.73,High
2026-03-17 13:25:00,Panchavati,98,127,34,107,92,13,104,12,328,18.94,221.93,56.01,Clear,Neutral,6.63,Normal
2026-03-13 00:27:00,College Road,95,54,95,134,144,80,11,141,345,22.65,215.38,76.35,Overcast,Impatient,9.58,High
2026-03-18 10:09:00,Adgaon Naka,44,92,48,24,42,107,71,48,205,32.36,146.17,40.67,Foggy,Neutral,5.25,Normal
2026-03-28 07:16:00,Indira Nagar,51,18,130,15,53,144,116,40,350,16.52,219.73,65.89,Clear,Impatient,8.78,High
2026-03-26 21:50:00,Bytco Point,15,68,95,81,144,29,73,41,327,36.44,209.81,68.62,Overcast,Anxious,7.81,High
2026-03-28 13:04:00,Nashik Road,62,115,45,84,12,126,13,70,132,56.81,111.76,21.97,Foggy,Neutral,3.86,Normal
2026-03-24 15:36:00,Nashik Road,84,124,93,14,137,119,15,91,329,18.81,209.74,60.95,Rainy,Impatient,10.0,High
2026-03-05 09:08:00,Rane Nagar,96,113,119,80,83,26,96,33,394,29.22,238.71,79.62,Foggy,Anxious,8.37,High
2026-03-01 17:24:00,Panchavati,140,135,39,51,140,146,41,69,360,38.66,233.83,79.69,Rainy,Frustrated,9.91,High
2026-03-06 04:35:00,Ashok Stambh,32,144,89,59,21,118,140,117,282,35.03,193.45,49.39,Rainy,Neutral,7.89,High
2026-03-14 14:30:00,Ashok Stambh,23,123,47,56,49,138,103,87,222,18.37,159.26,36.78,Foggy,Impatient,6.09,Normal
2026-03-27 20:19:00,Makhmalabad,127,98,134,119,122,26,52,135,435,18.68,268.93,92.85,Rainy,Impatient,8.79,High
2026-03-01 01:02:00,Indira Nagar,15,16,27,146,74,52,75,79,191,43.69,136.1,34.52,Rainy,Impatient,6.98,Normal
2026-03-21 05:50:00,Rane Nagar,22,51,51,11,26,55,32,115,131,57.35,107.46,21.91,Foggy,Neutral,2.09,Normal
2026-03-05 19:30:00,Dwarka Circle,131,79,128,46,124,23,30,38,413,46.12,266.07,92.43,Overcast,Impatient,8.56,High
2026-03-20 12:35:00,Patherdi Phata,116,21,115,148,81,119,99,65,411,34.96,264.18,69.34,Rainy,Impatient,8.98,High
2026-03-25 20:02:00,Deolali Camp,43,149,41,35,119,71,43,113,246,35.86,171.73,42.26,Foggy,Impatient,6.74,Normal
2026-03-12 19:21:00,Satpur MIDC,26,70,105,120,109,60,40,71,280,38.94,193.32,47.5,Rainy,Impatient,8.19,High
2026-03-10 06:33:00,Mhasrul,35,149,81,107,124,106,87,64,327,47.41,205.74,71.35,Rainy,Impatient,10.0,High
2026-03-04 04:12:00,Satpur MIDC,69,93,64,107,124,101,66,31,323,39.69,218.34,58.63,Clear,Neutral,6.19,Normal
2026-03-28 01:23:00,Govind Nagar,38,50,20,16,95,54,61,117,214,49.38,155.09,45.67,Rainy,Neutral,7.28,High
2026-03-02 10:00:00,Mumbai Naka,75,97,42,37,55,64,88,59,260,24.15,177.69,61.0,Clear,Impatient,9.19,High
2026-03-14 18:29:00,Mumbai Naka,75,13,133,34,106,88,92,87,406,27.69,252.08,86.84,Foggy,Frustrated,8.46,High
2026-03-09 05:50:00,Rane Nagar,94,131,137,37,136,21,90,103,457,10.83,285.43,86.3,Clear,Anxious,7.07,High
2026-03-26 12:29:00,Sinnar Phata,79,31,65,104,66,125,143,96,353,41.99,230.46,65.03,Foggy,Impatient,8.01,High
2026-03-22 05:36:00,Satpur MIDC,18,63,83,14,134,123,86,16,321,16.33,203.52,65.49,Overcast,Anxious,7.58,High
2026-03-22 05:40:00,Sinnar Phata,125,36,78,110,41,145,63,93,307,54.74,210.63,61.95,Clear,Impatient,7.02,High
2026-03-21 20:25:00,Bytco Point,12,93,118,133,22,23,144,42,296,20.66,202.92,70.94,Foggy,Impatient,9.28,High
2026-03-28 13:29:00,Rane Nagar,14,105,52,62,64,62,139,27,269,42.87,176.38,54.13,Overcast,Impatient,5.12,Normal
2026-03-14 22:16:00,College Road,101,95,63,132,56,46,35,68,255,36.39,167.56,55.82,Overcast,Impatient,6.87,Normal
2026-03-20 11:16:00,Trimbak Naka,46,63,16,45,42,94,80,138,184,15.18,151.06,32.84,Rainy,Neutral,6.72,Normal
2026-03-09 22:56:00,Patherdi Phata,65,50,87,140,54,30,126,46,332,53.55,220.12,70.42,Overcast,Impatient,7.94,High
2026-03-08 02:22:00,Adgaon Naka,47,73,19,59,65,141,29,93,160,43.97,126.52,26.48,Foggy,Neutral,2.73,Normal
2026-03-02 11:42:00,Sinnar Phata,27,46,61,81,95,44,100,116,283,53.05,196.61,59.95,Foggy,Impatient,6.42,Normal
2026-03-08 20:43:00,Trimbak Naka,121,51,113,79,124,98,101,102,459,34.46,270.76,105.82,Clear,Frustrated,8.06,High
2026-03-07 04:58:00,Bytco Point,46,63,102,91,104,141,123,88,375,30.28,245.86,70.8,Foggy,Anxious,7.97,High
2026-03-19 21:49:00,Deolali Camp,15,119,96,99,78,110,81,58,270,50.09,190.46,52.51,Clear,Impatient,5.95,Normal
2026-03-03 14:14:00,Nashik Road,43,96,67,131,77,135,145,32,332,19.04,225.25,78.07,Foggy,Impatient,7.52,High
2026-03-08 23:37:00,Dwarka Circle,147,78,119,63,146,45,90,51,502,24.12,294.04,103.59,Foggy,Frustrated,7.99,High
2026-03-22 01:35:00,Satpur MIDC,126,101,132,70,38,13,135,69,431,42.24,263.72,70.79,Clear,Anxious,7.76,High
2026-03-26 16:12:00,Adgaon Naka,73,49,60,121,77,37,62,127,272,45.17,187.62,52.77,Clear,Impatient,5.57,Normal
2026-03-20 22:18:00,Indira Nagar,61,50,114,70,45,31,29,35,249,42.21,171.1,41.89,Clear,Impatient,5.42,Normal
2026-03-18 21:16:00,Adgaon Naka,31,23,123,71,85,86,17,38,256,45.37,175.17,50.91,Clear,Impatient,6.03,Normal
2026-03-17 04:58:00,College Road,122,143,131,77,39,135,67,90,359,14.24,227.85,74.59,Overcast,Frustrated,7.49,High
2026-03-07 15:12:00,Rane Nagar,114,17,115,25,105,45,149,127,483,30.12,281.81,88.22,Clear,Frustrated,8.77,High
2026-03-17 06:41:00,Trimbak Naka,125,63,131,91,81,104,103,109,440,23.49,276.76,75.35,Overcast,Impatient,8.9,High
2026-03-21 11:13:00,Nashik Road,39,64,149,80,138,118,88,139,414,32.62,251.72,81.44,Clear,Anxious,7.57,High
2026-03-23 15:09:00,Dwarka Circle,127,147,49,133,113,112,104,55,393,42.81,255.27,77.12,Overcast,Frustrated,9.38,High
2026-03-26 13:22:00,Govind Nagar,22,131,143,78,50,11,45,36,260,28.34,173.24,41.87,Clear,Neutral,4.42,Normal
2026-03-20 05:40:00,Bytco Point,54,98,37,99,138,60,28,111,257,18.53,169.66,59.65,Rainy,Impatient,7.77,High
2026-03-15 08:25:00,Makhmalabad,109,109,64,148,62,110,97,23,332,43.69,214.37,63.81,Clear,Anxious,8.72,High
2026-03-01 07:45:00,Makhmalabad,72,87,138,21,89,127,58,132,357,43.55,222.08,66.07,Clear,Impatient,8.99,High
2026-03-18 02:03:00,Mumbai Naka,63,16,30,149,140,98,54,142,287,17.69,189.64,65.73,Foggy,Anxious,9.21,High
2026-03-10 09:20:00,Trimbak Naka,126,40,117,131,28,29,108,145,379,20.87,243.58,85.12,Clear,Frustrated,8.14,High
2026-03-12 09:18:00,Satpur MIDC,20,108,42,30,145,102,53,80,260,52.05,188.61,52.81,Foggy,Neutral,6.47,Normal
2026-03-30 05:07:00,Trimbak Naka,127,30,137,73,33,31,135,48,432,39.85,257.26,70.55,Foggy,Frustrated,9.94,High
2026-03-05 16:23:00,Nashik Road,33,17,106,130,56,96,59,54,254,49.21,169.76,58.85,Overcast,Impatient,5.62,Normal
2026-03-01 02:06:00,Rane Nagar,79,92,17,86,118,105,76,16,290,44.91,194.66,66.14,Clear,Anxious,9.31,High
2026-03-16 02:04:00,Bytco Point,31,37,53,135,88,89,74,149,246,31.96,175.91,52.29,Rainy,Impatient,8.37,High
2026-03-27 03:39:00,Panchavati,46,80,70,70,58,118,131,28,305,36.45,207.53,67.33,Clear,Anxious,9.78,High
2026-03-16 04:22:00,Ashok Stambh,51,89,47,104,127,147,28,48,253,32.92,168.68,55.29,Rainy,Impatient,6.19,Normal
2026-03-05 19:12:00,Mhasrul,141,23,99,21,14,84,113,94,367,34.08,236.32,67.37,Foggy,Impatient,8.1,High
2026-03-14 10:47:00,Sinnar Phata,18,149,126,62,58,73,59,25,261,26.53,178.39,52.22,Overcast,Impatient,4.97,Normal
2026-03-15 15:45:00,Mumbai Naka,97,29,129,58,111,47,128,106,465,46.76,291.33,105.49,Rainy,Anxious,10.0,High
2026-03-11 08:57:00,Panchavati,90,31,90,88,86,144,68,10,334,53.68,215.51,54.33,Foggy,Neutral,6.47,Normal
2026-03-17 02:30:00,Sinnar Phata,148,108,50,141,69,41,78,16,345,27.57,213.51,60.18,Overcast,Impatient,9.9,High
2026-03-02 03:48:00,Mhasrul,118,89,121,92,149,22,54,102,442,46.78,268.95,102.79,Foggy,Frustrated,8.14,High
2026-03-05 04:03:00,Deolali Camp,138,22,51,65,31,41,126,42,346,24.38,232.89,57.86,Rainy,Neutral,6.6,Normal
2026-03-01 23:18:00,Ashok Stambh,97,57,12,51,121,29,113,108,343,41.23,224.64,74.5,Foggy,Anxious,8.92,High
2026-03-30 10:39:00,Sinnar Phata,131,61,63,24,150,67,76,57,420,29.46,253.82,100.45,Overcast,Impatient,7.03,High
2026-03-02 15:48:00,Makhmalabad,93,28,20,93,92,53,76,117,281,32.66,194.23,53.23,Clear,Neutral,6.56,Normal
2026-03-06 16:28:00,Nashik Road,129,91,23,36,85,45,56,146,293,49.73,194.32,48.1,Foggy,Neutral,5.5,Normal
2026-03-12 19:24:00,Satpur MIDC,86,43,60,32,93,94,67,136,306,56.23,200.37,50.57,Overcast,Impatient,4.05,Normal
2026-03-06 05:02:00,Adgaon Naka,10,144,37,81,127,45,16,101,190,21.42,137.35,36.5,Foggy,Neutral,4.37,Normal
2026-03-10 04:53:00,Ashok Stambh,80,72,91,14,144,27,82,144,397,27.14,243.34,80.83,Foggy,Impatient,7.63,High
2026-03-26 08:16:00,Satpur MIDC,115,60,98,13,124,72,47,85,384,35.93,241.32,66.85,Rainy,Frustrated,10.0,High
2026-03-15 11:31:00,Gangapur Road,109,82,105,149,83,47,141,105,438,22.45,268.52,94.83,Clear,Anxious,9.59,High
2026-03-04 09:30:00,Gangapur Road,133,39,108,77,22,93,123,23,386,11.74,237.77,89.0,Overcast,Frustrated,7.28,High
2026-03-08 21:43:00,College Road,42,96,75,43,53,147,139,59,309,31.25,211.73,71.9,Foggy,Anxious,8.22,High
2026-03-13 11:54:00,College Road,111,118,23,91,79,52,43,123,256,31.34,172.44,51.78,Overcast,Impatient,6.07,Normal
2026-03-17 00:29:00,Adgaon Naka,17,29,23,112,56,143,38,54,134,15.0,119.4,24.32,Foggy,Satisfied,1.04,Normal
2026-03-07 03:03:00,CBS Circle,117,103,57,142,114,144,117,15,405,25.07,243.99,85.14,Clear,Frustrated,7.29,High
2026-03-18 13:24:00,Patherdi Phata,137,119,86,70,141,61,100,67,464,27.94,280.33,88.52,Clear,Frustrated,8.03,High
2026-03-09 20:00:00,Trimbak Naka,121,140,70,142,138,20,95,46,424,54.2,264.62,71.31,Overcast,Frustrated,8.54,High
2026-03-15 13:45:00,Adgaon Naka,36,124,118,143,41,96,134,123,329,21.04,221.31,70.58,Clear,Frustrated,9.27,High
2026-03-04 09:44:00,Trimbak Naka,75,105,66,36,95,23,34,58,270,40.12,175.89,56.07,Foggy,Neutral,6.0,Normal
2026-03-28 03:25:00,Nashik Road,92,40,63,69,92,50,104,79,351,34.49,228.88,57.69,Overcast,Neutral,5.48,Normal
2026-03-16 23:02:00,Makhmalabad,138,115,64,66,128,80,59,96,389,44.18,248.42,76.55,Rainy,Frustrated,10.0,High
2026-03-08 12:24:00,Adgaon Naka,44,43,49,47,78,146,66,74,237,13.83,174.09,51.39,Rainy,Neutral,7.74,High
2026-03-16 00:16:00,Patherdi Phata,131,39,16,93,52,45,63,63,262,54.32,185.76,49.97,Clear,Impatient,4.63,Normal
2026-03-07 06:21:00,Panchavati,83,144,128,121,150,96,130,129,491,40.72,285.85,115.57,Overcast,Anxious,8.64,High
2026-03-26 11:54:00,Satpur MIDC,69,111,120,74,29,41,118,87,336,39.16,213.71,57.51,Rainy,Neutral,7.36,High
2026-03-22 18:54:00,Trimbak Naka,55,86,99,44,76,73,21,149,251,40.94,169.73,44.07,Foggy,Impatient,4.31,Normal
2026-03-22 00:49:00,College Road,57,144,142,29,30,118,80,143,309,12.66,197.5,54.55,Rainy,Impatient,8.36,High
2026-03-23 13:12:00,Patherdi Phata,121,137,140,116,74,118,46,57,381,20.38,248.66,83.32,Clear,Impatient,7.7,High
2026-03-06 17:20:00,Rane Nagar,39,116,95,81,18,73,10,95,162,41.75,138.1,37.17,Overcast,Impatient,5.67,Normal
2026-03-29 10:36:00,Nashik Road,89,127,95,54,73,77,52,148,309,30.83,203.91,52.43,Rainy,Neutral,5.66,Normal
2026-03-25 04:37:00,Ashok Stambh,37,73,43,40,128,46,79,53,287,52.54,190.65,52.87,Rainy,Neutral,8.01,High
2026-03-14 17:03:00,Gangapur Road,150,51,72,20,75,74,46,72,343,42.4,212.83,58.0,Overcast,Neutral,4.07,Normal
2026-03-23 02:41:00,Mhasrul,30,79,57,87,19,103,116,146,222,44.21,152.33,46.76,Rainy,Impatient,8.07,High
2026-03-06 11:59:00,Rane Nagar,122,137,100,99,27,14,107,93,356,54.44,234.43,68.46,Clear,Impatient,9.66,High
2026-03-21 15:59:00,Patherdi Phata,131,139,15,45,47,74,94,105,287,21.95,190.65,57.47,Clear,Neutral,4.83,Normal
2026-03-07 02:35:00,Nashik Road,92,147,105,65,13,74,102,113,312,54.5,208.76,65.39,Overcast,Impatient,8.09,High
2026-03-21 08:03:00,Indira Nagar,52,18,149,138,119,93,53,12,373,46.51,232.64,85.27,Rainy,Anxious,10.0,High
2026-03-06 21:10:00,Deolali Camp,83,79,35,99,104,54,112,77,334,13.49,224.0,64.52,Clear,Anxious,8.07,High
2026-03-10 19:38:00,Indira Nagar,119,92,86,68,85,58,36,79,326,40.43,211.05,60.66,Overcast,Anxious,9.29,High
2026-03-26 04:59:00,Trimbak Naka,133,94,63,85,34,17,84,104,314,28.3,204.7,74.33,Rainy,Anxious,8.96,High
2026-03-29 03:09:00,Deolali Camp,24,79,89,47,24,35,122,115,259,25.28,174.25,46.07,Foggy,Neutral,5.78,Normal
2026-03-14 20:00:00,Indira Nagar,24,111,144,94,135,15,11,26,314,35.73,208.68,73.91,Foggy,Impatient,9.76,High
2026-03-28 14:46:00,Patherdi Phata,91,84,135,150,132,78,30,123,388,55.15,234.21,91.45,Overcast,Anxious,8.72,High
2026-03-16 10:35:00,Indira Nagar,123,104,134,136,39,48,16,79,312,17.26,201.54,59.34,Foggy,Neutral,6.67,Normal
2026-03-19 08:42:00,Mumbai Naka,140,60,82,73,110,16,79,64,411,20.42,251.11,67.37,Clear,Frustrated,8.54,High
2026-03-29 10:42:00,Adgaon Naka,29,82,127,77,140,10,23,87,319,48.44,202.92,63.32,Foggy,Impatient,8.78,High
2026-03-24 14:10:00,Dwarka Circle,10,13,76,50,36,10,76,44,198,19.88,156.99,43.79,Rainy,Impatient,5.75,Normal
2026-03-27 01:03:00,Makhmalabad,63,79,87,143,60,52,15,136,225,49.77,152.96,38.02,Rainy,Impatient,5.77,Normal
2026-03-06 19:17:00,Makhmalabad,13,26,29,52,35,100,76,149,153,44.7,119.21,29.45,Clear,Satisfied,2.0,Normal
2026-03-09 01:06:00,Satpur MIDC,17,41,64,51,36,44,149,43,266,24.9,190.36,59.32,Overcast,Impatient,6.99,Normal
2026-03-14 14:06:00,Adgaon Naka,118,37,28,116,146,43,92,124,384,47.62,237.75,87.72,Clear,Anxious,8.43,High
2026-03-30 06:53:00,Ashok Stambh,129,99,58,13,120,83,18,62,325,22.53,202.93,58.28,Rainy,Impatient,6.66,Normal
2026-03-30 17:36:00,Makhmalabad,29,81,64,110,31,41,86,95,210,36.54,164.89,48.24,Overcast,Impatient,6.11,Normal
2026-03-02 22:05:00,Indira Nagar,148,14,149,76,22,11,120,25,439,32.23,263.6,100.47,Overcast,Impatient,7.18,High
2026-03-25 11:19:00,Deolali Camp,121,62,33,94,27,136,149,134,330,33.22,205.83,76.55,Overcast,Anxious,8.39,High
2026-03-04 10:24:00,Sinnar Phata,33,46,117,43,52,97,86,92,288,31.87,185.1,60.26,Rainy,Impatient,10.0,High
2026-03-07 07:05:00,Satpur MIDC,81,92,133,81,35,19,135,41,384,21.45,239.86,72.17,Clear,Impatient,7.74,High
2026-03-19 22:17:00,Ashok Stambh,10,25,20,131,94,49,150,116,274,22.66,177.38,62.2,Clear,Frustrated,7.83,High
2026-03-08 07:49:00,Satpur MIDC,100,58,114,14,18,106,111,15,343,37.93,226.59,76.64,Overcast,Anxious,7.92,High
2026-03-23 19:00:00,Rane Nagar,134,106,41,148,140,106,58,45,373,14.66,238.93,73.36,Overcast,Anxious,7.18,High
2026-03-28 02:30:00,Panchavati,49,74,120,10,45,143,72,88,286,24.44,201.91,50.33,Foggy,Impatient,4.13,Normal
2026-03-24 06:10:00,Panchavati,10,48,139,15,86,41,13,108,248,35.01,181.81,47.84,Foggy,Impatient,4.99,Normal
2026-03-03 02:20:00,Gangapur Road,103,101,28,29,97,24,138,37,366,48.68,225.28,73.97,Foggy,Impatient,8.94,High
2026-03-10 15:16:00,Trimbak Naka,97,118,25,132,28,22,67,91,217,38.34,156.78,46.86,Foggy,Neutral,6.31,Normal
2026-03-22 13:55:00,Dwarka Circle,87,44,46,33,45,33,33,51,211,44.42,164.74,35.39,Clear,Neutral,4.19,Normal
2026-03-16 19:19:00,Deolali Camp,23,62,15,32,35,142,107,51,180,20.17,135.83,41.66,Rainy,Impatient,6.88,Normal
2026-03-14 19:06:00,Rane Nagar,92,147,31,68,21,142,140,146,284,14.7,200.97,60.17,Foggy,Frustrated,9.17,High
2026-03-23 12:53:00,Makhmalabad,73,105,87,10,35,102,102,26,297,12.47,190.49,59.49,Foggy,Impatient,6.05,Normal
2026-03-30 04:52:00,Nashik Road,147,58,49,32,40,22,72,60,308,44.95,207.57,61.51,Foggy,Impatient,8.99,High
2026-03-15 16:54:00,Mhasrul,117,103,142,111,140,89,113,109,512,53.05,305.67,85.64,Overcast,Frustrated,9.23,High
2026-03-04 09:33:00,CBS Circle,136,37,22,97,63,73,124,71,345,51.17,224.19,80.73,Clear,Frustrated,8.13,High
2026-03-11 10:00:00,Rane Nagar,73,15,100,83,140,111,73,111,386,17.42,238.96,68.39,Rainy,Impatient,10.0,High
2026-03-22 20:36:00,Makhmalabad,11,63,108,86,121,134,48,19,288,12.39,189.84,58.9,Foggy,Neutral,6.78,Normal
2026-03-13 17:54:00,Deolali Camp,25,23,147,86,122,21,134,87,428,18.24,264.34,93.94,Overcast,Frustrated,9.58,High
2026-03-28 07:51:00,Deolali Camp,32,15,147,102,118,87,96,31,393,55.29,241.8,68.05,Rainy,Impatient,10.0,High
2026-03-28 15:38:00,Satpur MIDC,94,37,102,38,84,112,125,26,405,51.7,257.73,65.87,Clear,Impatient,9.91,High
2026-03-14 21:34:00,Panchavati,28,72,19,85,89,132,17,110,153,36.33,123.1,36.07,Rainy,Neutral,7.7,High
2026-03-18 12:19:00,Sinnar Phata,81,23,134,52,147,114,62,96,424,24.33,267.41,71.47,Clear,Impatient,7.73,High
2026-03-29 16:29:00,Makhmalabad,89,122,149,98,140,32,148,21,526,39.41,322.24,117.18,Clear,Frustrated,7.11,High
2026-03-04 05:22:00,Indira Nagar,11,112,86,109,64,44,41,111,202,34.78,160.16,46.19,Clear,Neutral,4.9,Normal
2026-03-09 18:56:00,College Road,36,36,100,79,53,101,59,122,248,45.82,164.04,51.68,Foggy,Neutral,4.93,Normal
2026-03-07 10:08:00,Ashok Stambh,24,24,141,121,10,120,114,57,289,25.48,191.36,57.74,Overcast,Neutral,5.52,Normal
2026-03-01 12:04:00,Nashik Road,46,20,109,14,98,67,78,73,331,23.86,222.82,75.02,Clear,Frustrated,9.19,High
2026-03-25 20:13:00,Patherdi Phata,86,94,59,150,146,88,36,140,327,39.67,207.65,67.21,Clear,Anxious,9.72,High
2026-03-08 21:12:00,Gangapur Road,28,133,37,90,118,80,87,59,270,20.93,185.5,62.51,Foggy,Frustrated,8.44,High
2026-03-12 04:48:00,Dwarka Circle,67,42,54,86,33,10,81,54,235,54.19,162.17,49.93,Overcast,Neutral,5.04,Normal
2026-03-02 18:54:00,Govind Nagar,31,72,111,49,58,120,93,129,293,25.52,203.58,65.77,Clear,Frustrated,9.53,High
2026-03-01 20:48:00,Panchavati,23,106,106,89,18,122,35,25,182,33.02,149.09,38.7,Clear,Neutral,5.2,Normal
2026-03-15 12:42:00,Rane Nagar,22,86,31,129,138,105,72,96,263,15.27,180.21,51.82,Rainy,Impatient,7.11,High
2026-03-18 19:51:00,Dwarka Circle,52,29,111,18,35,29,61,95,259,41.67,179.08,48.71,Overcast,Impatient,4.09,Normal
2026-03-10 15:24:00,College Road,15,90,102,68,77,28,65,112,259,29.84,177.79,47.3,Rainy,Impatient,6.39,Normal
2026-03-16 21:56:00,Rane Nagar,138,143,150,68,139,14,41,65,468,26.08,281.71,94.76,Foggy,Impatient,9.34,High
2026-03-01 08:42:00,Gangapur Road,82,150,90,99,138,53,117,41,427,54.5,266.5,76.47,Foggy,Impatient,7.07,High
2026-03-06 14:37:00,Rane Nagar,112,62,70,73,65,71,35,144,282,54.56,188.98,62.34,Clear,Frustrated,8.98,High
2026-03-04 06:24:00,Adgaon Naka,69,109,128,140,91,67,90,85,378,54.94,247.19,61.58,Clear,Impatient,9.6,High
2026-03-03 17:12:00,Indira Nagar,144,44,48,61,81,105,54,42,327,45.47,210.44,60.05,Rainy,Frustrated,8.75,High
2026-03-14 18:35:00,Deolali Camp,72,85,24,77,88,80,73,114,257,49.61,175.24,55.63,Overcast,Impatient,5.3,Normal
2026-03-23 11:11:00,Sinnar Phata,134,106,61,83,85,134,61,34,341,45.5,229.31,77.66,Rainy,Impatient,8.74,High
2026-03-21 12:11:00,Dwarka Circle,95,107,44,22,99,94,16,69,254,30.52,176.39,50.96,Rainy,Impatient,6.24,Normal
2026-03-15 14:44:00,Dwarka Circle,71,80,146,143,120,91,14,130,351,45.1,225.78,56.51,Rainy,Neutral,5.83,Normal
2026-03-30 19:02:00,Satpur MIDC,42,91,49,23,114,76,23,132,228,34.17,172.05,41.97,Clear,Impatient,6.49,Normal
2026-03-27 07:07:00,Bytco Point,75,114,129,79,22,99,107,93,333,47.63,215.85,78.11,Clear,Impatient,8.92,High
2026-03-27 16:06:00,Rane Nagar,91,123,147,93,140,94,89,144,467,29.89,275.3,106.74,Clear,Impatient,9.82,High
2026-03-29 05:14:00,Sinnar Phata,133,27,24,39,134,135,10,107,301,56.5,195.98,49.98,Clear,Neutral,5.3,Normal
2026-03-04 07:14:00,Bytco Point,61,104,117,14,117,112,97,129,392,55.81,246.31,71.59,Rainy,Frustrated,10.0,High
2026-03-14 23:33:00,Nashik Road,32,82,116,72,10,106,32,74,190,18.21,138.48,42.81,Rainy,Neutral,7.16,High
2026-03-04 07:12:00,Bytco Point,148,137,142,66,13,117,97,88,400,15.66,258.09,82.36,Rainy,Frustrated,8.7,High
2026-03-18 02:52:00,Dwarka Circle,105,33,73,68,44,62,95,61,317,37.41,216.94,65.07,Overcast,Frustrated,8.71,High
2026-03-09 22:10:00,Dwarka Circle,53,141,118,12,43,83,57,54,271,57.04,193.31,45.04,Rainy,Neutral,6.16,Normal
2026-03-16 23:00:00,Mhasrul,129,34,106,99,129,24,139,101,503,17.61,305.54,96.3,Rainy,Anxious,10.0,High
2026-03-15 22:13:00,Makhmalabad,56,128,145,90,114,23,56,114,371,20.92,234.41,71.42,Foggy,Anxious,9.49,High
2026-03-29 14:43:00,Ashok Stambh,55,96,115,92,146,43,95,104,411,38.13,257.26,71.95,Overcast,Frustrated,7.94,High
2026-03-09 20:05:00,Nashik Road,26,116,128,50,104,149,51,127,309,21.03,208.46,56.82,Foggy,Neutral,6.81,Normal
2026-03-13 14:54:00,Sinnar Phata,107,138,142,67,75,89,96,70,420,45.15,260.93,74.38,Rainy,Impatient,9.8,High
2026-03-08 06:05:00,Patherdi Phata,68,140,116,62,141,122,148,67,473,29.09,290.83,110.7,Overcast,Anxious,9.84,High
2026-03-07 02:34:00,Mumbai Naka,45,89,79,71,30,110,51,55,205,42.71,146.79,33.97,Foggy,Neutral,6.53,Normal
2026-03-15 08:04:00,Mhasrul,76,85,147,132,81,76,33,52,337,52.44,223.35,77.49,Foggy,Anxious,9.79,High
2026-03-28 19:26:00,CBS Circle,40,13,47,126,93,94,21,31,201,50.15,145.91,35.06,Foggy,Impatient,5.29,Normal
2026-03-23 19:56:00,Trimbak Naka,68,132,85,50,43,24,136,19,332,14.91,209.62,72.26,Clear,Impatient,9.7,High
2026-03-18 01:48:00,Indira Nagar,101,84,10,112,117,130,20,56,248,53.96,182.11,56.58,Foggy,Impatient,4.47,Normal
2026-03-01 14:35:00,Ashok Stambh,98,94,71,58,58,20,148,145,375,40.16,240.4,82.92,Overcast,Anxious,9.32,High
2026-03-02 22:04:00,Deolali Camp,74,150,33,119,131,139,62,60,300,21.81,208.5,61.48,Rainy,Anxious,10.0,High
2026-03-12 09:43:00,Deolali Camp,22,115,145,97,100,17,17,45,284,53.61,189.31,45.9,Rainy,Impatient,7.07,High
2026-03-11 23:25:00,Rane Nagar,61,31,146,41,70,143,117,77,394,40.64,256.53,63.33,Rainy,Impatient,8.67,High
2026-03-28 21:48:00,Indira Nagar,92,62,42,76,61,123,81,43,276,54.28,189.54,60.05,Foggy,Impatient,7.68,High
2026-03-12 09:34:00,Indira Nagar,41,48,37,115,65,17,29,18,172,42.5,132.01,33.66,Overcast,Neutral,6.97,Normal
2026-03-26 17:00:00,Satpur MIDC,123,74,83,40,99,81,98,38,403,51.91,260.37,84.78,Clear,Anxious,9.6,High
2026-03-14 03:01:00,Makhmalabad,98,137,57,49,24,119,19,129,198,23.0,155.35,40.09,Foggy,Neutral,4.95,Normal
2026-03-24 12:57:00,Nashik Road,144,43,72,31,130,146,87,99,433,43.37,273.65,87.88,Overcast,Impatient,9.12,High
2026-03-04 09:01:00,Gangapur Road,115,12,44,94,71,126,64,12,294,36.9,199.77,59.94,Clear,Neutral,6.6,Normal
2026-03-18 02:03:00,CBS Circle,61,145,30,13,149,47,48,147,288,43.07,188.38,49.0,Overcast,Impatient,6.77,Normal
2026-03-26 20:37:00,Govind Nagar,26,118,112,86,141,28,20,98,299,30.83,197.94,62.92,Foggy,Frustrated,8.83,High
2026-03-06 04:26:00,Panchavati,113,45,50,62,111,88,70,115,344,20.74,215.97,61.57,Foggy,Frustrated,8.55,High
2026-03-19 15:03:00,CBS Circle,72,24,48,32,110,110,58,66,288,40.16,191.29,51.38,Clear,Neutral,4.42,Normal
2026-03-16 08:03:00,College Road,119,130,63,101,131,26,133,117,446,35.09,276.81,102.53,Overcast,Frustrated,8.77,High
2026-03-02 17:08:00,Trimbak Naka,68,15,140,31,89,19,109,149,406,36.67,258.98,71.13,Rainy,Anxious,9.94,High
2026-03-04 21:20:00,Govind Nagar,74,142,59,57,42,73,104,65,279,35.29,188.78,59.49,Foggy,Impatient,4.1,Normal
2026-03-30 21:30:00,Adgaon Naka,38,82,133,118,91,140,80,126,342,36.99,226.39,58.36,Clear,Neutral,4.32,Normal
2026-03-13 06:29:00,Deolali Camp,23,127,19,96,98,78,69,104,209,50.78,157.4,43.82,Foggy,Impatient,6.69,Normal
2026-03-08 00:53:00,Rane Nagar,51,118,122,139,47,77,33,117,253,37.09,177.32,51.44,Overcast,Impatient,6.09,Normal
2026-03-14 15:30:00,Sinnar Phata,79,142,33,32,30,26,120,109,262,21.13,182.63,62.71,Overcast,Impatient,7.03,High
2026-03-08 21:31:00,Govind Nagar,25,36,13,17,20,29,105,95,163,38.52,127.21,33.52,Foggy,Neutral,5.03,Normal
2026-03-28 20:14:00,Indira Nagar,44,18,112,42,34,107,135,70,325,20.27,213.6,63.51,Rainy,Frustrated,9.1,High
2026-03-21 22:41:00,Deolali Camp,75,111,111,117,143,130,66,133,395,48.58,247.33,71.01,Overcast,Anxious,8.6,High
2026-03-05 10:29:00,Satpur MIDC,84,60,145,103,16,149,78,80,323,52.18,205.49,66.62,Foggy,Frustrated,8.98,High
2026-03-14 18:47:00,Makhmalabad,123,133,117,62,12,84,110,87,362,55.23,232.23,62.62,Clear,Anxious,9.32,High
2026-03-23 02:42:00,Makhmalabad,52,143,143,19,101,82,130,105,426,35.96,259.43,70.9,Overcast,Anxious,7.37,High
2026-03-11 19:48:00,Deolali Camp,112,147,116,135,19,85,81,40,328,36.29,220.61,58.52,Foggy,Impatient,5.96,Normal
2026-03-03 19:16:00,Govind Nagar,80,57,88,51,130,97,105,148,403,12.41,256.84,68.38,Rainy,Frustrated,10.0,High
2026-03-12 22:52:00,Dwarka Circle,135,14,66,65,96,62,44,31,341,44.46,223.97,59.59,Rainy,Impatient,7.98,High
2026-03-14 16:01:00,Indira Nagar,49,59,33,101,126,140,137,131,345,20.33,228.37,81.16,Clear,Frustrated,9.23,High
2026-03-06 03:38:00,Indira Nagar,119,18,32,118,35,46,26,77,212,37.57,149.46,42.92,Overcast,Neutral,4.98,Normal
2026-03-03 01:03:00,Dwarka Circle,67,117,66,41,143,74,27,125,303,28.72,196.73,57.93,Rainy,Neutral,5.58,Normal
2026-03-29 02:51:00,Indira Nagar,124,25,10,75,110,10,10,105,254,15.09,185.39,45.9,Foggy,Impatient,6.17,Normal
2026-03-10 15:46:00,College Road,94,75,67,121,11,13,144,71,316,13.22,216.58,72.92,Clear,Impatient,9.93,High
2026-03-29 10:27:00,Panchavati,44,81,94,131,144,83,12,148,294,14.97,204.25,60.95,Overcast,Impatient,9.1,High
2026-03-02 10:44:00,Rane Nagar,60,150,130,72,32,38,119,34,341,12.14,217.28,56.72,Rainy,Neutral,6.76,Normal
2026-03-02 10:15:00,Indira Nagar,111,44,29,77,105,70,51,11,296,42.46,197.02,56.39,Rainy,Impatient,5.79,Normal
2026-03-30 06:16:00,College Road,150,138,35,141,46,94,78,82,309,44.27,207.26,55.61,Foggy,Neutral,5.2,Normal
2026-03-02 05:17:00,Mumbai Naka,134,144,111,39,90,83,74,146,409,17.35,259.99,92.19,Clear,Frustrated,9.97,High
2026-03-01 21:38:00,Panchavati,19,55,105,36,98,85,92,53,314,32.95,214.49,68.07,Overcast,Impatient,7.6,High
2026-03-28 03:37:00,Trimbak Naka,105,144,48,104,128,18,61,107,342,38.94,216.81,76.24,Foggy,Anxious,8.32,High
2026-03-06 08:33:00,Deolali Camp,53,22,57,54,65,43,79,117,254,33.37,184.56,57.29,Clear,Neutral,5.71,Normal
2026-03-28 13:15:00,Sinnar Phata,79,17,29,33,90,66,51,47,249,53.76,168.1,40.71,Rainy,Impatient,6.71,Normal
2026-03-29 07:56:00,Govind Nagar,15,16,55,93,78,101,90,21,238,47.65,168.55,46.54,Clear,Impatient,5.15,Normal
2026-03-23 18:19:00,Nashik Road,19,133,87,126,36,104,58,65,200,24.9,145.5,32.05,Clear,Impatient,6.43,Normal
2026-03-23 11:16:00,CBS Circle,126,54,125,57,66,49,36,145,353,48.16,220.74,82.4,Clear,Anxious,7.6,High
2026-03-14 07:05:00,Mumbai Naka,131,28,131,27,33,12,96,93,391,37.2,245.84,63.23,Foggy,Impatient,8.91,High
2026-03-20 13:48:00,Mhasrul,38,20,93,88,93,32,111,118,335,24.15,221.78,65.5,Clear,Frustrated,8.93,High
2026-03-19 09:55:00,Rane Nagar,74,12,111,128,45,19,102,48,332,51.83,208.91,73.86,Overcast,Impatient,7.95,High
2026-03-21 11:23:00,Deolali Camp,143,123,68,91,139,72,11,25,361,51.98,235.15,85.64,Foggy,Frustrated,7.18,High
2026-03-19 12:43:00,Patherdi Phata,106,76,135,16,76,53,114,12,431,52.03,256.89,97.42,Clear,Frustrated,9.4,High
2026-03-21 04:34:00,Sinnar Phata,96,97,119,84,33,49,64,131,312,53.22,214.64,60.05,Clear,Frustrated,7.89,High
2026-03-17 03:38:00,CBS Circle,62,88,102,148,70,124,143,139,377,12.96,233.48,74.57,Foggy,Impatient,7.4,High
2026-03-29 19:25:00,Bytco Point,144,17,107,75,15,31,81,34,347,41.91,229.91,59.65,Clear,Neutral,4.67,Normal
2026-03-02 06:30:00,Patherdi Phata,22,34,78,34,34,22,116,63,250,37.18,174.15,59.15,Foggy,Impatient,6.06,Normal
2026-03-11 08:29:00,Sinnar Phata,98,146,38,27,14,98,73,74,223,43.39,171.3,37.83,Overcast,Impatient,6.88,Normal
2026-03-26 22:48:00,Patherdi Phata,118,44,121,48,95,78,101,80,435,16.22,258.56,91.24,Overcast,Frustrated,8.11,High
2026-03-27 01:34:00,Makhmalabad,128,61,85,27,127,78,131,138,471,20.02,287.25,103.21,Clear,Impatient,7.1,High
2026-03-10 12:13:00,Mumbai Naka,101,43,82,43,114,17,146,67,443,16.51,271.74,97.94,Overcast,Frustrated,7.18,High
2026-03-26 06:30:00,Makhmalabad,79,109,122,57,37,136,123,89,361,15.68,228.54,57.97,Overcast,Impatient,5.76,Normal
2026-03-18 05:09:00,Nashik Road,29,73,47,110,68,64,22,72,166,52.13,134.63,27.02,Foggy,Neutral,1.59,Normal
2026-03-20 18:45:00,Patherdi Phata,142,129,34,59,133,124,50,128,359,48.13,221.03,80.78,Overcast,Impatient,8.76,High
2026-03-01 03:48:00,Panchavati,52,88,32,131,121,69,20,100,225,40.94,169.78,49.19,Rainy,Impatient,7.58,High
2026-03-23 01:45:00,Deolali Camp,102,111,41,55,136,127,36,147,315,14.17,209.46,51.53,Foggy,Impatient,5.34,Normal
2026-03-06 12:14:00,Patherdi Phata,23,140,16,143,129,25,108,64,276,13.53,190.69,48.73,Overcast,Impatient,6.28,Normal
2026-03-02 00:10:00,Mhasrul,42,108,68,49,99,115,27,144,236,20.39,170.87,51.55,Rainy,Impatient,7.81,High
2026-03-01 12:43:00,Govind Nagar,150,12,71,27,37,43,93,81,351,37.15,223.62,74.54,Clear,Frustrated,9.44,High
2026-03-14 20:12:00,Rane Nagar,141,61,141,139,82,142,134,58,498,11.99,297.11,119.03,Foggy,Impatient,7.02,High
2026-03-11 04:56:00,College Road,33,96,36,132,15,138,71,53,155,40.04,128.02,31.81,Overcast,Neutral,6.3,Normal
2026-03-08 20:37:00,Indira Nagar,52,37,92,133,102,71,137,90,383,30.41,232.21,81.69,Clear,Anxious,7.28,High
2026-03-22 19:40:00,Nashik Road,80,69,129,82,67,38,22,72,298,26.44,203.9,66.92,Foggy,Anxious,8.83,High
2026-03-16 12:20:00,CBS Circle,137,146,85,82,81,27,59,129,362,52.38,224.69,62.44,Overcast,Frustrated,9.29,High
2026-03-06 14:45:00,Indira Nagar,134,57,18,78,88,117,17,71,257,14.71,188.08,51.98,Overcast,Neutral,6.15,Normal
2026-03-15 19:36:00,CBS Circle,73,120,92,38,108,122,45,38,318,14.85,217.84,56.61,Rainy,Neutral,6.4,Normal
2026-03-23 11:26:00,CBS Circle,68,39,138,72,137,77,74,71,417,35.88,263.05,96.94,Clear,Impatient,7.58,High
2026-03-03 23:56:00,Panchavati,134,87,67,96,43,37,34,42,278,54.84,198.9,51.74,Foggy,Impatient,6.98,Normal
2026-03-23 00:44:00,Makhmalabad,144,104,119,72,112,141,45,16,420,18.2,255.74,80.88,Rainy,Anxious,10.0,High
2026-03-22 20:38:00,Mhasrul,30,28,125,145,111,121,79,86,345,41.64,218.5,78.76,Rainy,Frustrated,10.0,High
2026-03-19 17:11:00,Makhmalabad,115,149,102,56,131,123,26,132,374,48.65,232.92,60.0,Clear,Neutral,4.15,Normal
2026-03-21 19:03:00,Trimbak Naka,140,16,142,86,98,128,43,139,423,48.03,269.0,94.31,Rainy,Impatient,10.0,High
2026-03-13 05:46:00,Gangapur Road,143,38,128,22,59,88,17,149,347,39.78,225.53,66.54,Foggy,Impatient,8.21,High
2026-03-16 20:25:00,Makhmalabad,63,21,42,20,134,18,65,65,304,21.18,197.55,52.13,Rainy,Neutral,6.5,Normal
2026-03-24 21:18:00,Nashik Road,65,12,79,39,106,113,64,128,314,30.92,210.14,60.54,Clear,Frustrated,8.85,High
2026-03-28 05:56:00,Gangapur Road,108,111,134,93,138,122,125,127,505,32.54,296.64,119.34,Foggy,Anxious,9.16,High
2026-03-09 04:46:00,Adgaon Naka,89,127,145,117,131,10,30,142,395,36.31,238.45,72.07,Clear,Frustrated,7.93,High
2026-03-28 02:07:00,Makhmalabad,98,10,29,137,88,34,90,42,305,36.92,197.12,49.88,Rainy,Neutral,8.48,High
2026-03-22 21:14:00,Deolali Camp,124,125,70,146,140,84,41,112,375,53.48,242.91,85.23,Rainy,Frustrated,10.0,High
2026-03-29 05:14:00,Deolali Camp,97,149,74,52,95,59,52,37,318,16.61,214.05,71.87,Clear,Anxious,7.65,High
2026-03-19 15:54:00,Gangapur Road,76,134,27,84,66,131,30,120,199,25.46,158.27,38.22,Clear,Neutral,4.12,Normal
2026-03-04 19:32:00,Mumbai Naka,40,56,125,139,79,42,70,99,314,43.79,200.35,70.04,Overcast,Frustrated,7.69,High
2026-03-29 19:07:00,Mumbai Naka,118,25,47,148,85,48,135,92,385,39.44,239.36,76.08,Rainy,Impatient,8.54,High
2026-03-08 15:36:00,Deolali Camp,62,63,49,109,59,53,39,16,209,21.01,146.66,38.17,Foggy,Neutral,6.46,Normal
2026-03-18 20:53:00,Sinnar Phata,71,116,85,102,85,14,45,37,286,35.47,183.19,63.53,Foggy,Frustrated,7.87,High
2026-03-27 23:37:00,Ashok Stambh,57,148,23,80,52,125,148,114,280,29.16,183.31,59.82,Overcast,Impatient,5.97,Normal
2026-03-13 00:56:00,Rane Nagar,37,45,26,148,147,13,14,132,224,51.27,168.1,41.93,Clear,Impatient,4.42,Normal
2026-03-05 21:20:00,Bytco Point,22,113,33,39,37,78,44,124,136,50.02,108.87,26.8,Foggy,Neutral,1.94,Normal
2026-03-25 10:49:00,Bytco Point,85,62,144,75,120,114,139,79,488,10.71,294.61,105.63,Rainy,Anxious,8.9,High
2026-03-27 14:42:00,Deolali Camp,112,57,108,93,13,38,84,138,317,48.97,216.11,72.91,Overcast,Frustrated,7.27,High
2026-03-01 07:43:00,Patherdi Phata,24,135,34,130,113,28,16,121,187,18.35,152.67,44.61,Foggy,Impatient,4.07,Normal
2026-03-26 07:24:00,Patherdi Phata,11,149,83,47,24,68,64,46,182,29.6,139.69,41.84,Overcast,Impatient,6.82,Normal
2026-03-01 03:30:00,Makhmalabad,80,96,55,124,32,141,80,124,247,26.78,168.59,55.93,Foggy,Impatient,5.79,Normal
2026-03-05 20:44:00,Nashik Road,86,114,109,47,27,145,95,108,317,15.1,199.12,68.78,Clear,Impatient,9.77,High
2026-03-06 17:59:00,Sinnar Phata,19,140,108,76,133,13,128,147,388,19.82,250.79,72.65,Overcast,Impatient,7.24,High
2026-03-23 08:20:00,Bytco Point,30,19,98,99,101,19,98,33,327,39.12,205.62,67.62,Overcast,Anxious,8.72,High
2026-03-06 03:56:00,Dwarka Circle,108,73,87,38,87,58,110,42,392,54.82,254.94,77.85,Overcast,Anxious,9.66,High
2026-03-29 14:47:00,Mumbai Naka,131,102,126,60,38,141,69,11,364,41.15,241.61,78.36,Foggy,Anxious,9.21,High
2026-03-23 02:33:00,Dwarka Circle,62,10,131,43,32,137,128,20,353,31.96,219.26,72.43,Rainy,Impatient,10.0,High
2026-03-05 18:34:00,Makhmalabad,17,71,11,101,68,93,32,14,128,14.32,121.97,28.98,Overcast,Neutral,1.98,Normal
2026-03-28 13:24:00,College Road,150,56,45,48,76,18,25,75,296,18.23,206.4,55.96,Clear,Impatient,5.09,Normal
2026-03-18 04:31:00,Mhasrul,90,97,109,69,56,24,85,19,340,16.45,221.19,81.02,Overcast,Impatient,7.59,High
2026-03-21 04:25:00,Panchavati,47,19,11,11,60,69,65,86,183,17.02,140.39,31.71,Overcast,Impatient,5.64,Normal
2026-03-25 01:49:00,Indira Nagar,37,146,17,41,64,97,58,120,176,39.3,143.75,33.06,Clear,Neutral,6.8,Normal
2026-03-05 06:34:00,Makhmalabad,105,120,98,35,146,82,14,96,363,33.66,228.04,68.81,Rainy,Impatient,9.94,High
2026-03-22 00:08:00,Nashik Road,132,114,86,42,136,134,123,138,477,16.69,278.98,91.22,Overcast,Anxious,8.58,High
2026-03-19 23:54:00,Deolali Camp,48,140,136,32,60,23,96,65,340,13.94,210.56,74.47,Rainy,Impatient,9.2,High
2026-03-21 05:33:00,Sinnar Phata,118,28,135,12,132,54,48,106,433,38.52,264.51,97.27,Overcast,Anxious,9.85,High
2026-03-25 21:36:00,Patherdi Phata,43,130,68,144,139,72,97,73,347,20.27,220.46,60.38,Foggy,Impatient,8.0,High
2026-03-22 06:15:00,Trimbak Naka,61,132,115,137,51,124,138,47,365,21.53,241.07,71.22,Clear,Anxious,7.03,High
2026-03-29 20:37:00,Rane Nagar,146,46,42,97,10,103,90,28,288,34.0,185.76,61.93,Foggy,Frustrated,7.23,High
2026-03-26 12:25:00,Indira Nagar,108,66,94,71,130,145,130,100,462,33.27,289.13,97.59,Foggy,Impatient,8.34,High
2026-03-01 01:44:00,Patherdi Phata,114,41,80,137,115,133,88,41,397,17.98,257.49,83.56,Rainy,Anxious,9.71,High
2026-03-17 07:39:00,Mumbai Naka,51,30,21,145,101,24,123,106,296,45.65,197.83,48.52,Rainy,Neutral,7.62,High
2026-03-25 04:41:00,CBS Circle,112,84,17,147,94,132,68,100,291,14.55,192.46,53.25,Rainy,Impatient,6.16,Normal
2026-03-22 13:33:00,Patherdi Phata,69,139,121,19,86,124,102,143,378,44.21,238.39,83.6,Rainy,Anxious,8.8,High
2026-03-12 17:04:00,Indira Nagar,95,70,28,10,60,103,15,25,198,51.36,157.19,32.23,Foggy,Neutral,4.54,Normal
2026-03-17 07:56:00,Patherdi Phata,29,104,14,47,75,128,17,106,135,40.66,127.45,31.78,Clear,Impatient,5.64,Normal
2026-03-28 04:20:00,Mhasrul,78,130,78,36,22,140,144,148,322,25.38,207.6,67.82,Overcast,Anxious,8.15,High
2026-03-20 08:17:00,Indira Nagar,62,122,70,30,45,54,96,138,273,43.6,180.91,47.95,Overcast,Neutral,6.78,Normal
2026-03-20 02:13:00,Sinnar Phata,58,93,51,42,34,29,83,120,226,33.62,165.29,51.44,Clear,Impatient,6.51,Normal
2026-03-22 13:36:00,Sinnar Phata,45,27,91,24,136,92,23,99,295,13.3,196.74,49.49,Rainy,Neutral,7.34,High
2026-03-02 22:16:00,Makhmalabad,53,64,128,117,128,132,119,99,428,29.84,269.63,75.69,Overcast,Anxious,9.15,High
2026-03-28 07:32:00,Trimbak Naka,112,97,28,34,99,18,41,135,280,43.72,194.13,45.16,Foggy,Impatient,5.96,Normal
2026-03-09 16:14:00,Deolali Camp,29,113,76,115,52,20,96,101,253,54.24,176.32,54.18,Overcast,Impatient,5.73,Normal
2026-03-12 09:12:00,Sinnar Phata,57,50,91,107,111,124,38,103,297,20.81,203.68,60.98,Overcast,Anxious,7.69,High
2026-03-09 02:02:00,Gangapur Road,112,137,103,49,37,73,21,16,273,57.14,182.55,59.55,Clear,Neutral,4.45,Normal
2026-03-19 05:12:00,Panchavati,57,145,80,88,105,117,50,98,292,32.32,204.01,49.53,Foggy,Neutral,6.77,Normal
2026-03-15 11:55:00,Bytco Point,41,44,115,131,27,46,60,113,243,36.5,177.74,45.16,Clear,Neutral,4.67,Normal
2026-03-27 01:23:00,Patherdi Phata,32,143,31,60,83,97,150,129,296,30.63,196.44,55.1,Overcast,Neutral,5.7,Normal
2026-03-05 09:48:00,College Road,74,90,62,147,120,128,74,124,330,21.78,220.36,62.08,Foggy,Impatient,8.74,High
2026-03-12 21:46:00,Bytco Point,49,27,30,39,119,143,94,50,292,29.31,201.72,67.79,Foggy,Frustrated,7.38,High
2026-03-14 01:34:00,Deolali Camp,39,78,145,65,81,105,10,89,275,34.63,186.61,48.06,Foggy,Impatient,5.37,Normal
2026-03-28 18:13:00,Gangapur Road,27,76,50,145,143,106,118,147,338,39.12,224.3,66.75,Foggy,Frustrated,7.21,High
2026-03-06 04:27:00,CBS Circle,133,139,104,83,118,135,97,68,452,11.86,273.06,74.88,Overcast,Impatient,9.24,High
2026-03-03 03:05:00,Govind Nagar,19,92,66,13,144,125,31,126,260,57.0,170.74,50.35,Rainy,Impatient,8.07,High
2026-03-17 21:48:00,Indira Nagar,77,139,26,78,97,121,21,144,221,46.12,158.9,43.1,Overcast,Impatient,4.04,Normal
2026-03-04 21:06:00,CBS Circle,81,141,121,25,133,137,99,39,434,26.84,268.13,102.22,Foggy,Impatient,8.11,High
2026-03-26 02:56:00,Satpur MIDC,94,93,58,34,15,115,41,24,208,30.3,163.22,40.34,Clear,Impatient,4.78,Normal
2026-03-27 13:57:00,Rane Nagar,44,114,64,128,50,121,150,113,308,17.05,205.82,65.13,Foggy,Frustrated,8.94,High
2026-03-07 20:03:00,Gangapur Road,141,21,102,102,125,61,136,108,504,49.35,307.36,94.6,Clear,Frustrated,9.67,High
2026-03-22 22:54:00,Makhmalabad,111,30,123,87,79,105,95,129,408,46.72,248.21,84.69,Overcast,Anxious,9.34,High
2026-03-11 17:11:00,Rane Nagar,54,110,77,101,33,94,106,121,270,13.74,185.21,61.08,Clear,Impatient,9.24,High
2026-03-30 22:30:00,Trimbak Naka,75,138,138,86,69,78,76,40,358,33.46,228.24,57.41,Foggy,Impatient,5.25,Normal
2026-03-05 01:47:00,Panchavati,75,22,139,10,99,24,63,21,376,29.24,246.45,88.66,Rainy,Impatient,10.0,High
2026-03-24 08:14:00,CBS Circle,22,86,78,124,65,18,13,98,178,37.75,144.5,29.91,Foggy,Neutral,1.97,Normal
2026-03-22 04:32:00,Dwarka Circle,138,18,72,91,147,85,101,49,458,43.93,275.96,77.38,Overcast,Anxious,9.93,High
2026-03-12 07:29:00,Nashik Road,109,55,41,28,92,57,32,15,274,29.36,184.52,51.76,Clear,Impatient,6.61,Normal
2026-03-06 03:00:00,Nashik Road,14,102,49,81,68,37,51,139,182,44.47,148.96,32.78,Clear,Impatient,5.99,Normal
2026-03-16 00:09:00,Rane Nagar,68,23,103,144,113,134,94,22,378,52.24,240.46,65.72,Foggy,Impatient,7.42,High
2026-03-13 17:44:00,Sinnar Phata,129,55,22,90,18,132,24,126,193,36.55,144.47,41.49,Rainy,Impatient,5.64,Normal
2026-03-10 06:56:00,College Road,149,19,74,112,135,71,93,139,451,20.21,282.8,88.0,Rainy,Anxious,9.49,High
2026-03-23 00:56:00,Rane Nagar,65,148,36,71,63,21,48,40,212,30.96,149.61,49.71,Foggy,Impatient,6.86,Normal
2026-03-10 09:26:00,Mumbai Naka,32,109,93,14,117,132,138,98,380,24.04,240.2,80.64,Overcast,Frustrated,7.63,High
2026-03-03 02:29:00,Indira Nagar,66,122,53,51,66,97,50,60,235,30.49,172.5,54.32,Overcast,Neutral,5.32,Normal
2026-03-30 06:53:00,Dwarka Circle,93,86,41,41,82,42,121,83,337,31.91,217.33,79.74,Overcast,Anxious,9.97,High
2026-03-27 08:42:00,Makhmalabad,42,48,101,114,48,44,148,115,339,41.21,216.21,72.09,Clear,Frustrated,8.52,High
2026-03-03 22:31:00,Govind Nagar,115,13,126,147,12,119,14,19,267,49.43,174.17,44.56,Clear,Impatient,5.22,Normal
2026-03-18 21:13:00,Adgaon Naka,124,62,145,108,66,137,100,63,435,50.07,263.27,78.9,Rainy,Anxious,10.0,High
2026-03-07 07:56:00,Satpur MIDC,149,44,106,150,49,111,26,98,330,30.52,210.98,65.67,Overcast,Frustrated,8.39,High
2026-03-25 15:50:00,Ashok Stambh,29,54,90,66,97,112,136,36,352,42.65,230.3,63.62,Clear,Impatient,9.96,High
2026-03-10 08:12:00,Gangapur Road,114,22,87,139,90,71,110,118,401,40.26,249.58,71.28,Clear,Impatient,9.45,High
2026-03-21 08:16:00,Mumbai Naka,142,136,32,61,36,99,124,52,334,54.14,226.92,75.08,Foggy,Frustrated,9.48,High
2026-03-04 21:44:00,Govind Nagar,67,113,120,15,71,97,73,101,331,34.33,207.77,73.34,Overcast,Frustrated,7.35,High
2026-03-26 08:40:00,CBS Circle,38,38,61,51,49,53,15,118,163,55.44,132.35,37.59,Clear,Neutral,6.06,Normal
2026-03-10 21:08:00,Mhasrul,27,11,100,12,74,41,131,114,332,17.38,225.64,71.14,Overcast,Anxious,7.75,High
2026-03-28 19:42:00,Trimbak Naka,119,81,85,106,13,39,108,73,325,37.36,205.66,68.18,Rainy,Impatient,10.0,High
2026-03-21 02:33:00,Sinnar Phata,105,143,48,132,84,16,88,146,325,19.88,209.34,64.26,Overcast,Anxious,9.44,High
2026-03-17 22:04:00,Sinnar Phata,92,47,16,19,73,144,73,91,254,55.83,186.35,48.68,Clear,Impatient,4.28,Normal
2026-03-23 02:43:00,Makhmalabad,108,102,119,137,122,84,88,34,437,14.18,272.59,96.78,Rainy,Frustrated,10.0,High
2026-03-28 21:28:00,Patherdi Phata,80,139,102,63,48,127,127,28,357,36.71,232.06,70.29,Clear,Anxious,9.27,High
2026-03-16 22:56:00,Bytco Point,104,11,86,26,12,46,84,111,286,54.72,197.99,51.49,Clear,Neutral,4.28,Normal
2026-03-27 13:44:00,Mhasrul,92,142,87,40,94,122,14,61,287,15.33,193.89,55.75,Overcast,Impatient,4.94,Normal
2026-03-07 22:27:00,Panchavati,32,14,131,79,51,13,68,121,282,42.61,197.38,63.8,Rainy,Impatient,9.73,High
2026-03-22 23:54:00,Panchavati,25,100,18,18,23,80,148,53,214,42.05,148.13,41.98,Foggy,Neutral,4.25,Normal
2026-03-18 14:56:00,Govind Nagar,100,38,92,61,120,121,128,38,440,54.09,260.44,88.67,Rainy,Impatient,8.92,High
2026-03-16 05:38:00,Panchavati,62,141,27,17,130,142,102,75,321,27.25,212.46,69.73,Rainy,Impatient,10.0,High
2026-03-07 00:39:00,College Road,30,53,17,124,84,96,92,56,223,47.24,158.46,40.57,Foggy,Neutral,5.46,Normal
2026-03-28 11:44:00,Adgaon Naka,43,99,101,13,31,142,120,14,295,40.82,196.06,70.66,Overcast,Impatient,7.18,High
2026-03-02 15:06:00,Patherdi Phata,60,66,45,65,18,110,37,89,160,15.55,122.8,31.75,Foggy,Neutral,4.64,Normal
2026-03-04 09:38:00,Satpur MIDC,92,46,27,128,148,141,112,37,379,30.26,231.14,64.6,Clear,Frustrated,9.27,High
2026-03-19 11:27:00,Dwarka Circle,73,106,25,45,15,125,38,94,151,44.74,116.15,30.45,Overcast,Neutral,5.84,Normal
2026-03-25 06:29:00,Rane Nagar,57,25,136,98,44,60,135,55,372,47.4,226.91,74.68,Foggy,Frustrated,9.44,High
2026-03-13 04:17:00,Govind Nagar,98,36,87,131,14,126,13,42,212,23.1,163.15,41.19,Overcast,Impatient,5.99,Normal
2026-03-29 23:49:00,Nashik Road,102,147,140,40,36,91,37,15,315,55.27,212.58,69.44,Foggy,Impatient,8.6,High
2026-03-10 17:35:00,Deolali Camp,103,12,12,88,134,25,91,124,340,51.85,217.16,72.19,Foggy,Frustrated,9.88,High
2026-03-14 03:46:00,Mhasrul,69,106,77,90,144,58,51,150,341,54.87,218.57,58.5,Overcast,Neutral,5.78,Normal
2026-03-01 07:27:00,Makhmalabad,114,49,64,100,64,51,53,65,295,33.5,197.12,61.4,Foggy,Frustrated,7.72,High
2026-03-29 11:27:00,Indira Nagar,11,147,106,44,75,72,124,100,316,26.31,213.97,57.88,Clear,Neutral,4.29,Normal
2026-03-22 07:12:00,Dwarka Circle,40,26,97,48,55,115,123,76,315,34.57,205.41,58.98,Foggy,Neutral,6.74,Normal
2026-03-18 16:48:00,College Road,40,70,84,62,146,137,90,42,360,37.91,229.96,76.65,Overcast,Frustrated,9.88,High
2026-03-21 08:42:00,Dwarka Circle,123,56,71,29,125,118,138,59,457,12.72,272.78,101.75,Overcast,Anxious,8.62,High
2026-03-20 11:18:00,Nashik Road,107,13,123,138,39,128,86,25,355,12.84,221.17,61.84,Clear,Frustrated,7.46,High
2026-03-04 16:17:00,Panchavati,106,36,141,149,75,10,52,73,374,54.54,229.55,66.32,Foggy,Anxious,8.27,High
2026-03-07 19:00:00,Nashik Road,14,146,140,140,98,68,88,41,340,29.75,225.19,78.45,Foggy,Anxious,9.53,High
2026-03-29 07:23:00,Bytco Point,124,149,47,129,113,84,21,129,305,52.93,192.76,53.08,Foggy,Neutral,6.78,Normal
2026-03-18 02:43:00,Sinnar Phata,101,132,68,54,120,78,68,116,357,42.41,220.57,67.06,Foggy,Impatient,9.34,High
2026-03-23 19:46:00,Rane Nagar,87,96,117,14,149,12,49,68,402,35.14,257.31,73.46,Rainy,Impatient,10.0,High
2026-03-24 07:29:00,Nashik Road,17,130,68,144,126,113,77,124,288,21.93,202.32,66.02,Rainy,Impatient,9.88,High
2026-03-13 19:22:00,College Road,47,81,100,97,122,143,136,16,405,53.76,246.51,65.88,Foggy,Frustrated,7.59,High
2026-03-15 20:32:00,Makhmalabad,118,93,102,117,93,87,111,26,424,50.39,255.53,71.89,Overcast,Frustrated,8.51,High
2026-03-05 13:26:00,Nashik Road,130,104,109,141,126,86,74,141,439,50.34,268.44,78.27,Overcast,Frustrated,9.08,High
2026-03-16 01:37:00,Mumbai Naka,146,45,135,68,109,27,56,16,446,22.08,266.77,78.17,Overcast,Impatient,9.69,High
2026-03-04 11:58:00,Sinnar Phata,44,47,101,71,42,145,140,43,327,23.58,217.27,57.14,Foggy,Impatient,4.11,Normal
2026-03-12 06:30:00,Ashok Stambh,96,107,83,136,22,19,30,42,231,50.68,166.56,53.32,Rainy,Neutral,6.93,Normal
2026-03-03 00:42:00,Dwarka Circle,66,106,144,71,136,56,87,123,433,24.05,261.83,86.06,Clear,Anxious,9.61,High
2026-03-09 23:26:00,Panchavati,105,35,31,59,123,80,84,111,343,49.9,230.28,70.47,Foggy,Impatient,7.89,High
2026-03-29 13:06:00,Makhmalabad,110,143,111,150,89,60,133,35,443,33.93,264.99,85.01,Clear,Impatient,9.28,High
2026-03-02 20:04:00,Patherdi Phata,64,107,132,137,12,85,142,64,350,49.12,223.91,68.14,Clear,Anxious,9.57,High
2026-03-11 05:09:00,Deolali Camp,52,50,79,139,86,137,21,72,238,45.74,172.47,39.52,Overcast,Neutral,5.75,Normal
2026-03-02 18:32:00,Deolali Camp,119,32,136,20,68,27,140,56,463,31.17,275.56,104.33,Foggy,Anxious,7.3,High
2026-03-10 21:25:00,Adgaon Naka,108,79,87,128,58,19,59,77,312,21.69,209.49,50.11,Overcast,Neutral,6.93,Normal
2026-03-13 08:27:00,Indira Nagar,67,122,48,19,113,11,139,77,367,39.05,242.17,78.1,Foggy,Anxious,8.17,High
2026-03-23 12:47:00,Dwarka Circle,105,88,30,46,55,65,30,90,220,44.32,151.04,42.85,Overcast,Impatient,6.94,Normal
2026-03-30 18:28:00,Bytco Point,90,47,141,43,132,47,39,24,402,20.15,251.41,69.25,Foggy,Frustrated,7.04,High
2026-03-02 14:05:00,Govind Nagar,140,99,96,38,79,55,55,48,370,48.94,239.26,71.44,Rainy,Impatient,10.0,High
2026-03-18 06:16:00,Patherdi Phata,59,76,108,107,96,119,113,132,376,29.02,236.79,80.27,Foggy,Impatient,8.7,High
2026-03-20 18:12:00,Trimbak Naka,12,125,143,80,37,131,139,96,331,43.43,217.16,54.92,Foggy,Neutral,4.44,Normal
2026-03-29 08:22:00,Mumbai Naka,99,58,142,11,62,101,35,91,338,46.55,225.93,54.95,Rainy,Neutral,6.44,Normal
2026-03-11 16:26:00,Makhmalabad,11,75,16,86,94,111,77,19,198,27.44,146.18,43.1,Foggy,Neutral,4.9,Normal
2026-03-27 12:44:00,Mumbai Naka,134,99,61,138,104,119,121,117,420,30.47,254.76,73.98,Clear,Anxious,7.09,High
2026-03-22 22:26:00,Dwarka Circle,119,41,134,95,78,72,64,58,395,43.67,255.94,76.14,Foggy,Frustrated,9.68,High
2026-03-25 23:57:00,Satpur MIDC,120,131,114,56,114,95,45,127,393,36.64,242.57,76.78,Foggy,Frustrated,7.29,High
2026-03-25 05:11:00,Indira Nagar,48,57,21,90,134,141,40,49,243,25.24,172.85,40.51,Rainy,Impatient,6.58,Normal
2026-03-15 08:33:00,Rane Nagar,19,22,20,88,134,68,149,61,322,49.34,209.21,75.9,Clear,Impatient,7.42,High
2026-03-30 12:31:00,Bytco Point,138,62,147,89,74,36,27,22,386,46.15,244.27,92.62,Rainy,Anxious,10.0,High
2026-03-04 05:11:00,Trimbak Naka,112,81,83,118,123,18,51,60,369,30.18,237.11,86.34,Clear,Frustrated,9.73,High
2026-03-10 21:30:00,Govind Nagar,99,112,124,146,33,77,119,136,375,13.48,240.21,68.28,Clear,Anxious,8.86,High
2026-03-12 02:06:00,Ashok Stambh,22,131,80,77,117,94,132,149,351,34.86,235.37,68.49,Foggy,Impatient,8.87,High
2026-03-15 13:16:00,Sinnar Phata,119,87,85,97,126,58,112,137,442,46.05,262.39,72.17,Foggy,Frustrated,8.46,High
2026-03-12 20:16:00,Trimbak Naka,32,69,143,103,133,126,63,59,371,52.69,245.14,76.76,Overcast,Anxious,9.35,High
2026-03-02 15:40:00,Dwarka Circle,101,45,68,138,93,27,28,109,290,37.06,193.21,54.99,Clear,Impatient,6.54,Normal
2026-03-15 18:58:00,Rane Nagar,61,78,139,14,74,147,66,77,340,44.76,219.52,78.87,Foggy,Frustrated,8.6,High
2026-03-19 04:42:00,Trimbak Naka,74,80,47,81,121,145,110,21,352,46.41,232.91,66.78,Rainy,Impatient,9.01,High
2026-03-14 06:55:00,Mhasrul,50,104,79,94,38,129,136,92,303,15.86,194.44,68.5,Clear,Frustrated,8.52,High
2026-03-08 00:59:00,Govind Nagar,77,94,85,110,69,33,66,134,297,56.06,192.66,53.81,Rainy,Neutral,6.79,Normal
2026-03-11 01:12:00,Rane Nagar,42,138,108,143,98,134,36,27,284,40.36,195.19,61.93,Foggy,Anxious,8.67,High
2026-03-10 02:21:00,Indira Nagar,75,60,129,12,13,12,91,70,308,12.24,196.49,62.54,Foggy,Frustrated,8.33,High
2026-03-20 01:33:00,CBS Circle,134,27,84,41,15,39,78,120,311,41.76,215.07,72.25,Rainy,Anxious,10.0,High
2026-03-11 21:16:00,Trimbak Naka,53,14,11,22,113,37,69,104,246,28.88,167.97,54.96,Foggy,Neutral,6.92,Normal
2026-03-16 12:56:00,Adgaon Naka,130,72,123,100,17,120,97,104,367,19.5,231.94,72.03,Foggy,Frustrated,8.91,High
2026-03-11 05:05:00,Mumbai Naka,11,72,82,68,88,125,96,65,277,51.31,183.99,50.51,Clear,Neutral,6.17,Normal
2026-03-26 05:22:00,Panchavati,147,130,101,74,58,22,47,123,353,32.11,233.53,79.21,Clear,Impatient,8.49,High
2026-03-07 07:14:00,Ashok Stambh,21,10,133,116,76,125,73,62,303,44.94,198.39,66.78,Clear,Anxious,7.16,High
2026-03-06 01:01:00,Panchavati,138,58,92,16,78,35,113,108,421,45.03,263.38,72.2,Rainy,Anxious,9.01,High
2026-03-16 18:53:00,Deolali Camp,92,69,108,33,55,32,31,59,286,27.63,192.06,63.06,Foggy,Anxious,7.15,High
2026-03-26 08:39:00,Nashik Road,100,20,129,89,118,13,94,74,441,24.09,262.15,71.38,Overcast,Frustrated,8.07,High
2026-03-26 14:53:00,Makhmalabad,150,15,124,126,75,63,72,39,421,47.49,252.87,101.04,Rainy,Anxious,9.13,High
2026-03-11 23:29:00,Rane Nagar,67,58,113,12,92,92,102,59,374,48.75,228.47,68.1,Clear,Anxious,9.76,High
2026-03-27 20:24:00,Makhmalabad,25,69,145,86,51,30,39,143,260,38.06,176.28,42.08,Foggy,Impatient,4.95,Normal
2026-03-02 15:19:00,Adgaon Naka,105,71,36,49,108,98,70,26,319,27.07,219.27,69.24,Rainy,Frustrated,9.68,High
2026-03-10 06:13:00,Sinnar Phata,30,74,89,27,38,150,40,89,197,44.09,146.59,46.95,Clear,Impatient,4.22,Normal
2026-03-08 19:37:00,CBS Circle,86,138,68,35,95,108,86,111,335,23.26,214.84,59.93,Foggy,Impatient,6.34,Normal
2026-03-08 23:16:00,Panchavati,50,139,101,46,118,101,10,147,279,55.18,181.73,51.56,Overcast,Neutral,6.72,Normal
2026-03-09 18:54:00,Panchavati,89,125,57,61,85,68,43,58,274,28.24,193.45,48.75,Rainy,Impatient,6.32,Normal
2026-03-10 15:00:00,Deolali Camp,95,145,49,25,21,15,90,49,255,33.62,169.56,57.74,Rainy,Impatient,8.24,High
2026-03-17 04:19:00,Patherdi Phata,28,76,64,111,10,120,16,18,118,49.92,118.5,22.69,Foggy,Neutral,3.25,Normal
2026-03-28 02:47:00,Mumbai Naka,12,84,91,116,17,52,33,51,153,22.85,119.37,33.24,Foggy,Neutral,6.88,Normal
2026-03-28 16:38:00,Bytco Point,135,42,20,25,130,103,115,145,400,45.47,256.08,86.48,Foggy,Impatient,7.73,High
2026-03-10 09:56:00,Mhasrul,126,58,144,11,91,134,112,63,473,18.11,286.79,92.52,Overcast,Frustrated,7.59,High
2026-03-24 08:16:00,Indira Nagar,119,34,67,15,22,110,95,85,303,45.98,208.47,69.17,Rainy,Impatient,10.0,High
2026-03-05 07:24:00,Satpur MIDC,60,32,132,83,73,48,107,81,372,56.24,229.46,76.8,Rainy,Impatient,9.24,High
2026-03-04 23:14:00,Mumbai Naka,100,86,144,51,89,52,129,24,462,19.73,274.26,81.53,Rainy,Anxious,9.23,High
2026-03-29 12:12:00,Rane Nagar,28,20,124,36,55,73,83,87,290,56.85,189.21,55.85,Rainy,Neutral,7.81,High
2026-03-28 04:23:00,CBS Circle,16,79,58,50,110,139,119,138,303,34.23,204.64,69.1,Rainy,Impatient,10.0,High
2026-03-19 00:49:00,Ashok Stambh,141,69,15,127,70,125,50,140,276,44.62,181.47,61.3,Clear,Impatient,9.92,High
2026-03-28 07:08:00,Ashok Stambh,95,74,123,120,44,133,82,97,344,46.0,231.61,81.97,Rainy,Frustrated,10.0,High
2026-03-04 07:55:00,Mumbai Naka,132,50,17,132,88,26,21,137,258,31.7,174.67,49.74,Clear,Impatient,6.17,Normal
2026-03-08 17:49:00,CBS Circle,83,125,62,71,146,107,100,134,391,32.51,237.82,75.85,Overcast,Impatient,8.13,High
2026-03-02 09:06:00,Bytco Point,59,114,38,26,150,22,116,16,363,51.09,229.75,65.03,Rainy,Anxious,10.0,High
2026-03-17 23:24:00,Satpur MIDC,34,33,75,114,33,49,115,52,257,22.19,177.99,55.75,Rainy,Neutral,6.84,Normal
2026-03-22 23:55:00,Gangapur Road,59,37,125,129,142,90,17,120,343,14.64,229.45,62.75,Clear,Frustrated,8.44,High
2026-03-28 04:52:00,Makhmalabad,32,79,32,129,37,147,96,96,197,50.54,143.7,41.14,Foggy,Impatient,6.71,Normal
2026-03-04 17:54:00,CBS Circle,85,130,76,85,75,148,51,10,287,20.99,202.73,54.77,Foggy,Neutral,4.88,Normal
2026-03-05 20:36:00,Govind Nagar,117,30,126,66,50,47,144,78,437,41.55,274.59,92.54,Clear,Impatient,8.33,High
2026-03-06 19:52:00,Panchavati,123,43,14,77,10,49,105,126,252,29.41,175.97,49.69,Overcast,Impatient,4.16,Normal
2026-03-30 05:10:00,Adgaon Naka,111,122,96,83,107,91,106,134,420,54.82,268.91,84.2,Foggy,Anxious,8.14,High
2026-03-29 01:56:00,Sinnar Phata,33,38,149,45,136,105,16,81,334,32.63,214.51,72.75,Foggy,Impatient,8.74,High
2026-03-07 00:18:00,Mhasrul,127,40,94,114,23,85,145,27,389,15.69,243.15,83.85,Rainy,Frustrated,10.0,High
2026-03-28 04:27:00,Makhmalabad,112,57,13,43,81,146,92,116,298,15.74,204.29,51.35,Overcast,Impatient,5.38,Normal
2026-03-28 16:31:00,Makhmalabad,89,86,58,80,67,31,62,120,276,55.44,178.07,49.86,Overcast,Neutral,6.7,Normal
2026-03-07 09:08:00,Trimbak Naka,89,59,80,11,150,99,50,96,369,33.94,231.6,63.52,Overcast,Frustrated,8.29,High
2026-03-13 11:12:00,Gangapur Road,138,85,144,51,120,62,109,22,511,25.77,295.9,109.8,Foggy,Frustrated,8.16,High
2026-03-16 12:38:00,College Road,105,39,33,147,70,75,90,42,298,34.08,202.18,65.51,Clear,Impatient,7.27,High
2026-03-23 23:36:00,Satpur MIDC,68,98,142,50,33,123,105,93,348,34.23,215.07,65.83,Clear,Frustrated,7.16,High
2026-03-22 13:05:00,Trimbak Naka,46,53,90,50,70,106,84,49,290,19.12,201.14,52.26,Rainy,Impatient,8.1,High
2026-03-16 03:43:00,Govind Nagar,94,28,126,16,145,100,128,64,493,17.43,287.82,111.28,Clear,Frustrated,9.8,High
2026-03-01 00:08:00,Sinnar Phata,23,59,51,117,38,98,144,90,256,51.24,181.95,57.41,Clear,Impatient,6.9,Normal
2026-03-02 05:08:00,Patherdi Phata,69,87,112,120,86,133,96,12,363,50.94,229.44,80.81,Overcast,Anxious,8.79,High
2026-03-06 05:52:00,Indira Nagar,108,54,146,103,23,135,142,28,419,52.4,268.7,78.6,Overcast,Impatient,9.01,High
2026-03-21 20:03:00,Rane Nagar,31,94,33,19,105,13,16,52,185,54.35,142.69,39.85,Rainy,Impatient,5.54,Normal
2026-03-30 03:26:00,Mumbai Naka,65,58,31,112,17,23,71,107,184,18.97,132.88,40.79,Foggy,Neutral,4.2,Normal
2026-03-28 14:01:00,Govind Nagar,25,26,113,29,59,77,51,103,248,57.25,181.49,56.49,Foggy,Neutral,4.61,Normal
2026-03-10 00:08:00,Bytco Point,17,142,129,107,99,16,130,43,375,12.46,247.15,79.76,Clear,Anxious,8.88,High
2026-03-02 05:09:00,Deolali Camp,14,112,130,128,42,94,16,140,202,57.51,141.13,45.39,Overcast,Neutral,4.38,Normal
2026-03-20 23:41:00,Deolali Camp,23,129,31,10,44,45,56,36,154,20.87,136.92,25.8,Clear,Satisfied,1.68,Normal
2026-03-22 05:49:00,Dwarka Circle,134,64,127,118,150,30,86,70,497,41.47,290.62,101.12,Rainy,Anxious,9.42,High
2026-03-13 09:47:00,Patherdi Phata,57,87,116,53,92,63,142,29,407,11.81,259.41,86.75,Foggy,Impatient,9.1,High
2026-03-25 19:39:00,Panchavati,77,56,133,131,33,148,71,115,314,31.01,212.49,74.63,Foggy,Anxious,7.42,High
2026-03-12 10:12:00,Gangapur Road,48,68,103,78,31,148,105,115,287,52.02,192.94,59.21,Foggy,Neutral,4.89,Normal
2026-03-30 19:58:00,Nashik Road,148,72,22,59,51,56,107,80,328,15.18,218.31,63.1,Clear,Impatient,9.31,High
2026-03-19 11:06:00,Ashok Stambh,66,84,31,147,94,76,43,101,234,29.16,165.45,43.33,Clear,Impatient,4.7,Normal
2026-03-29 13:33:00,College Road,125,103,114,107,124,42,82,145,445,39.16,273.4,101.91,Clear,Frustrated,9.99,High
2026-03-27 13:14:00,Govind Nagar,76,12,94,10,149,119,138,90,457,32.1,270.49,82.86,Rainy,Frustrated,9.64,High
2026-03-24 14:32:00,CBS Circle,12,117,52,39,108,12,131,63,303,43.44,203.55,57.56,Clear,Impatient,5.31,Normal
2026-03-14 18:03:00,Rane Nagar,46,80,105,114,102,69,108,74,361,53.16,228.1,66.24,Clear,Impatient,8.2,High
2026-03-21 19:53:00,Govind Nagar,115,28,57,47,24,67,108,41,304,15.45,203.97,66.08,Rainy,Anxious,10.0,High
2026-03-05 23:23:00,Bytco Point,32,113,106,91,58,84,39,117,235,24.34,164.58,47.22,Foggy,Neutral,5.42,Normal
2026-03-16 13:12:00,College Road,23,134,18,29,69,141,62,40,172,13.45,128.26,34.38,Foggy,Neutral,5.09,Normal
2026-03-18 13:50:00,Trimbak Naka,108,75,55,58,107,124,38,47,308,13.86,196.35,61.08,Foggy,Impatient,8.44,High
2026-03-17 16:23:00,Nashik Road,15,72,78,144,91,150,102,118,286,49.85,191.33,58.47,Rainy,Neutral,7.91,High
2026-03-25 18:13:00,Gangapur Road,41,140,14,47,119,50,80,60,254,33.93,167.16,55.08,Clear,Impatient,4.39,Normal
2026-03-04 03:23:00,Ashok Stambh,15,40,103,136,116,136,53,111,287,13.52,200.51,47.52,Rainy,Neutral,7.9,High
2026-03-03 14:27:00,Bytco Point,37,21,70,26,42,129,86,37,235,34.72,165.31,48.6,Rainy,Neutral,5.55,Normal
2026-03-30 08:24:00,Gangapur Road,109,149,123,54,62,132,25,58,319,54.77,211.43,61.36,Overcast,Anxious,7.85,High
2026-03-06 09:59:00,Rane Nagar,56,20,30,76,89,80,146,41,321,29.18,218.09,71.21,Rainy,Impatient,10.0,High
2026-03-14 21:14:00,CBS Circle,134,74,75,132,47,139,130,129,386,43.2,252.07,65.94,Overcast,Impatient,8.46,High
2026-03-29 06:10:00,Patherdi Phata,150,69,113,113,27,30,59,127,349,34.32,232.37,56.75,Overcast,Impatient,5.01,Normal
2026-03-16 03:07:00,Mhasrul,133,149,120,50,139,91,109,121,501,42.58,306.34,109.14,Rainy,Anxious,10.0,High
2026-03-11 03:26:00,Indira Nagar,136,85,129,112,37,81,90,83,392,50.78,242.55,77.17,Foggy,Frustrated,7.08,High
2026-03-25 21:03:00,Indira Nagar,56,115,61,59,78,71,36,15,231,21.33,171.54,48.39,Overcast,Impatient,4.4,Normal
2026-03-03 07:09:00,Adgaon Naka,30,116,53,63,105,140,106,73,294,54.95,194.89,69.76,Overcast,Anxious,9.58,High
2026-03-24 12:43:00,Deolali Camp,122,53,80,56,142,147,122,149,466,34.64,288.97,102.19,Rainy,Impatient,10.0,High
2026-03-21 10:50:00,College Road,69,26,94,60,135,85,119,11,417,22.89,253.04,90.87,Foggy,Frustrated,8.82,High
2026-03-20 09:24:00,Sinnar Phata,41,15,55,28,80,29,142,116,318,46.78,202.99,75.84,Clear,Impatient,9.89,High
2026-03-18 23:16:00,Sinnar Phata,76,144,24,72,106,117,78,124,284,24.71,183.21,60.53,Clear,Frustrated,9.45,High
2026-03-14 13:29:00,Panchavati,118,132,26,37,20,40,23,91,187,45.0,149.4,30.66,Foggy,Impatient,4.42,Normal
2026-03-06 12:04:00,Trimbak Naka,113,39,23,76,16,57,24,64,176,24.85,143.9,40.11,Foggy,Impatient,4.11,Normal
2026-03-07 11:55:00,College Road,44,104,36,145,88,90,20,115,188,16.64,139.0,39.0,Foggy,Impatient,5.17,Normal
2026-03-15 11:42:00,Deolali Camp,86,136,138,65,129,105,110,21,463,21.11,285.82,104.0,Clear,Anxious,9.99,High
2026-03-10 11:26:00,Mhasrul,115,32,69,70,32,13,97,29,313,43.76,215.19,52.71,Overcast,Impatient,4.89,Normal
2026-03-22 07:54:00,Trimbak Naka,39,42,43,59,59,78,115,90,256,45.72,172.31,50.93,Overcast,Impatient,4.73,Normal
2026-03-29 05:33:00,College Road,25,98,13,30,35,99,73,25,146,16.4,114.26,31.45,Overcast,Neutral,5.41,Normal
2026-03-20 04:19:00,Dwarka Circle,86,113,118,49,26,95,48,105,278,52.81,180.65,54.11,Foggy,Neutral,4.68,Normal
2026-03-30 09:40:00,Trimbak Naka,85,128,80,68,141,61,29,124,335,36.31,214.98,71.43,Overcast,Frustrated,8.18,High
2026-03-18 08:37:00,Makhmalabad,134,96,121,142,31,136,64,97,350,32.44,227.93,66.77,Foggy,Anxious,7.25,High
2026-03-18 18:35:00,Govind Nagar,139,65,144,94,36,101,53,139,372,23.95,236.92,86.0,Clear,Impatient,9.2,High
2026-03-10 03:21:00,Sinnar Phata,112,36,127,49,135,138,150,66,524,47.53,314.05,124.98,Clear,Frustrated,8.05,High
2026-03-10 12:24:00,Bytco Point,58,78,42,117,69,130,114,111,283,34.16,194.3,61.06,Overcast,Anxious,7.91,High
2026-03-18 02:53:00,Nashik Road,83,35,62,118,46,130,94,55,285,47.45,202.41,65.71,Clear,Frustrated,8.36,High
2026-03-02 02:13:00,Ashok Stambh,120,95,139,49,95,135,24,65,378,29.53,245.55,74.93,Overcast,Frustrated,7.27,High
2026-03-06 01:00:00,Mumbai Naka,59,123,148,131,54,136,29,143,290,16.1,202.93,52.61,Clear,Neutral,5.46,Normal
2026-03-07 13:11:00,Trimbak Naka,13,140,87,81,32,142,91,147,223,19.83,161.74,52.89,Overcast,Neutral,4.35,Normal
2026-03-14 05:12:00,Satpur MIDC,39,48,27,137,42,66,97,42,205,31.41,155.55,39.83,Clear,Neutral,4.79,Normal
2026-03-28 17:39:00,Govind Nagar,24,52,18,14,134,135,97,114,273,52.7,186.72,64.69,Clear,Anxious,8.84,High
2026-03-15 06:10:00,Panchavati,135,22,45,54,144,142,96,97,420,29.29,269.0,82.63,Foggy,Anxious,8.88,High
2026-03-17 21:53:00,Mhasrul,67,40,108,36,36,36,99,119,310,18.87,208.5,56.08,Clear,Neutral,6.28,Normal
2026-03-13 09:35:00,Panchavati,35,51,68,48,38,136,150,84,291,36.47,194.76,48.39,Clear,Neutral,4.68,Normal
2026-03-02 00:28:00,Indira Nagar,95,26,115,95,37,125,76,51,323,28.91,208.62,65.96,Clear,Anxious,7.02,High
2026-03-30 13:47:00,Mumbai Naka,40,25,138,55,103,49,110,92,391,22.92,251.9,83.51,Clear,Frustrated,9.59,High
2026-03-07 12:30:00,Indira Nagar,82,15,81,122,79,74,123,73,365,20.24,240.94,81.24,Foggy,Anxious,8.3,High
2026-03-17 18:18:00,Dwarka Circle,89,115,130,15,117,121,68,123,404,54.7,245.84,89.36,Overcast,Impatient,7.41,High
2026-03-16 13:00:00,Govind Nagar,71,38,27,69,119,81,119,26,336,21.12,219.15,78.0,Overcast,Frustrated,8.55,High
2026-03-25 04:01:00,College Road,121,73,27,127,92,16,149,73,389,41.14,235.36,68.11,Clear,Anxious,9.98,High
2026-03-03 00:06:00,Govind Nagar,61,75,24,40,135,134,33,41,253,16.85,175.14,55.01,Rainy,Impatient,7.62,High
2026-03-02 14:07:00,Mumbai Naka,82,47,116,55,144,57,26,127,368,18.81,237.0,71.85,Foggy,Frustrated,9.7,High
2026-03-18 08:36:00,Gangapur Road,30,50,145,144,54,78,148,121,377,24.18,231.32,63.15,Overcast,Frustrated,7.37,High
2026-03-30 19:01:00,Satpur MIDC,53,144,65,66,101,115,29,76,248,53.15,183.4,42.59,Overcast,Neutral,4.19,Normal
2026-03-05 18:34:00,Gangapur Road,74,108,99,54,34,11,78,68,285,31.18,201.95,54.88,Overcast,Impatient,5.98,Normal
2026-03-15 13:06:00,Indira Nagar,45,21,132,106,128,121,33,54,338,48.81,225.53,72.63,Rainy,Impatient,9.08,High
2026-03-01 02:00:00,College Road,128,104,46,30,32,132,62,46,268,56.74,180.16,57.05,Rainy,Impatient,5.53,Normal
2026-03-03 19:42:00,Govind Nagar,96,122,78,141,114,46,71,16,359,50.61,221.94,71.54,Clear,Impatient,8.51,High
2026-03-13 21:49:00,Rane Nagar,121,117,67,97,121,135,124,70,433,37.69,274.25,98.7,Rainy,Impatient,10.0,High
2026-03-08 06:45:00,Indira Nagar,77,64,87,62,121,67,92,11,377,30.65,244.28,72.85,Rainy,Frustrated,10.0,High
2026-03-08 02:34:00,Indira Nagar,97,74,119,79,29,115,14,142,259,46.18,184.08,43.03,Foggy,Impatient,4.81,Normal
2026-03-05 06:55:00,Patherdi Phata,46,91,62,57,57,73,99,52,264,35.92,187.29,62.06,Clear,Impatient,7.9,High
2026-03-02 02:21:00,CBS Circle,114,32,52,23,74,87,115,74,355,49.29,236.6,61.98,Foggy,Anxious,8.04,High
2026-03-17 06:04:00,Adgaon Naka,43,32,18,29,66,76,63,28,190,57.31,148.32,40.82,Rainy,Neutral,6.36,Normal
2026-03-08 22:37:00,Patherdi Phata,71,116,30,125,90,111,86,114,277,37.36,186.1,45.26,Clear,Impatient,6.29,Normal
2026-03-25 15:25:00,Indira Nagar,23,12,120,130,89,129,111,127,343,20.37,215.18,69.56,Foggy,Impatient,7.14,High
2026-03-24 14:07:00,Govind Nagar,13,67,27,142,50,130,90,123,180,53.04,147.27,32.21,Overcast,Neutral,5.42,Normal
2026-03-06 23:31:00,Mhasrul,136,77,113,122,144,140,69,129,462,22.21,272.83,107.83,Rainy,Frustrated,10.0,High
2026-03-25 11:08:00,Ashok Stambh,150,90,15,89,36,125,67,116,268,48.69,183.05,63.72,Clear,Anxious,7.55,High
2026-03-23 10:05:00,Patherdi Phata,139,110,80,48,44,126,127,28,390,28.63,239.56,77.17,Overcast,Frustrated,7.89,High
2026-03-15 18:28:00,Indira Nagar,132,141,36,123,39,140,150,102,357,31.31,225.86,84.6,Clear,Frustrated,9.53,High
2026-03-18 15:24:00,Mumbai Naka,135,47,93,139,68,50,131,23,427,15.75,258.3,94.18,Clear,Impatient,7.96,High
2026-03-13 11:26:00,Adgaon Naka,134,145,92,22,101,94,135,98,462,17.11,271.19,75.7,Overcast,Anxious,8.42,High
2026-03-07 00:46:00,Makhmalabad,58,92,119,43,12,135,39,95,228,16.38,171.85,52.86,Clear,Neutral,4.58,Normal
2026-03-04 20:54:00,Trimbak Naka,150,60,133,40,20,123,66,55,369,28.56,235.6,78.18,Foggy,Impatient,9.97,High
2026-03-02 11:01:00,Patherdi Phata,109,109,137,35,111,61,36,60,393,18.95,239.9,73.58,Rainy,Impatient,9.37,High
2026-03-23 16:19:00,Patherdi Phata,61,97,78,35,101,93,91,59,331,26.47,216.68,67.19,Clear,Frustrated,7.74,High
2026-03-15 07:05:00,Makhmalabad,76,43,93,129,21,132,119,84,309,42.91,211.4,71.21,Clear,Impatient,7.75,High
2026-03-19 07:32:00,Dwarka Circle,139,32,60,37,139,142,120,61,458,33.6,272.93,101.86,Foggy,Frustrated,8.44,High
2026-03-05 07:14:00,College Road,113,90,28,49,71,46,58,125,270,12.31,190.05,52.39,Clear,Impatient,6.23,Normal
2026-03-01 18:53:00,Gangapur Road,112,38,90,70,60,25,83,105,345,34.44,213.08,77.4,Foggy,Anxious,8.92,High
2026-03-05 00:15:00,Makhmalabad,125,60,147,81,17,130,74,95,363,42.85,236.51,82.5,Foggy,Frustrated,8.94,High
2026-03-20 02:03:00,Indira Nagar,55,139,25,33,65,47,101,88,246,49.2,168.4,43.28,Rainy,Neutral,8.09,High
2026-03-10 14:23:00,Panchavati,140,77,127,46,92,25,37,121,396,32.53,248.23,94.72,Rainy,Anxious,9.67,High
2026-03-06 21:23:00,Patherdi Phata,77,16,33,83,100,97,50,142,260,45.07,173.17,58.7,Overcast,Neutral,5.78,Normal
2026-03-12 01:29:00,Adgaon Naka,136,136,25,24,77,49,80,116,318,26.6,217.76,64.89,Foggy,Anxious,7.75,High
2026-03-28 22:46:00,Adgaon Naka,93,76,50,52,61,126,91,41,295,36.37,188.06,67.58,Clear,Frustrated,8.19,High
2026-03-29 15:37:00,Dwarka Circle,32,31,127,49,99,15,126,143,384,45.97,245.0,72.29,Clear,Frustrated,8.0,High
2026-03-12 06:20:00,Nashik Road,30,81,44,103,145,48,58,46,277,37.03,190.18,54.62,Foggy,Impatient,6.11,Normal
2026-03-26 10:12:00,Ashok Stambh,17,95,51,111,41,46,124,36,233,38.95,170.66,54.63,Overcast,Neutral,6.29,Normal
2026-03-10 20:57:00,Mumbai Naka,102,59,18,118,102,42,48,82,270,41.58,190.77,55.73,Rainy,Impatient,6.73,Normal
2026-03-09 22:38:00,Panchavati,81,69,63,147,130,147,118,56,392,52.19,237.58,69.67,Overcast,Anxious,8.9,High
2026-03-22 17:17:00,Dwarka Circle,41,122,69,51,37,55,126,13,273,44.29,186.83,50.36,Foggy,Neutral,4.85,Normal
2026-03-10 03:20:00,CBS Circle,105,78,129,140,52,11,105,96,391,51.99,246.81,80.11,Rainy,Anxious,8.9,High
2026-03-09 17:50:00,Sinnar Phata,118,101,91,112,65,10,135,19,409,51.48,253.34,89.01,Overcast,Frustrated,9.92,High
2026-03-04 11:36:00,Sinnar Phata,47,128,30,20,43,38,115,65,235,55.88,175.21,49.16,Rainy,Impatient,6.26,Normal
2026-03-22 03:16:00,Indira Nagar,141,78,10,25,92,108,91,105,334,29.22,207.36,63.36,Rainy,Anxious,8.52,High
2026-03-15 08:48:00,Adgaon Naka,103,36,82,32,12,93,14,88,211,35.18,159.35,49.4,Overcast,Neutral,4.9,Normal
2026-03-23 17:32:00,Patherdi Phata,49,41,76,52,120,64,74,72,319,31.37,216.79,76.2,Clear,Impatient,8.2,High
2026-03-19 21:50:00,Rane Nagar,110,77,78,97,19,81,10,136,217,56.04,161.91,36.31,Rainy,Neutral,7.61,High
2026-03-18 05:51:00,Rane Nagar,144,40,42,86,94,47,34,111,314,24.7,213.56,63.55,Clear,Impatient,8.19,High
2026-03-30 00:18:00,Indira Nagar,13,121,147,138,145,90,86,76,391,35.3,251.01,72.16,Overcast,Anxious,9.46,High
2026-03-06 02:56:00,Nashik Road,24,116,66,121,116,132,58,95,264,43.29,189.22,63.15,Clear,Frustrated,7.13,High
2026-03-15 11:58:00,Patherdi Phata,134,71,105,61,110,86,128,21,477,19.15,283.9,105.98,Clear,Impatient,9.29,High
2026-03-19 03:26:00,Govind Nagar,131,18,25,82,82,70,135,50,373,17.57,241.45,80.28,Clear,Impatient,8.31,High
2026-03-23 19:36:00,Mumbai Naka,43,69,144,21,139,44,82,113,408,32.39,246.82,88.11,Foggy,Frustrated,8.41,High
2026-03-15 01:00:00,Mhasrul,55,28,47,97,21,77,96,54,219,40.13,162.35,46.38,Rainy,Neutral,7.22,High
2026-03-24 12:57:00,Dwarka Circle,87,27,143,31,137,40,58,140,425,49.3,258.48,81.61,Rainy,Anxious,10.0,High
2026-03-24 20:48:00,Rane Nagar,112,122,64,97,115,119,104,102,395,33.71,255.78,64.12,Rainy,Anxious,8.61,High
2026-03-09 10:55:00,Trimbak Naka,139,45,132,43,48,20,29,17,348,26.8,216.36,67.29,Rainy,Frustrated,10.0,High
2026-03-08 10:18:00,Satpur MIDC,72,35,68,34,54,42,58,58,252,50.5,181.83,47.19,Overcast,Impatient,5.24,Normal
2026-03-19 22:53:00,Govind Nagar,140,101,54,111,143,125,132,113,469,22.56,280.68,105.86,Foggy,Frustrated,7.45,High
2026-03-02 21:28:00,Rane Nagar,113,83,110,22,45,26,35,51,303,17.72,205.27,70.27,Rainy,Frustrated,10.0,High
2026-03-28 08:15:00,Trimbak Naka,60,80,14,38,142,65,62,133,278,32.1,187.69,46.46,Clear,Neutral,6.65,Normal
2026-03-19 17:27:00,Mhasrul,106,110,11,84,144,97,147,57,408,13.35,258.78,67.35,Foggy,Frustrated,8.7,High
2026-03-11 18:19:00,Trimbak Naka,140,55,116,29,42,12,53,119,351,27.13,226.42,67.07,Clear,Anxious,9.44,High
2026-03-03 06:10:00,CBS Circle,110,116,82,148,74,115,10,53,276,53.56,181.71,60.6,Overcast,Anxious,9.23,High
2026-03-11 07:32:00,Govind Nagar,93,126,133,80,39,119,44,12,309,21.28,207.87,70.65,Clear,Anxious,7.24,High
2026-03-11 22:32:00,Gangapur Road,94,144,124,46,33,113,91,67,342,47.8,223.3,66.54,Overcast,Anxious,8.6,High
2026-03-19 22:14:00,Deolali Camp,116,69,60,95,111,22,112,28,399,33.48,249.8,73.24,Foggy,Frustrated,7.84,High
2026-03-01 19:04:00,Mumbai Naka,88,83,54,88,99,58,145,19,386,43.21,236.21,67.79,Rainy,Frustrated,10.0,High
2026-03-24 18:30:00,Panchavati,51,98,92,35,25,84,115,138,283,28.21,191.21,61.23,Rainy,Frustrated,10.0,High
2026-03-28 13:38:00,Rane Nagar,72,128,58,101,100,104,135,111,365,19.33,239.23,77.55,Foggy,Anxious,8.52,High
2026-03-26 03:28:00,Mhasrul,82,95,28,105,112,141,135,42,357,13.18,232.12,59.18,Foggy,Impatient,4.19,Normal
2026-03-04 22:26:00,Patherdi Phata,94,72,83,130,46,70,125,65,348,44.53,215.62,61.5,Overcast,Frustrated,8.76,High
2026-03-26 16:08:00,Patherdi Phata,63,74,74,118,149,110,36,137,322,56.64,207.36,64.71,Rainy,Frustrated,9.95,High
2026-03-27 19:02:00,Patherdi Phata,91,136,35,88,57,46,51,132,234,55.55,161.05,44.32,Rainy,Impatient,7.91,High
2026-03-04 01:52:00,Patherdi Phata,60,107,30,143,101,44,77,135,268,27.99,177.19,62.58,Overcast,Impatient,7.91,High
2026-03-04 02:31:00,Makhmalabad,16,96,131,20,12,101,62,73,221,45.74,165.93,44.5,Rainy,Neutral,5.79,Normal
2026-03-01 10:01:00,Gangapur Road,23,45,71,22,143,34,92,94,329,56.49,222.57,53.88,Foggy,Impatient,4.74,Normal
2026-03-21 07:40:00,Bytco Point,44,122,110,118,78,147,135,43,367,21.92,239.53,85.28,Overcast,Anxious,9.77,High
2026-03-02 03:09:00,Trimbak Naka,49,139,70,28,106,30,16,35,241,13.52,172.15,47.62,Clear,Neutral,5.22,Normal
2026-03-03 02:25:00,Patherdi Phata,46,150,53,118,61,32,53,136,213,48.97,163.04,44.17,Rainy,Neutral,8.5,High
2026-03-22 08:21:00,Dwarka Circle,34,138,118,28,109,33,59,62,320,24.53,214.75,56.32,Rainy,Neutral,7.29,High
2026-03-26 16:38:00,Makhmalabad,90,27,124,12,121,102,128,144,463,25.27,285.07,109.79,Overcast,Anxious,8.49,High
2026-03-24 17:43:00,Makhmalabad,62,120,15,38,77,145,102,63,256,34.8,173.64,58.65,Overcast,Impatient,4.18,Normal
2026-03-07 06:07:00,Nashik Road,97,39,38,70,13,104,100,144,248,30.42,164.66,48.5,Clear,Neutral,5.79,Normal
2026-03-11 02:04:00,Ashok Stambh,149,130,142,55,82,25,119,34,492,20.73,288.94,99.68,Overcast,Frustrated,9.82,High
2026-03-20 05:42:00,College Road,61,110,149,99,141,72,67,105,418,19.41,259.6,73.83,Clear,Anxious,8.81,High
2026-03-13 03:32:00,Satpur MIDC,87,105,17,129,115,148,34,90,253,35.99,176.56,44.07,Foggy,Impatient,4.69,Normal
2026-03-26 10:33:00,Govind Nagar,34,98,85,78,42,65,16,30,177,15.38,134.46,32.34,Foggy,Impatient,4.64,Normal
2026-03-12 14:06:00,Deolali Camp,74,27,120,10,146,73,135,20,475,52.7,294.69,78.34,Clear,Anxious,9.52,High
2026-03-16 06:38:00,Mhasrul,96,125,25,148,81,105,125,56,327,31.58,206.52,62.66,Rainy,Anxious,9.89,High
2026-03-23 17:22:00,Patherdi Phata,72,63,131,94,80,115,73,34,356,21.54,222.7,73.67,Rainy,Anxious,9.15,High
2026-03-26 22:53:00,Mhasrul,70,107,19,29,20,47,87,146,196,56.26,140.65,44.87,Clear,Neutral,4.11,Normal
2026-03-29 18:24:00,Rane Nagar,37,91,104,123,74,20,138,51,353,34.64,231.22,56.56,Clear,Neutral,6.84,Normal
2026-03-27 21:25:00,Govind Nagar,33,40,129,11,150,122,105,134,417,29.42,256.19,78.17,Rainy,Anxious,9.3,High
2026-03-26 22:59:00,Gangapur Road,149,59,27,34,110,109,130,59,416,33.17,258.85,78.65,Foggy,Anxious,8.58,High
2026-03-16 07:24:00,Mhasrul,124,80,16,98,51,133,30,82,221,55.71,157.3,40.31,Overcast,Impatient,5.64,Normal
2026-03-05 15:48:00,Govind Nagar,119,109,27,27,74,110,96,134,316,37.43,216.59,72.78,Overcast,Impatient,8.07,High
2026-03-21 22:02:00,Bytco Point,139,120,76,44,105,149,16,145,336,26.06,208.14,76.91,Clear,Impatient,8.71,High
2026-03-09 15:19:00,Satpur MIDC,21,150,104,43,27,11,147,29,299,55.85,205.92,66.78,Foggy,Anxious,8.61,High
2026-03-23 22:45:00,Mumbai Naka,40,67,31,30,63,138,28,87,162,23.49,137.42,33.65,Clear,Neutral,6.19,Normal
2026-03-03 21:14:00,Deolali Camp,70,13,111,62,104,103,125,100,410,19.55,260.33,79.18,Rainy,Frustrated,9.62,High
2026-03-02 22:25:00,Gangapur Road,15,30,24,112,60,57,134,11,233,28.16,175.21,38.14,Foggy,Impatient,6.62,Normal
2026-03-15 20:04:00,Makhmalabad,118,125,16,137,109,118,38,80,281,18.98,195.23,60.13,Clear,Impatient,8.07,High
2026-03-22 12:52:00,Patherdi Phata,131,40,138,31,21,51,24,48,314,38.02,204.28,61.69,Foggy,Frustrated,7.41,High
2026-03-26 14:05:00,Satpur MIDC,87,107,63,62,147,94,132,93,429,14.41,263.67,86.16,Foggy,Impatient,9.13,High
2026-03-12 03:27:00,Sinnar Phata,138,117,31,33,76,71,45,125,290,43.83,190.63,65.23,Foggy,Impatient,9.81,High
2026-03-16 21:55:00,Indira Nagar,148,78,90,136,24,51,144,27,406,49.44,247.05,95.72,Clear,Anxious,9.87,High
2026-03-21 05:37:00,Satpur MIDC,140,30,106,67,93,128,136,41,475,31.47,277.89,80.67,Clear,Frustrated,7.87,High
2026-03-14 21:21:00,Nashik Road,82,19,60,68,74,26,80,132,296,16.11,190.33,61.35,Overcast,Anxious,8.93,High
2026-03-29 01:29:00,Govind Nagar,50,87,122,59,26,104,70,115,268,51.83,186.02,52.86,Overcast,Neutral,5.52,Normal
2026-03-05 22:42:00,Dwarka Circle,129,50,141,33,42,143,41,78,353,35.76,231.64,76.42,Foggy,Impatient,7.08,High
2026-03-13 01:38:00,Mhasrul,62,38,144,23,68,87,109,64,383,34.02,238.18,68.9,Rainy,Impatient,10.0,High
2026-03-20 12:43:00,College Road,93,17,29,46,75,70,24,82,221,49.62,169.49,38.17,Clear,Impatient,6.51,Normal
2026-03-24 17:50:00,College Road,106,130,112,39,143,90,67,22,428,41.56,273.17,73.29,Overcast,Frustrated,8.29,High
2026-03-28 20:24:00,Mhasrul,136,67,123,77,36,111,94,40,389,44.75,238.03,79.13,Overcast,Anxious,7.27,High
2026-03-27 19:05:00,Indira Nagar,18,103,113,55,45,118,46,36,222,57.03,168.4,45.32,Overcast,Neutral,4.01,Normal
2026-03-29 04:23:00,Deolali Camp,65,15,85,67,42,36,144,82,336,31.93,212.0,56.47,Clear,Neutral,6.72,Normal
2026-03-24 19:41:00,Mhasrul,117,134,118,64,63,100,16,111,314,24.45,203.19,50.54,Foggy,Impatient,6.41,Normal
2026-03-04 07:42:00,Gangapur Road,89,44,21,107,25,128,17,28,152,51.76,123.15,28.68,Clear,Satisfied,2.97,Normal
2026-03-22 12:17:00,Satpur MIDC,149,133,96,142,108,124,67,142,420,43.03,258.81,83.01,Foggy,Frustrated,7.34,High
2026-03-03 07:54:00,Rane Nagar,138,76,39,130,120,71,92,133,389,28.71,247.3,71.93,Foggy,Anxious,8.37,High
2026-03-09 00:15:00,Dwarka Circle,80,31,87,138,100,139,147,17,414,30.85,257.99,74.74,Foggy,Frustrated,7.22,High
2026-03-23 08:34:00,Panchavati,93,70,62,19,57,108,71,138,283,20.12,196.46,48.1,Rainy,Neutral,7.54,High
2026-03-24 00:54:00,Panchavati,72,130,150,37,119,32,142,138,483,16.58,301.04,99.4,Foggy,Impatient,8.55,High
2026-03-26 07:56:00,Adgaon Naka,36,106,94,99,14,26,142,25,286,24.64,188.91,55.13,Foggy,Neutral,5.03,Normal
2026-03-04 21:53:00,College Road,127,96,28,49,125,141,73,32,353,50.25,232.28,77.15,Clear,Impatient,8.76,High
2026-03-20 08:57:00,Patherdi Phata,43,91,23,43,66,49,132,91,264,52.29,183.62,50.59,Foggy,Impatient,5.54,Normal
2026-03-09 12:50:00,Govind Nagar,111,27,89,22,141,48,58,118,399,11.66,253.54,93.93,Rainy,Anxious,10.0,High
2026-03-01 21:33:00,Gangapur Road,70,72,28,117,104,38,21,125,223,37.73,156.56,38.34,Clear,Neutral,4.18,Normal
2026-03-08 02:51:00,Adgaon Naka,75,21,82,56,115,16,117,119,389,19.75,251.66,62.95,Clear,Anxious,8.89,High
2026-03-11 10:07:00,College Road,126,112,26,73,20,136,90,45,262,30.89,175.63,53.14,Clear,Impatient,5.0,Normal
2026-03-03 14:08:00,College Road,103,97,45,35,143,96,127,92,418,54.49,254.67,85.05,Overcast,Impatient,7.77,High
2026-03-14 13:27:00,Patherdi Phata,139,11,60,117,87,53,74,92,360,47.44,221.12,78.62,Clear,Anxious,7.14,High
2026-03-15 13:21:00,Trimbak Naka,109,150,135,57,15,99,116,131,375,50.3,236.04,69.33,Clear,Impatient,8.94,High
2026-03-10 03:21:00,Deolali Camp,69,49,127,18,81,83,32,92,309,13.31,212.96,59.21,Clear,Neutral,4.46,Normal
2026-03-15 05:54:00,Rane Nagar,78,105,56,33,47,53,131,137,312,32.71,211.8,61.43,Rainy,Anxious,8.89,High
2026-03-24 01:14:00,Mumbai Naka,43,148,24,20,105,144,43,17,215,14.4,155.72,50.91,Clear,Neutral,5.8,Normal
2026-03-04 12:20:00,Mumbai Naka,22,85,74,67,129,147,99,43,324,47.2,213.23,57.09,Clear,Neutral,6.08,Normal
2026-03-17 10:36:00,Nashik Road,83,100,128,16,102,117,54,149,367,43.75,235.18,73.82,Rainy,Impatient,8.55,High
2026-03-08 03:24:00,Satpur MIDC,10,54,59,94,103,139,12,41,184,52.38,149.15,31.72,Rainy,Neutral,6.04,Normal
2026-03-13 19:14:00,Bytco Point,89,71,133,109,138,89,82,118,442,16.32,277.35,73.25,Overcast,Frustrated,9.72,High
2026-03-10 05:40:00,Indira Nagar,93,20,136,146,14,89,15,98,258,29.81,178.55,42.87,Clear,Impatient,4.43,Normal
2026-03-18 03:08:00,Sinnar Phata,48,38,109,49,127,122,97,66,381,32.99,248.9,83.42,Clear,Impatient,8.81,High
2026-03-07 08:44:00,Govind Nagar,21,76,143,15,74,37,115,121,353,37.95,230.58,63.06,Foggy,Anxious,7.02,High
2026-03-13 10:37:00,Mumbai Naka,111,77,114,109,67,146,27,135,319,26.42,209.56,69.79,Foggy,Frustrated,9.16,High
2026-03-19 10:26:00,Mhasrul,107,15,15,12,34,30,129,10,285,17.91,197.32,50.33,Overcast,Impatient,6.51,Normal
2026-03-15 14:58:00,Gangapur Road,84,81,130,78,131,136,113,65,458,47.79,285.99,75.89,Overcast,Anxious,8.95,High
2026-03-25 03:22:00,Makhmalabad,59,67,71,27,61,66,68,32,259,51.48,184.71,55.02,Overcast,Neutral,6.64,Normal
2026-03-07 06:15:00,Dwarka Circle,130,121,42,102,42,13,35,43,249,14.97,184.32,40.89,Foggy,Neutral,5.89,Normal
2026-03-27 10:50:00,Rane Nagar,73,138,133,29,117,102,49,133,372,48.06,238.08,64.21,Overcast,Anxious,7.05,High
2026-03-16 07:10:00,Gangapur Road,121,74,109,73,119,43,37,59,386,22.66,246.08,63.56,Foggy,Anxious,7.65,High
2026-03-14 07:09:00,Rane Nagar,75,17,33,98,86,131,139,73,333,15.95,223.05,71.73,Clear,Frustrated,8.71,High
2026-03-28 18:13:00,Satpur MIDC,66,37,54,24,119,117,70,57,309,52.39,202.4,70.19,Clear,Impatient,7.19,High
2026-03-14 20:45:00,Bytco Point,11,117,100,13,65,16,33,101,209,20.53,151.09,41.66,Rainy,Impatient,6.62,Normal
2026-03-30 21:18:00,Makhmalabad,41,90,14,51,149,74,92,40,296,27.56,198.8,48.62,Foggy,Neutral,4.63,Normal
2026-03-06 07:19:00,Panchavati,53,25,16,16,100,35,129,117,298,40.2,202.17,53.09,Rainy,Impatient,7.05,High
2026-03-20 00:34:00,Panchavati,65,101,143,95,20,27,41,106,269,30.02,180.5,58.19,Rainy,Impatient,7.28,High
2026-03-26 21:54:00,Adgaon Naka,36,132,47,14,150,16,60,74,293,54.82,204.86,53.22,Foggy,Impatient,5.42,Normal
2026-03-20 19:20:00,Trimbak Naka,99,112,144,68,32,105,120,20,395,25.62,240.52,65.25,Overcast,Impatient,9.4,High
2026-03-18 09:03:00,Rane Nagar,118,131,75,116,82,47,63,147,338,34.5,214.93,68.6,Clear,Impatient,8.41,High
2026-03-13 14:57:00,Panchavati,129,82,26,73,118,89,46,77,319,51.2,203.47,76.47,Overcast,Anxious,8.78,High
2026-03-21 18:32:00,Adgaon Naka,92,97,96,139,136,113,39,119,363,19.97,236.71,80.13,Overcast,Impatient,9.71,High
2026-03-22 20:08:00,Trimbak Naka,143,103,110,92,69,74,81,141,403,48.19,258.93,93.48,Overcast,Anxious,8.98,High
2026-03-16 18:13:00,Makhmalabad,50,89,79,124,150,77,45,106,324,40.37,220.45,53.01,Rainy,Impatient,6.05,Normal
2026-03-28 19:22:00,Adgaon Naka,35,60,127,44,118,150,60,115,340,34.52,214.39,63.02,Foggy,Impatient,7.17,High
2026-03-11 17:33:00,College Road,39,148,127,23,102,120,111,74,379,20.32,245.29,70.68,Overcast,Anxious,8.67,High
2026-03-13 23:47:00,Trimbak Naka,121,118,39,81,125,116,39,92,324,32.57,205.43,51.84,Overcast,Neutral,4.71,Normal
2026-03-04 08:48:00,Rane Nagar,31,41,113,43,148,32,91,60,383,41.23,231.63,91.91,Overcast,Impatient,7.49,High
2026-03-23 16:18:00,Panchavati,25,68,42,47,92,56,54,68,213,22.29,159.65,47.83,Rainy,Impatient,7.98,High
2026-03-02 04:17:00,Bytco Point,69,138,100,37,105,88,29,74,303,28.89,195.32,58.4,Foggy,Neutral,6.36,Normal
2026-03-29 07:33:00,Ashok Stambh,28,139,132,117,79,63,68,118,307,44.64,201.88,61.27,Clear,Impatient,7.34,High
2026-03-20 08:03:00,Patherdi Phata,40,130,143,79,57,23,49,30,289,41.41,184.62,68.52,Clear,Impatient,9.65,High
2026-03-22 20:43:00,College Road,36,32,73,140,21,72,28,16,158,54.97,134.63,26.17,Clear,Satisfied,2.62,Normal
2026-03-22 23:01:00,Gangapur Road,89,40,104,88,81,62,98,10,372,26.32,227.42,75.63,Overcast,Impatient,8.91,High
2026-03-01 19:50:00,Makhmalabad,129,43,100,35,94,84,35,47,358,48.4,238.07,77.09,Rainy,Frustrated,9.36,High
2026-03-09 20:13:00,College Road,35,54,37,139,76,58,65,96,213,29.76,159.33,45.98,Rainy,Impatient,6.34,Normal
2026-03-21 02:11:00,Trimbak Naka,52,75,145,25,22,46,120,132,339,27.94,228.84,79.62,Rainy,Frustrated,10.0,High
2026-03-06 01:02:00,CBS Circle,93,83,24,65,75,94,65,69,257,23.78,183.65,59.89,Rainy,Impatient,6.98,Normal
2026-03-21 10:42:00,Ashok Stambh,76,84,80,106,12,118,71,44,239,24.05,160.3,42.58,Foggy,Impatient,4.06,Normal
2026-03-09 14:57:00,Indira Nagar,131,123,123,108,105,119,124,112,483,21.45,288.28,114.26,Rainy,Anxious,9.0,High
2026-03-16 04:19:00,Satpur MIDC,36,31,129,34,81,144,50,72,296,44.18,198.32,59.2,Overcast,Neutral,6.86,Normal
2026-03-08 13:54:00,Rane Nagar,76,111,21,21,39,110,34,75,170,33.1,132.35,36.83,Foggy,Neutral,4.4,Normal
2026-03-28 14:40:00,Mumbai Naka,61,30,14,124,11,129,83,112,169,51.44,135.1,28.54,Rainy,Neutral,4.15,Normal
2026-03-15 15:46:00,Govind Nagar,46,137,134,55,81,86,67,149,328,44.29,212.23,68.26,Clear,Anxious,8.23,High
2026-03-04 08:00:00,Indira Nagar,96,105,98,34,13,121,71,65,278,48.44,180.33,56.97,Foggy,Neutral,4.25,Normal
2026-03-10 07:15:00,Patherdi Phata,58,132,127,33,102,78,32,110,319,40.16,209.97,74.79,Clear,Anxious,7.7,High
2026-03-09 04:06:00,Patherdi Phata,116,129,135,79,110,73,72,100,433,35.38,275.91,74.7,Overcast,Impatient,9.96,High
2026-03-06 18:24:00,Mumbai Naka,125,68,23,66,112,60,79,142,339,21.54,223.07,65.16,Clear,Impatient,8.48,High
2026-03-15 02:22:00,Mumbai Naka,50,29,103,66,14,115,113,87,280,42.04,199.12,57.92,Foggy,Impatient,5.02,Normal
2026-03-04 11:44:00,Nashik Road,43,74,31,23,129,91,137,71,340,13.74,216.39,55.27,Foggy,Neutral,5.38,Normal
2026-03-14 12:06:00,Sinnar Phata,75,100,44,25,89,93,87,89,295,35.28,205.94,50.14,Overcast,Neutral,6.4,Normal
2026-03-11 08:18:00,Mhasrul,116,23,49,56,41,133,145,109,351,46.61,218.43,64.7,Foggy,Anxious,8.92,High
2026-03-12 21:45:00,Sinnar Phata,22,48,56,140,93,44,69,28,240,53.93,173.67,41.96,Rainy,Impatient,5.72,Normal
2026-03-08 07:48:00,Deolali Camp,10,109,27,27,139,65,101,39,277,23.63,187.02,52.19,Clear,Neutral,6.93,Normal
2026-03-01 23:26:00,Patherdi Phata,12,35,33,72,69,126,95,117,209,30.26,151.26,33.96,Foggy,Neutral,4.71,Normal
2026-03-06 07:59:00,Govind Nagar,33,81,147,74,34,140,101,62,315,23.49,210.5,60.61,Rainy,Anxious,10.0,High
2026-03-28 13:49:00,Satpur MIDC,126,36,129,70,13,97,126,18,394,29.24,255.15,79.57,Clear,Frustrated,9.54,High
2026-03-26 11:19:00,Mumbai Naka,98,86,23,91,22,60,59,38,202,19.88,158.97,41.93,Clear,Neutral,6.54,Normal
2026-03-25 06:54:00,Indira Nagar,120,70,96,53,41,73,59,146,316,40.9,199.36,58.8,Overcast,Neutral,5.67,Normal
2026-03-15 01:31:00,Indira Nagar,35,11,33,25,149,142,116,88,333,29.64,225.21,74.52,Rainy,Frustrated,9.12,High
2026-03-03 10:47:00,Sinnar Phata,142,85,28,145,27,91,41,122,238,33.76,176.12,40.49,Overcast,Neutral,4.82,Normal
2026-03-30 18:03:00,Satpur MIDC,61,16,20,94,66,126,145,26,292,27.37,192.31,57.59,Clear,Impatient,6.28,Normal
2026-03-24 23:24:00,Ashok Stambh,92,11,23,46,37,100,117,63,269,34.52,178.96,53.7,Rainy,Impatient,8.17,High
2026-03-10 00:49:00,Sinnar Phata,108,132,132,144,34,25,75,51,349,15.96,231.37,80.5,Overcast,Frustrated,8.12,High
2026-03-11 02:00:00,Mhasrul,64,96,18,18,106,109,12,95,200,41.07,158.45,45.33,Overcast,Neutral,4.16,Normal
2026-03-19 20:54:00,Adgaon Naka,144,113,13,125,127,127,102,43,386,34.04,234.87,70.36,Overcast,Impatient,9.62,High
2026-03-21 23:15:00,Sinnar Phata,85,78,108,104,109,147,20,90,322,43.95,212.24,72.05,Rainy,Impatient,10.0,High
2026-03-03 03:24:00,Gangapur Road,73,92,109,35,115,45,128,100,425,22.34,261.17,101.62,Clear,Frustrated,7.64,High
2026-03-01 13:45:00,Mumbai Naka,78,45,88,62,57,135,57,61,280,28.1,183.52,66.9,Foggy,Anxious,7.44,High
2026-03-29 18:55:00,Satpur MIDC,21,71,121,19,92,18,77,57,311,23.65,206.16,57.17,Rainy,Impatient,5.62,Normal
2026-03-02 12:36:00,College Road,87,94,125,142,148,109,109,86,469,15.43,292.61,103.29,Rainy,Frustrated,10.0,High
2026-03-14 14:09:00,College Road,36,52,81,25,51,37,54,30,222,50.27,170.37,51.35,Clear,Neutral,5.82,Normal
2026-03-13 10:04:00,CBS Circle,116,37,52,136,61,136,101,139,330,17.66,218.05,68.7,Foggy,Anxious,7.85,High
2026-03-19 03:57:00,College Road,116,125,74,83,55,21,24,133,269,19.12,188.98,58.32,Rainy,Neutral,5.77,Normal
2026-03-12 06:49:00,Trimbak Naka,61,44,90,42,71,74,45,62,267,28.7,184.32,47.84,Foggy,Impatient,4.1,Normal
2026-03-03 15:47:00,Ashok Stambh,141,49,19,83,59,27,79,146,298,14.7,206.96,58.22,Rainy,Impatient,5.7,Normal
2026-03-12 00:23:00,Deolali Camp,129,42,49,82,51,56,71,38,300,22.4,191.25,62.46,Foggy,Frustrated,7.16,High
2026-03-18 10:04:00,Trimbak Naka,93,16,60,142,137,27,149,39,439,26.32,265.62,80.75,Overcast,Impatient,9.85,High
2026-03-18 16:57:00,Sinnar Phata,76,144,121,59,50,134,80,87,327,25.38,210.71,70.13,Overcast,Frustrated,7.08,High
2026-03-25 19:53:00,Rane Nagar,144,26,113,70,24,116,50,19,331,47.39,219.57,59.82,Rainy,Impatient,6.9,Normal
2026-03-19 18:09:00,Bytco Point,39,17,98,10,12,41,107,86,256,46.81,184.94,49.66,Clear,Neutral,5.57,Normal
2026-03-07 20:09:00,Adgaon Naka,72,91,107,59,142,115,136,89,457,42.63,282.13,105.09,Overcast,Anxious,7.53,High
2026-03-21 04:38:00,Indira Nagar,28,15,18,147,69,14,73,41,188,48.33,153.62,42.47,Overcast,Impatient,6.58,Normal
2026-03-02 00:25:00,Satpur MIDC,31,72,77,63,19,69,99,125,226,27.43,167.01,44.02,Rainy,Impatient,5.93,Normal
2026-03-24 00:35:00,Trimbak Naka,103,131,69,96,127,27,135,119,434,29.57,258.04,72.25,Foggy,Impatient,9.33,High
2026-03-17 11:10:00,Satpur MIDC,144,137,73,91,68,84,132,124,417,40.35,261.68,80.52,Overcast,Impatient,9.7,High
2026-03-15 10:26:00,Adgaon Naka,42,82,65,74,73,56,148,87,328,29.74,210.64,65.6,Foggy,Impatient,9.98,High
2026-03-21 22:40:00,Mumbai Naka,65,150,86,140,35,144,34,101,220,47.58,161.3,41.63,Foggy,Impatient,6.57,Normal
2026-03-29 08:28:00,Patherdi Phata,116,71,126,147,51,72,31,90,324,17.59,210.11,76.88,Rainy,Impatient,10.0,High
2026-03-29 13:53:00,Rane Nagar,120,44,126,132,36,74,111,12,393,47.21,245.93,77.45,Clear,Anxious,9.38,High
2026-03-14 09:39:00,Ashok Stambh,68,109,78,96,67,128,25,26,238,26.41,164.26,38.62,Foggy,Neutral,4.31,Normal
2026-03-09 11:22:00,Gangapur Road,49,14,119,57,121,66,130,26,419,52.06,255.1,89.46,Clear,Frustrated,8.67,High
2026-03-04 18:38:00,Rane Nagar,143,35,143,86,85,103,50,84,421,29.4,251.28,96.22,Rainy,Frustrated,10.0,High
2026-03-13 14:57:00,Nashik Road,16,69,115,76,34,86,107,54,272,43.14,190.47,49.47,Rainy,Impatient,7.99,High
2026-03-08 02:05:00,Govind Nagar,78,20,12,52,124,127,48,149,262,37.12,171.73,45.53,Foggy,Impatient,4.84,Normal
2026-03-29 09:42:00,Adgaon Naka,71,32,54,119,83,134,131,91,339,12.95,227.47,55.05,Clear,Impatient,6.0,Normal
2026-03-05 18:02:00,Ashok Stambh,21,61,15,71,62,128,105,55,203,32.62,151.39,36.68,Clear,Impatient,5.21,Normal
2026-03-09 12:53:00,Deolali Camp,150,69,132,44,135,90,81,53,498,11.05,308.81,101.42,Clear,Anxious,8.48,High
2026-03-24 10:21:00,Dwarka Circle,136,142,112,130,114,107,11,18,373,11.79,241.3,83.25,Clear,Impatient,9.3,High
2026-03-15 21:53:00,CBS Circle,75,62,49,18,116,56,81,132,321,45.94,203.74,51.58,Rainy,Neutral,7.62,High
2026-03-11 17:19:00,Trimbak Naka,90,58,35,129,101,105,87,103,313,18.05,207.74,53.97,Rainy,Neutral,8.19,High
2026-03-02 18:01:00,Govind Nagar,23,62,137,69,55,10,14,21,229,22.46,167.53,50.72,Clear,Neutral,4.71,Normal
2026-03-19 00:49:00,College Road,79,139,93,113,20,90,27,144,219,29.09,165.24,40.31,Clear,Impatient,6.92,Normal
2026-03-29 21:45:00,Gangapur Road,54,150,95,142,44,39,25,19,218,22.8,150.36,50.81,Rainy,Impatient,6.73,Normal
2026-03-03 18:05:00,Satpur MIDC,132,52,106,26,25,77,101,108,364,31.25,227.9,66.87,Overcast,Anxious,8.52,High
2026-03-05 06:38:00,CBS Circle,73,55,82,27,19,13,35,123,209,33.1,159.06,35.1,Rainy,Neutral,6.17,Normal
2026-03-17 11:36:00,College Road,94,66,46,102,39,116,136,80,315,42.2,201.25,51.02,Foggy,Impatient,4.06,Normal
2026-03-15 14:16:00,Trimbak Naka,36,75,84,112,74,68,50,141,244,46.95,163.24,45.39,Foggy,Impatient,4.57,Normal
2026-03-24 06:05:00,Govind Nagar,47,80,29,33,101,55,24,54,201,46.07,141.79,45.14,Clear,Neutral,6.51,Normal
2026-03-06 19:21:00,Makhmalabad,71,118,41,92,87,41,133,125,332,49.18,208.82,62.71,Clear,Anxious,7.1,High
2026-03-18 13:09:00,Panchavati,112,142,127,51,131,54,16,73,386,45.9,238.92,73.52,Foggy,Impatient,9.17,High
2026-03-26 13:58:00,Dwarka Circle,77,110,65,117,38,116,86,69,266,12.81,178.8,57.31,Rainy,Impatient,7.46,High
2026-03-14 07:08:00,Panchavati,98,135,139,136,127,46,105,15,469,14.46,284.06,85.72,Foggy,Anxious,7.15,High
2026-03-09 20:10:00,Panchavati,81,38,119,13,148,19,73,66,421,19.63,255.26,69.54,Overcast,Frustrated,8.2,High
2026-03-17 14:59:00,Trimbak Naka,140,107,12,35,131,93,20,69,303,19.05,197.39,63.33,Overcast,Anxious,7.94,High
2026-03-21 02:00:00,College Road,53,111,150,115,125,138,25,117,353,21.2,234.08,62.94,Overcast,Impatient,9.63,High
2026-03-09 11:08:00,Satpur MIDC,123,93,23,31,83,119,106,106,335,16.06,220.79,76.03,Rainy,Anxious,10.0,High
2026-03-04 17:44:00,Deolali Camp,112,96,111,100,136,84,110,25,469,37.54,294.35,79.61,Foggy,Anxious,9.51,High
2026-03-14 17:53:00,Ashok Stambh,83,16,55,115,60,106,39,127,237,49.73,174.93,55.93,Overcast,Impatient,6.22,Normal
2026-03-05 12:39:00,Gangapur Road,134,70,109,63,83,96,130,53,456,53.23,281.98,93.02,Overcast,Anxious,7.45,High
2026-03-30 12:49:00,Govind Nagar,17,61,145,49,58,34,116,21,336,28.89,209.32,71.85,Rainy,Frustrated,9.44,High
2026-03-05 20:14:00,Mumbai Naka,47,17,112,32,110,11,76,17,345,54.37,227.58,60.01,Overcast,Frustrated,8.07,High
2026-03-25 17:50:00,Patherdi Phata,89,116,140,43,62,49,43,28,334,32.08,223.51,54.2,Overcast,Impatient,6.49,Normal
2026-03-11 13:36:00,College Road,132,119,147,111,101,46,69,49,449,20.24,284.42,95.14,Foggy,Impatient,8.21,High
2026-03-22 03:47:00,College Road,59,132,58,138,15,123,27,84,159,50.28,129.18,27.91,Rainy,Neutral,3.94,Normal
2026-03-18 07:44:00,Nashik Road,77,80,15,50,70,99,99,19,261,24.42,186.89,46.31,Rainy,Neutral,6.0,Normal
2026-03-18 18:22:00,Sinnar Phata,85,138,12,144,32,68,54,14,183,19.22,145.07,42.03,Foggy,Neutral,6.18,Normal
2026-03-18 00:43:00,Satpur MIDC,21,51,110,135,21,136,127,31,279,46.17,185.88,60.45,Overcast,Anxious,9.17,High
2026-03-26 03:52:00,Mumbai Naka,145,82,41,110,134,84,126,146,446,36.3,277.33,105.61,Rainy,Impatient,10.0,High
2026-03-12 16:47:00,Ashok Stambh,85,19,133,86,48,82,93,75,359,52.88,235.71,71.26,Overcast,Anxious,7.15,High
2026-03-27 08:58:00,Nashik Road,147,52,44,110,21,150,106,111,318,17.13,208.11,68.32,Overcast,Anxious,7.94,High
2026-03-20 11:44:00,College Road,145,66,15,102,18,22,38,12,216,42.44,163.57,45.84,Overcast,Impatient,4.73,Normal
2026-03-03 21:44:00,Panchavati,53,144,48,113,26,63,109,142,236,15.84,173.81,38.41,Rainy,Impatient,7.39,High
2026-03-28 09:51:00,Mumbai Naka,89,81,125,116,130,76,30,85,374,47.05,231.76,63.76,Overcast,Impatient,8.1,High
2026-03-03 16:31:00,Bytco Point,69,28,48,84,62,129,57,128,236,29.52,177.73,54.56,Rainy,Impatient,7.52,High
2026-03-11 00:48:00,Panchavati,10,60,24,41,39,75,83,75,156,21.4,136.9,29.94,Foggy,Satisfied,1.68,Normal
2026-03-02 19:19:00,Sinnar Phata,46,95,45,28,46,52,61,101,198,26.87,148.59,44.69,Rainy,Impatient,6.99,Normal
2026-03-02 20:22:00,Satpur MIDC,72,126,117,148,90,103,66,131,345,14.43,214.4,65.03,Rainy,Anxious,9.8,High
2026-03-05 06:22:00,Patherdi Phata,74,111,53,60,108,102,76,37,311,18.23,209.66,70.77,Rainy,Impatient,10.0,High
2026-03-01 12:52:00,Sinnar Phata,107,118,125,30,92,36,86,111,410,40.45,248.11,95.39,Foggy,Frustrated,9.02,High
2026-03-12 20:50:00,Sinnar Phata,126,33,111,147,64,30,61,54,362,22.96,238.6,79.06,Rainy,Anxious,9.22,High
2026-03-06 21:06:00,Deolali Camp,118,32,94,59,62,48,104,86,378,42.21,246.62,73.55,Overcast,Anxious,8.56,High
2026-03-04 05:53:00,Sinnar Phata,131,17,134,106,92,50,63,64,420,32.95,263.01,82.29,Rainy,Impatient,10.0,High
2026-03-13 18:01:00,Dwarka Circle,58,95,122,142,97,93,27,65,304,52.61,196.89,69.56,Overcast,Impatient,7.49,High
2026-03-15 22:25:00,Bytco Point,29,65,56,19,135,107,37,75,257,40.9,182.04,41.77,Rainy,Neutral,7.4,High
2026-03-15 16:45:00,Indira Nagar,27,126,82,34,69,61,115,149,293,16.9,206.09,67.21,Overcast,Anxious,8.35,High
2026-03-20 00:57:00,Adgaon Naka,125,33,39,147,105,34,82,83,351,18.65,216.58,65.69,Rainy,Anxious,10.0,High
2026-03-23 03:44:00,Govind Nagar,37,78,114,95,120,100,126,119,397,35.23,254.28,92.18,Overcast,Anxious,9.81,High
2026-03-19 05:03:00,Makhmalabad,54,145,45,112,63,118,80,20,242,49.6,178.9,52.4,Rainy,Neutral,6.75,Normal
2026-03-17 17:56:00,Rane Nagar,24,34,125,58,55,40,69,57,273,26.06,194.3,49.72,Clear,Impatient,6.81,Normal
2026-03-27 19:44:00,Deolali Camp,55,41,94,98,10,91,80,89,239,30.92,162.44,41.34,Clear,Impatient,4.82,Normal
2026-03-11 05:21:00,Satpur MIDC,26,55,25,96,43,116,144,67,238,31.56,172.81,52.33,Clear,Impatient,4.04,Normal
2026-03-17 19:44:00,Nashik Road,93,92,61,32,44,36,33,80,231,50.59,163.73,52.67,Foggy,Neutral,6.44,Normal
2026-03-11 21:22:00,Govind Nagar,19,78,45,16,42,104,57,37,163,39.35,126.44,28.19,Foggy,Satisfied,2.64,Normal
2026-03-17 11:43:00,CBS Circle,97,132,55,141,57,15,142,143,351,23.91,216.48,79.59,Rainy,Frustrated,10.0,High
2026-03-10 11:23:00,Satpur MIDC,123,82,68,73,61,146,65,99,317,21.47,207.8,72.76,Rainy,Frustrated,9.72,High
2026-03-05 05:42:00,College Road,103,49,35,26,17,89,130,105,285,36.52,185.0,58.96,Foggy,Impatient,5.95,Normal
2026-03-06 08:55:00,Sinnar Phata,113,103,82,29,18,50,98,140,311,20.62,199.34,67.56,Foggy,Frustrated,9.13,High
2026-03-16 23:23:00,Patherdi Phata,46,27,25,105,134,132,149,109,354,31.16,227.09,57.34,Overcast,Impatient,6.2,Normal
2026-03-06 16:19:00,Sinnar Phata,84,56,23,73,127,14,14,67,248,57.37,172.28,45.34,Rainy,Neutral,6.35,Normal
2026-03-14 12:50:00,Dwarka Circle,16,137,150,125,10,101,66,78,242,31.68,164.35,42.01,Foggy,Neutral,4.82,Normal
2026-03-04 11:07:00,Govind Nagar,116,71,113,26,136,34,51,36,416,19.96,267.03,82.71,Clear,Anxious,7.33,High
2026-03-30 12:51:00,Indira Nagar,150,33,69,68,16,97,79,72,314,33.27,200.2,63.75,Foggy,Impatient,7.5,High
2026-03-02 05:27:00,Ashok Stambh,87,149,149,25,121,32,116,115,473,36.91,293.51,112.24,Rainy,Frustrated,8.81,High
2026-03-11 22:50:00,Bytco Point,122,143,94,104,15,142,149,107,380,54.36,247.04,65.34,Clear,Frustrated,8.4,High
2026-03-26 10:19:00,Satpur MIDC,73,103,148,132,41,46,83,23,345,55.45,225.25,69.6,Clear,Impatient,9.03,High
2026-03-16 23:53:00,Indira Nagar,140,101,115,147,43,132,95,89,393,11.1,242.88,72.6,Clear,Anxious,7.83,High
2026-03-19 04:39:00,Nashik Road,114,99,45,46,48,46,84,85,291,31.27,188.28,54.69,Rainy,Neutral,5.5,Normal
2026-03-29 06:04:00,Ashok Stambh,30,76,24,129,124,126,89,130,267,46.42,182.86,49.46,Foggy,Impatient,6.89,Normal
2026-03-21 05:02:00,Dwarka Circle,84,104,36,53,143,91,90,61,353,17.28,235.37,67.65,Foggy,Impatient,7.14,High
2026-03-02 10:24:00,Bytco Point,141,145,68,43,13,86,150,49,372,28.09,243.46,60.36,Overcast,Frustrated,9.35,High
2026-03-21 05:37:00,College Road,103,54,55,118,82,20,51,78,291,23.1,192.43,60.38,Overcast,Impatient,7.21,High
2026-03-03 22:14:00,Deolali Camp,77,98,90,26,126,20,70,117,363,49.67,225.63,66.46,Overcast,Impatient,8.34,High
2026-03-15 06:56:00,Makhmalabad,150,58,146,20,67,16,30,94,393,49.69,254.86,79.49,Overcast,Anxious,8.79,High
2026-03-24 11:41:00,Ashok Stambh,137,138,89,49,111,129,78,101,415,13.17,254.51,80.64,Foggy,Anxious,8.34,High
2026-03-09 13:36:00,Adgaon Naka,55,111,142,39,45,83,131,86,373,47.26,236.13,76.77,Foggy,Impatient,9.82,High
2026-03-10 02:37:00,Sinnar Phata,21,107,103,27,67,99,90,22,281,23.65,194.87,62.81,Rainy,Impatient,10.0,High
2026-03-25 21:00:00,Panchavati,23,45,106,50,139,16,81,60,349,31.04,225.42,80.3,Rainy,Frustrated,10.0,High
2026-03-08 16:48:00,Rane Nagar,86,142,95,46,26,49,36,134,243,53.93,172.52,53.96,Clear,Impatient,4.55,Normal
2026-03-11 02:06:00,Rane Nagar,142,108,10,94,120,38,85,124,357,34.99,236.14,75.6,Foggy,Impatient,9.41,High
2026-03-19 06:29:00,College Road,133,96,46,116,128,101,99,99,406,31.11,249.51,85.2,Overcast,Anxious,8.86,High
2026-03-04 20:08:00,Nashik Road,113,86,111,61,141,22,81,143,446,16.01,263.28,104.35,Clear,Frustrated,7.41,High
2026-03-15 22:18:00,Adgaon Naka,23,148,140,126,65,105,149,109,377,15.45,234.91,90.25,Rainy,Impatient,10.0,High
2026-03-14 13:53:00,Mumbai Naka,87,137,91,116,10,147,140,134,328,15.6,212.45,73.23,Rainy,Impatient,9.85,High
2026-03-04 10:29:00,Trimbak Naka,119,134,87,51,39,87,86,46,331,29.12,221.52,58.06,Overcast,Impatient,6.26,Normal
2026-03-06 03:31:00,Nashik Road,17,77,129,17,111,128,120,65,377,32.56,248.36,86.8,Overcast,Anxious,8.53,High
2026-03-07 20:38:00,Panchavati,14,114,110,101,115,17,62,63,301,45.56,192.19,62.36,Rainy,Anxious,9.35,High
2026-03-06 09:11:00,Panchavati,101,62,20,144,79,51,70,13,270,52.47,179.06,43.64,Foggy,Neutral,6.0,Normal
2026-03-06 05:58:00,Indira Nagar,117,82,112,78,16,138,72,88,317,28.23,202.75,56.55,Overcast,Neutral,4.2,Normal
2026-03-03 08:46:00,College Road,69,88,57,44,51,141,147,19,324,32.06,220.47,72.55,Overcast,Anxious,9.4,High
2026-03-06 05:50:00,Govind Nagar,89,43,76,65,103,131,77,83,345,23.59,216.29,66.23,Clear,Impatient,8.76,High
2026-03-08 06:51:00,Govind Nagar,54,142,52,10,115,89,75,120,296,52.2,206.5,68.99,Foggy,Impatient,9.27,High
2026-03-17 16:20:00,CBS Circle,15,13,42,64,48,14,18,43,123,24.61,102.31,29.38,Overcast,Satisfied,1.07,Normal
2026-03-20 16:45:00,Dwarka Circle,134,63,23,134,148,77,103,41,408,34.9,260.37,89.31,Foggy,Frustrated,9.0,High
2026-03-26 22:24:00,Ashok Stambh,14,103,125,106,104,120,46,140,289,15.27,195.31,59.45,Foggy,Impatient,6.09,Normal
2026-03-18 01:31:00,Mhasrul,44,90,55,17,74,20,91,89,264,26.95,182.94,50.66,Foggy,Impatient,5.05,Normal
2026-03-07 04:10:00,Panchavati,123,105,51,45,129,146,76,33,379,22.3,235.66,82.9,Foggy,Anxious,9.29,High
2026-03-10 20:36:00,Mumbai Naka,145,78,96,55,109,124,64,47,414,11.09,262.43,66.38,Clear,Impatient,7.44,High
2026-03-23 15:05:00,Rane Nagar,119,62,150,57,54,13,99,88,422,43.13,258.3,80.07,Foggy,Frustrated,7.15,High
2026-03-03 14:02:00,Mhasrul,130,57,66,58,15,130,83,25,294,55.82,189.4,63.83,Foggy,Frustrated,9.31,High
2026-03-14 13:37:00,Indira Nagar,66,11,42,111,60,138,29,79,197,35.78,155.37,32.09,Clear,Impatient,6.44,Normal
2026-03-08 10:35:00,Patherdi Phata,69,34,144,118,111,70,144,105,468,25.38,288.95,80.85,Rainy,Impatient,10.0,High
2026-03-09 07:42:00,Patherdi Phata,12,53,106,140,64,104,93,125,275,24.53,181.7,53.03,Overcast,Neutral,5.25,Normal
2026-03-08 07:35:00,College Road,100,42,146,78,40,88,124,81,410,36.62,251.03,79.81,Foggy,Impatient,9.5,High
2026-03-10 05:35:00,Patherdi Phata,144,93,105,23,38,82,131,30,418,22.52,255.02,83.2,Overcast,Frustrated,7.4,High
2026-03-09 00:28:00,Trimbak Naka,50,103,149,106,94,53,96,138,389,30.83,245.15,64.56,Rainy,Impatient,10.0,High
2026-03-07 21:42:00,Dwarka Circle,52,64,52,132,16,94,38,139,158,30.96,123.09,30.36,Foggy,Impatient,5.14,Normal
2026-03-28 16:49:00,Makhmalabad,45,25,147,133,145,88,128,136,465,39.41,277.6,75.43,Rainy,Frustrated,8.99,High
2026-03-29 11:40:00,College Road,31,63,69,88,95,51,97,98,292,33.82,205.14,61.07,Overcast,Impatient,7.29,High
2026-03-26 17:51:00,Deolali Camp,118,50,112,34,17,31,150,51,397,24.44,255.41,66.38,Overcast,Frustrated,7.76,High
2026-03-20 17:52:00,Nashik Road,119,47,109,131,113,101,43,114,384,27.1,250.17,79.64,Rainy,Anxious,10.0,High
2026-03-29 17:33:00,Trimbak Naka,14,73,69,150,145,110,72,148,300,12.92,208.29,66.63,Rainy,Frustrated,10.0,High
2026-03-05 06:02:00,Indira Nagar,45,120,138,54,89,61,149,75,421,51.37,263.84,98.48,Rainy,Anxious,10.0,High
2026-03-26 11:18:00,Dwarka Circle,39,14,51,124,146,135,39,96,275,49.38,183.13,44.9,Overcast,Neutral,6.2,Normal
2026-03-04 23:25:00,Ashok Stambh,126,66,17,70,132,83,143,64,418,27.66,259.17,87.5,Foggy,Anxious,8.94,High
2026-03-18 11:47:00,Govind Nagar,144,84,130,60,109,101,45,124,428,29.38,261.06,76.71,Foggy,Anxious,7.73,High
2026-03-01 09:07:00,Gangapur Road,144,105,66,127,140,84,101,21,451,31.15,272.06,92.7,Foggy,Frustrated,7.23,High
2026-03-11 06:23:00,CBS Circle,53,38,58,87,85,140,129,77,325,19.98,206.98,59.07,Foggy,Impatient,4.82,Normal
2026-03-05 05:25:00,Mhasrul,146,134,139,28,83,31,52,131,420,41.25,265.14,69.59,Clear,Frustrated,7.02,High
2026-03-13 17:36:00,Gangapur Road,140,39,52,130,24,19,90,129,306,40.06,201.09,49.66,Overcast,Neutral,4.1,Normal
2026-03-19 11:42:00,Trimbak Naka,110,114,34,54,70,66,68,111,282,29.84,187.6,48.49,Rainy,Impatient,6.63,Normal
2026-03-14 14:06:00,Ashok Stambh,56,78,30,100,76,142,101,65,263,42.39,183.56,58.88,Clear,Neutral,5.41,Normal
2026-03-17 06:49:00,Nashik Road,77,64,150,130,143,135,64,132,434,25.83,262.18,70.88,Foggy,Frustrated,8.4,High
2026-03-09 00:03:00,Mhasrul,62,150,97,57,26,150,57,37,242,28.27,166.48,42.77,Overcast,Neutral,5.54,Normal
2026-03-17 13:54:00,Govind Nagar,62,28,59,56,25,89,55,91,201,30.69,149.47,41.63,Overcast,Impatient,4.13,Normal
2026-03-23 00:20:00,Sinnar Phata,88,124,104,50,68,134,76,120,336,16.92,217.79,75.23,Clear,Frustrated,8.38,High
2026-03-10 09:29:00,Deolali Camp,99,83,108,88,49,72,131,46,387,41.84,239.74,79.08,Overcast,Impatient,9.98,High
2026-03-16 02:45:00,Bytco Point,116,66,79,62,136,27,124,106,455,34.92,277.91,93.28,Clear,Impatient,9.65,High
2026-03-10 18:52:00,Nashik Road,142,112,123,85,93,57,77,143,435,15.31,276.26,81.11,Rainy,Anxious,8.64,High
2026-03-28 10:28:00,Govind Nagar,54,136,20,128,48,104,73,143,195,16.54,142.21,39.01,Clear,Neutral,6.85,Normal
2026-03-06 00:45:00,Trimbak Naka,62,92,107,16,123,96,46,15,338,27.6,215.96,58.01,Foggy,Impatient,4.69,Normal
2026-03-10 21:59:00,Bytco Point,71,61,93,143,131,46,97,117,392,47.44,242.36,93.58,Rainy,Frustrated,9.89,High
2026-03-05 22:17:00,Makhmalabad,62,145,141,88,149,75,117,112,469,20.4,275.77,84.52,Clear,Anxious,8.63,High
2026-03-24 12:56:00,Adgaon Naka,29,117,130,115,58,103,150,26,367,54.96,226.47,70.0,Foggy,Anxious,8.43,High
2026-03-02 05:47:00,Gangapur Road,13,35,108,24,121,99,130,28,372,21.94,232.0,85.96,Rainy,Frustrated,10.0,High
2026-03-16 02:30:00,Makhmalabad,117,75,137,129,83,126,117,50,454,38.22,282.88,102.4,Clear,Frustrated,7.48,High
2026-03-05 20:29:00,Rane Nagar,143,142,42,147,65,103,128,119,378,22.77,244.15,90.11,Overcast,Anxious,8.96,High
2026-03-09 23:23:00,Satpur MIDC,109,109,108,32,144,25,105,35,466,40.96,286.53,86.25,Foggy,Frustrated,9.49,High
2026-03-09 01:02:00,Satpur MIDC,72,100,42,75,122,93,43,126,279,47.87,191.28,60.83,Clear,Impatient,9.05,High
2026-03-21 18:21:00,Indira Nagar,13,150,72,50,95,88,85,58,265,13.58,187.54,59.64,Overcast,Neutral,4.57,Normal
2026-03-16 02:34:00,Mhasrul,149,75,117,29,49,27,44,115,359,32.4,230.66,85.61,Overcast,Anxious,7.43,High
2026-03-22 20:04:00,College Road,71,71,103,88,53,85,10,51,237,45.81,159.37,41.42,Clear,Impatient,4.17,Normal
2026-03-17 16:26:00,Mhasrul,138,31,10,131,21,98,98,90,267,25.61,179.44,63.75,Clear,Frustrated,9.39,High
2026-03-01 17:16:00,Ashok Stambh,54,16,42,23,61,70,138,142,295,43.76,194.34,48.31,Overcast,Neutral,4.87,Normal
2026-03-11 13:44:00,Nashik Road,47,33,44,99,38,99,115,48,244,38.64,170.36,57.03,Overcast,Impatient,6.51,Normal
2026-03-08 05:18:00,Mhasrul,120,79,106,14,136,43,55,149,417,18.64,266.36,91.22,Overcast,Frustrated,8.55,High
2026-03-11 23:52:00,Trimbak Naka,130,133,45,146,51,46,133,82,359,18.08,224.9,61.16,Clear,Anxious,8.06,High
2026-03-04 02:00:00,Satpur MIDC,99,108,43,75,23,91,144,46,309,52.35,202.61,71.72,Clear,Frustrated,7.52,High
2026-03-26 06:55:00,Makhmalabad,104,44,124,126,59,38,50,142,337,16.97,208.67,70.92,Rainy,Frustrated,10.0,High
2026-03-14 14:21:00,Makhmalabad,59,16,90,109,149,14,122,72,420,41.2,258.17,69.19,Overcast,Frustrated,8.72,High
2026-03-06 11:14:00,Satpur MIDC,75,142,143,108,134,142,117,20,469,27.12,291.4,83.41,Rainy,Impatient,9.52,High
2026-03-07 02:25:00,Mhasrul,103,110,57,145,140,91,81,134,381,51.83,232.39,90.11,Rainy,Impatient,9.8,High
2026-03-22 08:53:00,Bytco Point,28,28,128,113,62,68,117,68,335,29.62,218.47,66.36,Rainy,Frustrated,9.02,High
2026-03-14 12:13:00,Mhasrul,122,117,110,39,112,92,79,115,423,25.9,254.46,86.21,Clear,Frustrated,7.93,High
2026-03-08 05:44:00,Gangapur Road,85,13,140,29,117,24,18,55,360,32.75,229.22,81.96,Clear,Frustrated,7.67,High
2026-03-30 05:26:00,Makhmalabad,67,26,51,107,40,65,59,90,217,48.34,165.92,44.55,Clear,Impatient,5.24,Normal
2026-03-28 04:57:00,Rane Nagar,10,137,115,87,114,138,68,150,307,49.0,208.41,58.05,Clear,Neutral,4.01,Normal
2026-03-24 00:12:00,Rane Nagar,51,31,88,48,51,92,145,19,335,26.68,218.47,64.49,Clear,Frustrated,7.32,High
2026-03-30 19:30:00,Satpur MIDC,23,58,50,63,68,150,61,42,202,44.22,144.04,40.68,Clear,Neutral,5.8,Normal
2026-03-18 21:34:00,Adgaon Naka,14,143,58,68,42,119,88,94,202,33.86,159.0,45.64,Foggy,Impatient,6.89,Normal
2026-03-07 01:59:00,Makhmalabad,84,28,22,107,26,131,137,62,269,26.67,179.33,48.73,Clear,Impatient,4.9,Normal
2026-03-22 18:04:00,Makhmalabad,129,24,70,26,113,12,11,10,323,49.13,210.03,66.66,Foggy,Frustrated,8.88,High
2026-03-23 21:41:00,Nashik Road,61,34,72,39,92,54,115,66,340,55.25,222.2,76.08,Foggy,Anxious,9.61,High
2026-03-02 23:39:00,Panchavati,65,130,18,26,31,21,91,49,205,35.59,152.79,44.64,Foggy,Neutral,6.45,Normal
2026-03-30 20:33:00,Gangapur Road,94,137,117,114,107,21,82,88,400,37.24,244.41,94.23,Rainy,Impatient,8.99,High
2026-03-26 13:06:00,Bytco Point,53,42,80,122,28,42,61,24,222,23.89,167.71,35.72,Rainy,Impatient,5.59,Normal
2026-03-03 20:23:00,Ashok Stambh,36,93,76,22,85,13,129,112,326,35.16,209.42,75.32,Overcast,Frustrated,9.34,High
2026-03-10 12:01:00,Indira Nagar,43,140,119,96,58,109,111,117,331,53.4,215.59,67.97,Overcast,Anxious,7.68,High
2026-03-09 15:33:00,Adgaon Naka,97,109,16,109,119,66,102,18,334,31.59,218.76,61.04,Foggy,Frustrated,7.08,High
2026-03-06 17:20:00,Sinnar Phata,51,60,75,26,132,40,128,25,386,46.68,247.77,69.45,Rainy,Frustrated,10.0,High
2026-03-22 23:00:00,Govind Nagar,139,20,46,44,27,22,16,66,228,22.58,159.51,37.02,Rainy,Impatient,6.95,Normal
2026-03-10 10:58:00,Ashok Stambh,135,131,121,73,43,124,102,24,401,30.78,260.0,69.69,Foggy,Anxious,9.72,High
2026-03-22 19:56:00,Mhasrul,120,16,75,42,75,55,59,33,329,20.67,222.72,71.99,Overcast,Frustrated,7.74,High
2026-03-09 09:39:00,Indira Nagar,16,37,87,115,79,74,75,53,257,13.76,176.93,44.22,Overcast,Impatient,4.78,Normal
2026-03-18 18:02:00,Adgaon Naka,149,34,80,135,123,141,73,140,425,22.27,260.43,90.17,Rainy,Frustrated,8.6,High
2026-03-17 10:14:00,Sinnar Phata,46,117,58,50,130,55,145,18,379,15.23,248.95,71.71,Clear,Frustrated,9.17,High
2026-03-16 07:12:00,College Road,73,104,134,27,17,36,34,79,258,46.17,187.89,54.67,Rainy,Impatient,6.22,Normal
2026-03-30 03:45:00,Rane Nagar,59,84,90,93,18,139,29,91,196,30.89,138.54,33.8,Rainy,Neutral,5.84,Normal
2026-03-13 12:24:00,Rane Nagar,59,121,75,21,66,110,50,150,250,40.45,169.54,50.13,Clear,Neutral,6.33,Normal
2026-03-07 05:09:00,Mumbai Naka,28,48,136,65,129,102,80,84,373,28.95,235.28,62.12,Overcast,Frustrated,7.24,High
2026-03-10 11:44:00,Rane Nagar,128,28,37,136,17,149,136,93,318,51.6,218.71,70.89,Rainy,Anxious,10.0,High
2026-03-21 01:26:00,Nashik Road,131,62,40,111,63,35,62,47,296,43.45,198.62,67.96,Overcast,Frustrated,9.12,High
2026-03-06 05:31:00,Deolali Camp,114,104,47,31,139,28,91,88,391,47.57,254.8,71.16,Foggy,Anxious,8.27,High
2026-03-28 00:46:00,Sinnar Phata,84,96,91,10,12,10,24,94,211,27.68,159.52,41.04,Overcast,Impatient,4.3,Normal
2026-03-23 13:36:00,Adgaon Naka,62,32,146,130,133,18,35,123,376,31.22,231.94,70.02,Overcast,Frustrated,7.65,High
2026-03-30 23:06:00,Satpur MIDC,32,54,39,149,12,13,135,113,218,26.73,152.43,43.87,Foggy,Neutral,5.8,Normal
2026-03-19 11:18:00,Dwarka Circle,81,76,57,40,145,147,119,142,402,17.63,260.14,84.72,Clear,Frustrated,9.76,High
2026-03-18 06:44:00,Sinnar Phata,45,81,128,135,143,68,133,42,449,41.06,267.45,78.09,Foggy,Anxious,8.7,High
2026-03-21 10:44:00,Makhmalabad,20,146,19,59,67,17,68,12,174,15.83,134.72,32.84,Clear,Neutral,5.12,Normal
2026-03-07 10:21:00,Sinnar Phata,27,142,148,15,70,36,144,83,389,14.08,248.67,79.12,Foggy,Anxious,7.81,High
2026-03-25 03:52:00,Nashik Road,47,55,30,120,78,42,120,87,275,51.88,191.54,45.78,Clear,Neutral,5.72,Normal
2026-03-12 05:03:00,Rane Nagar,70,25,98,111,21,76,118,111,307,29.06,196.84,62.41,Overcast,Impatient,9.23,High
2026-03-07 01:35:00,Mumbai Naka,103,87,17,96,111,140,84,146,315,23.14,199.89,63.37,Overcast,Impatient,9.29,High
2026-03-03 14:12:00,Trimbak Naka,24,80,35,79,131,143,57,66,247,15.53,174.05,58.3,Overcast,Impatient,5.43,Normal
2026-03-28 10:22:00,Panchavati,29,137,55,139,143,145,125,55,352,34.59,221.75,75.2,Clear,Frustrated,7.04,High
2026-03-07 13:12:00,Gangapur Road,15,105,92,141,48,111,13,33,168,30.63,138.79,26.93,Rainy,Neutral,3.01,Normal
2026-03-10 17:04:00,Patherdi Phata,95,146,32,59,32,144,56,45,215,35.48,154.51,40.81,Foggy,Impatient,6.93,Normal
2026-03-11 22:07:00,Satpur MIDC,100,124,44,109,77,85,136,56,357,31.24,235.97,64.56,Clear,Anxious,8.27,High
2026-03-16 10:14:00,Nashik Road,138,70,31,60,139,111,63,10,371,35.18,241.8,73.26,Clear,Anxious,8.12,High
2026-03-15 23:39:00,Ashok Stambh,91,47,41,129,79,147,21,101,232,53.75,159.56,53.26,Overcast,Neutral,4.52,Normal
2026-03-11 06:32:00,CBS Circle,75,121,71,139,108,10,27,67,281,20.67,181.23,56.36,Rainy,Neutral,5.53,Normal
2026-03-02 06:56:00,Mhasrul,44,62,139,121,103,49,52,75,338,15.14,212.79,76.11,Overcast,Impatient,8.91,High
2026-03-12 12:15:00,Satpur MIDC,36,100,35,118,30,47,36,88,137,28.94,114.47,23.37,Foggy,Satisfied,1.28,Normal
2026-03-09 04:57:00,Govind Nagar,29,120,149,77,150,83,129,100,457,25.92,270.37,91.31,Foggy,Impatient,9.83,High
2026-03-21 13:57:00,Patherdi Phata,91,111,57,34,46,75,45,112,239,25.85,161.42,45.17,Rainy,Neutral,6.18,Normal
2026-03-07 03:18:00,Nashik Road,90,61,131,14,81,127,135,63,437,31.78,278.28,99.94,Foggy,Impatient,8.34,High
2026-03-18 23:09:00,Mhasrul,126,123,13,150,147,36,75,94,361,53.1,221.43,74.46,Overcast,Anxious,8.12,High
2026-03-06 15:00:00,Satpur MIDC,64,129,107,75,67,102,120,105,358,26.6,225.75,68.48,Rainy,Anxious,10.0,High
2026-03-12 09:02:00,Dwarka Circle,91,41,14,32,67,77,24,26,196,55.45,150.34,37.34,Overcast,Impatient,4.36,Normal
2026-03-10 13:39:00,Adgaon Naka,137,75,150,31,85,18,146,95,518,23.76,315.46,89.84,Foggy,Frustrated,9.04,High
2026-03-28 03:58:00,College Road,134,84,68,74,94,54,39,108,335,31.67,212.36,79.23,Rainy,Anxious,8.75,High
2026-03-12 03:43:00,Indira Nagar,73,67,66,95,90,84,40,50,269,33.43,179.36,64.16,Overcast,Anxious,8.42,High
2026-03-09 15:33:00,Indira Nagar,30,98,57,126,41,60,32,61,160,26.5,138.5,29.75,Overcast,Satisfied,3.31,Normal
2026-03-07 23:18:00,Rane Nagar,103,125,29,134,81,31,29,75,242,17.57,161.41,51.63,Clear,Impatient,5.75,Normal
2026-03-01 09:55:00,Nashik Road,137,10,85,102,40,138,120,11,382,34.82,249.74,89.69,Foggy,Frustrated,8.31,High
2026-03-14 07:59:00,Sinnar Phata,39,98,67,81,32,145,79,117,217,47.54,159.64,46.33,Overcast,Neutral,6.8,Normal
2026-03-25 08:06:00,Dwarka Circle,125,96,67,74,101,63,63,50,356,28.43,221.74,66.62,Clear,Anxious,9.95,High
2026-03-10 20:47:00,Govind Nagar,143,71,74,69,112,22,18,40,347,39.54,229.71,57.85,Clear,Neutral,6.21,Normal
2026-03-07 06:34:00,Adgaon Naka,105,89,87,102,143,65,101,85,436,21.53,275.31,83.01,Overcast,Impatient,9.24,High
2026-03-03 02:43:00,Bytco Point,41,102,54,148,124,26,146,126,365,40.26,231.27,61.62,Rainy,Impatient,10.0,High
2026-03-30 11:12:00,Dwarka Circle,43,112,46,14,10,137,76,48,175,55.31,136.59,30.57,Clear,Neutral,5.23,Normal
2026-03-20 21:46:00,Mumbai Naka,145,47,53,125,19,109,66,144,283,21.93,192.02,46.68,Foggy,Neutral,6.67,Normal
2026-03-05 20:02:00,Deolali Camp,14,38,44,140,143,83,16,131,217,16.57,149.2,37.62,Overcast,Neutral,5.92,Normal
2026-03-19 19:07:00,Deolali Camp,39,132,67,53,47,22,98,112,251,22.39,180.93,54.58,Rainy,Neutral,8.34,High
2026-03-11 10:11:00,Makhmalabad,87,55,137,142,138,115,75,83,437,28.34,272.66,95.67,Clear,Frustrated,7.6,High
2026-03-25 09:47:00,Trimbak Naka,45,108,87,37,77,133,31,115,240,46.95,162.5,48.18,Clear,Neutral,4.96,Normal
2026-03-09 01:32:00,Adgaon Naka,123,107,60,25,32,110,130,63,345,21.14,212.55,68.24,Overcast,Impatient,9.37,High
2026-03-06 21:25:00,Govind Nagar,135,63,53,112,60,73,22,143,270,29.62,177.3,50.87,Foggy,Neutral,4.8,Normal
2026-03-23 04:37:00,Mumbai Naka,28,89,25,81,97,86,58,36,208,18.51,146.2,34.19,Rainy,Neutral,7.46,High
2026-03-29 14:53:00,Patherdi Phata,53,13,98,139,14,143,148,61,313,39.07,202.42,53.74,Rainy,Neutral,6.2,Normal
2026-03-08 23:11:00,Deolali Camp,79,105,17,116,20,126,13,14,129,16.58,108.6,29.86,Clear,Neutral,3.56,Normal
2026-03-27 16:38:00,Makhmalabad,54,127,26,70,143,131,93,118,316,31.6,202.93,72.93,Foggy,Anxious,9.81,High
2026-03-19 13:28:00,Sinnar Phata,125,27,50,60,25,63,118,43,318,29.19,207.0,67.91,Overcast,Impatient,8.37,High
2026-03-15 17:22:00,Ashok Stambh,116,119,43,106,114,105,14,58,287,34.0,185.01,46.67,Foggy,Impatient,4.09,Normal
2026-03-04 23:15:00,Mhasrul,10,150,123,90,51,40,135,79,319,14.26,201.28,63.25,Clear,Frustrated,8.94,High
2026-03-01 19:46:00,Nashik Road,22,149,108,20,40,114,134,140,304,50.3,192.31,66.51,Clear,Frustrated,9.04,High
2026-03-18 13:04:00,Ashok Stambh,114,88,132,88,62,61,34,113,342,51.89,219.71,56.74,Foggy,Neutral,6.88,Normal
2026-03-02 07:41:00,Govind Nagar,119,146,115,62,91,84,88,40,413,40.76,260.97,69.68,Foggy,Impatient,9.19,High
2026-03-15 03:26:00,Mhasrul,32,51,28,67,126,117,137,15,323,18.27,208.06,64.34,Overcast,Impatient,7.97,High
2026-03-09 14:50:00,Ashok Stambh,120,103,141,12,80,35,113,101,454,47.64,283.69,104.44,Overcast,Anxious,9.07,High
2026-03-12 13:21:00,Makhmalabad,147,93,89,96,140,54,61,98,437,40.74,261.45,75.11,Rainy,Impatient,9.9,High
2026-03-12 20:47:00,Bytco Point,69,50,22,63,92,25,10,52,193,23.9,156.28,38.98,Overcast,Impatient,4.97,Normal
2026-03-30 06:46:00,Mumbai Naka,92,140,39,68,64,97,34,102,229,22.0,166.59,36.85,Overcast,Impatient,6.36,Normal
2026-03-09 03:42:00,Gangapur Road,18,22,141,124,40,119,118,139,317,42.61,207.32,73.9,Foggy,Anxious,8.0,High
2026-03-25 06:58:00,Trimbak Naka,82,84,142,45,124,32,30,114,378,55.54,233.44,70.07,Overcast,Frustrated,9.22,High
2026-03-08 11:03:00,Mumbai Naka,29,60,101,146,149,108,80,110,359,35.5,229.63,68.0,Foggy,Frustrated,8.54,High
2026-03-25 14:39:00,Govind Nagar,48,95,56,33,28,41,124,31,256,44.7,168.26,48.61,Foggy,Neutral,4.21,Normal
2026-03-14 20:48:00,Nashik Road,62,130,80,54,33,138,52,10,227,57.31,164.22,53.22,Overcast,Impatient,6.28,Normal
2026-03-28 18:48:00,Bytco Point,137,76,145,89,97,138,50,115,429,54.19,261.88,79.74,Overcast,Frustrated,8.52,High
2026-03-14 16:38:00,Sinnar Phata,98,145,150,95,39,22,34,84,321,43.9,202.54,52.95,Overcast,Impatient,6.86,Normal
2026-03-23 18:35:00,Rane Nagar,55,85,134,109,76,109,68,107,333,29.85,225.43,61.57,Clear,Frustrated,9.51,High
2026-03-03 17:04:00,Rane Nagar,83,39,74,46,27,51,62,125,246,36.72,176.36,46.04,Overcast,Neutral,4.4,Normal
2026-03-24 10:15:00,Patherdi Phata,34,34,103,145,83,57,145,63,365,46.25,236.99,78.29,Clear,Frustrated,8.82,High
2026-03-13 02:30:00,Ashok Stambh,77,37,73,61,136,50,14,26,300,37.8,194.59,67.3,Overcast,Anxious,8.0,High
2026-03-03 02:14:00,College Road,109,23,93,51,107,59,99,11,408,12.59,246.78,66.81,Rainy,Impatient,9.5,High
2026-03-13 04:03:00,College Road,85,79,106,60,120,32,86,82,397,35.84,252.86,94.33,Overcast,Frustrated,7.75,High
2026-03-11 15:09:00,Gangapur Road,105,82,147,22,24,116,11,12,287,27.02,185.68,55.64,Rainy,Neutral,5.89,Normal
2026-03-12 09:08:00,Mumbai Naka,103,37,147,82,50,123,116,109,416,17.2,253.76,95.89,Rainy,Impatient,9.84,High
2026-03-11 15:05:00,Mhasrul,41,90,144,74,108,143,25,81,318,24.17,200.61,61.72,Foggy,Impatient,7.31,High
2026-03-19 10:00:00,Bytco Point,93,129,53,65,28,138,23,33,197,36.06,154.15,39.34,Overcast,Neutral,5.03,Normal
2026-03-16 22:07:00,Deolali Camp,98,91,78,33,30,78,38,113,244,36.32,180.75,42.1,Rainy,Impatient,7.29,High
2026-03-17 21:04:00,Rane Nagar,125,45,27,118,30,89,24,63,206,37.67,144.55,34.56,Foggy,Neutral,6.04,Normal
2026-03-18 05:29:00,Trimbak Naka,119,70,32,45,86,51,92,65,329,24.84,207.9,54.38,Clear,Impatient,5.76,Normal
2026-03-20 03:21:00,Trimbak Naka,22,30,10,26,142,105,10,85,184,22.46,140.61,37.66,Foggy,Neutral,5.67,Normal
2026-03-29 07:07:00,Indira Nagar,115,121,21,66,96,87,81,43,313,36.54,198.46,71.93,Foggy,Frustrated,9.71,High
2026-03-14 23:13:00,Nashik Road,67,10,71,109,67,96,142,92,347,13.73,220.33,80.67,Clear,Impatient,7.53,High
2026-03-20 17:33:00,Ashok Stambh,150,128,49,51,83,86,106,135,388,33.32,242.66,90.25,Foggy,Frustrated,7.44,High
2026-03-11 15:01:00,Gangapur Road,131,106,75,91,107,58,32,125,345,25.44,219.51,79.41,Rainy,Anxious,10.0,High
2026-03-30 10:31:00,Rane Nagar,138,123,55,112,21,45,150,83,364,35.5,228.01,80.15,Overcast,Anxious,7.21,High
2026-03-12 17:09:00,Patherdi Phata,67,99,43,100,77,99,115,114,302,26.09,202.22,63.0,Overcast,Anxious,9.99,High
2026-03-17 19:06:00,Govind Nagar,19,25,58,127,125,65,120,59,322,30.51,213.48,57.46,Clear,Neutral,6.53,Normal
2026-03-08 07:22:00,Indira Nagar,71,33,79,92,148,13,148,20,446,12.42,265.47,101.33,Overcast,Frustrated,9.22,High
2026-03-02 11:14:00,Makhmalabad,33,128,108,113,87,66,137,18,365,36.96,240.75,71.16,Rainy,Impatient,10.0,High
2026-03-15 02:11:00,Satpur MIDC,123,136,104,145,60,63,65,62,352,52.56,224.25,69.85,Overcast,Anxious,9.79,High
2026-03-03 05:04:00,Dwarka Circle,112,92,33,17,148,61,29,29,322,38.13,202.09,56.09,Rainy,Neutral,5.87,Normal
2026-03-16 06:17:00,Adgaon Naka,125,102,150,38,77,67,141,98,493,45.1,292.27,83.99,Rainy,Anxious,10.0,High
2026-03-09 09:15:00,CBS Circle,97,57,27,91,140,97,145,23,409,26.84,261.73,86.97,Overcast,Impatient,7.94,High
2026-03-24 16:54:00,Nashik Road,99,142,124,66,55,133,72,29,350,28.48,222.42,58.59,Foggy,Neutral,6.21,Normal
2026-03-26 09:51:00,College Road,133,110,38,128,25,53,124,41,320,38.88,212.94,69.83,Clear,Frustrated,9.81,High
2026-03-14 20:06:00,College Road,12,75,62,103,113,143,23,126,210,20.89,145.52,40.01,Overcast,Impatient,4.31,Normal
2026-03-20 02:23:00,Patherdi Phata,62,80,126,111,93,60,21,60,302,13.36,200.98,59.83,Foggy,Neutral,4.75,Normal
2026-03-09 01:47:00,Dwarka Circle,33,142,83,65,42,109,108,90,266,54.39,185.46,52.22,Rainy,Neutral,8.24,High
2026-03-06 12:23:00,Deolali Camp,149,107,23,137,118,28,78,25,368,27.17,240.8,79.43,Foggy,Frustrated,7.86,High
2026-03-15 13:11:00,Govind Nagar,114,86,119,49,68,14,49,12,350,45.42,221.7,76.81,Clear,Frustrated,8.2,High
2026-03-21 11:58:00,Deolali Camp,92,28,50,27,30,86,29,42,201,49.03,159.58,32.29,Overcast,Impatient,5.2,Normal
2026-03-04 23:02:00,Patherdi Phata,62,66,112,69,40,96,148,12,362,25.76,232.51,79.31,Clear,Anxious,7.75,High
2026-03-05 05:19:00,Mumbai Naka,90,106,27,18,44,150,35,44,196,37.54,139.18,45.63,Foggy,Impatient,6.79,Normal
2026-03-23 23:14:00,Trimbak Naka,64,49,123,57,81,87,64,101,332,44.3,215.45,56.41,Rainy,Impatient,5.96,Normal
2026-03-26 10:30:00,Makhmalabad,50,102,107,42,116,105,16,77,289,51.12,194.95,63.34,Clear,Impatient,8.9,High
2026-03-02 23:58:00,College Road,36,46,109,45,52,77,144,134,341,52.4,221.42,62.46,Rainy,Frustrated,10.0,High
2026-03-09 16:25:00,Satpur MIDC,87,86,119,62,98,144,101,15,405,37.92,256.54,66.88,Clear,Impatient,9.19,High
2026-03-02 11:18:00,College Road,93,136,115,40,58,87,134,101,400,38.64,253.58,81.31,Rainy,Frustrated,9.41,High
2026-03-28 13:27:00,Mhasrul,14,145,27,34,12,85,17,120,70,45.43,87.11,13.27,Rainy,Satisfied,3.63,Normal
2026-03-28 00:35:00,Rane Nagar,113,130,79,90,90,34,71,144,353,54.77,228.25,73.44,Rainy,Anxious,10.0,High
2026-03-14 09:52:00,Satpur MIDC,112,138,112,124,79,109,69,39,372,39.75,244.52,80.48,Rainy,Impatient,9.2,High
2026-03-16 02:30:00,Mhasrul,78,16,135,148,79,44,53,37,345,29.22,226.64,70.7,Overcast,Frustrated,9.33,High
2026-03-18 09:10:00,Gangapur Road,11,54,130,113,128,138,95,115,364,42.04,222.01,60.48,Overcast,Anxious,9.01,High
2026-03-20 10:58:00,Ashok Stambh,65,137,21,24,54,61,20,77,160,37.67,126.14,38.28,Foggy,Impatient,6.46,Normal
2026-03-06 16:14:00,Ashok Stambh,36,88,127,102,38,121,60,117,261,48.02,181.57,58.99,Foggy,Neutral,6.54,Normal
2026-03-16 08:45:00,Satpur MIDC,83,61,123,144,44,108,12,69,262,33.27,183.56,62.43,Foggy,Anxious,9.58,High
2026-03-20 04:42:00,Trimbak Naka,78,63,141,16,100,12,69,42,388,46.62,239.66,87.76,Clear,Impatient,9.45,High
2026-03-19 08:36:00,Mumbai Naka,34,68,40,52,79,103,41,23,194,51.04,151.74,46.44,Overcast,Neutral,6.45,Normal
2026-03-19 18:46:00,Nashik Road,119,42,22,78,117,36,12,67,270,54.33,181.07,48.51,Rainy,Impatient,6.2,Normal
2026-03-28 23:44:00,Gangapur Road,77,46,130,150,141,54,93,99,441,50.14,267.07,91.7,Foggy,Frustrated,7.6,High
2026-03-23 10:28:00,Rane Nagar,63,134,56,13,102,33,57,24,278,19.43,185.73,62.98,Foggy,Impatient,7.86,High
2026-03-11 08:24:00,Gangapur Road,44,101,34,85,86,77,78,77,242,28.78,176.19,49.2,Clear,Neutral,6.43,Normal
2026-03-13 09:32:00,Deolali Camp,66,81,85,59,29,126,43,91,223,25.65,158.21,44.11,Overcast,Neutral,4.59,Normal
2026-03-29 03:49:00,Rane Nagar,140,145,94,109,60,49,140,121,434,43.62,271.32,103.85,Overcast,Anxious,9.7,High
2026-03-26 10:51:00,Trimbak Naka,122,78,54,140,97,143,101,89,374,24.59,237.78,64.45,Overcast,Impatient,7.56,High
2026-03-21 15:57:00,Gangapur Road,47,111,94,105,90,25,140,43,371,43.09,242.82,72.18,Clear,Anxious,8.89,High
2026-03-17 13:39:00,College Road,47,43,90,148,104,119,32,145,273,13.44,177.93,58.75,Foggy,Impatient,4.57,Normal
2026-03-23 21:18:00,Nashik Road,41,66,84,146,115,37,125,89,365,49.13,225.52,62.92,Overcast,Impatient,8.75,High
2026-03-27 02:03:00,Nashik Road,48,93,100,140,11,23,122,104,281,55.87,195.87,55.96,Clear,Impatient,5.92,Normal
2026-03-26 01:43:00,Adgaon Naka,54,70,96,38,146,143,132,131,428,47.58,265.15,102.62,Foggy,Anxious,9.4,High
2026-03-19 03:10:00,Ashok Stambh,34,92,61,63,58,30,106,62,259,16.76,188.44,48.74,Foggy,Neutral,5.39,Normal
2026-03-13 14:21:00,Bytco Point,142,12,46,13,19,146,67,51,274,19.72,192.29,46.52,Clear,Impatient,5.79,Normal
2026-03-26 11:58:00,Bytco Point,127,89,129,41,75,101,121,85,452,37.65,280.4,108.36,Overcast,Impatient,8.73,High
2026-03-13 09:47:00,CBS Circle,144,110,26,140,15,69,133,88,318,23.88,208.77,66.99,Rainy,Frustrated,10.0,High
2026-03-01 02:26:00,Patherdi Phata,90,109,45,24,58,28,56,121,249,34.71,174.65,57.34,Clear,Neutral,6.91,Normal
2026-03-04 15:53:00,Gangapur Road,110,34,52,109,127,85,55,48,344,16.71,221.91,59.04,Rainy,Neutral,7.76,High
2026-03-06 10:24:00,Indira Nagar,12,57,62,131,128,22,26,114,228,27.49,169.76,53.02,Foggy,Impatient,4.84,Normal
2026-03-02 22:07:00,Rane Nagar,49,135,48,139,81,17,66,15,244,17.86,169.96,54.82,Rainy,Impatient,6.14,Normal
2026-03-01 03:59:00,Ashok Stambh,60,113,27,51,125,87,37,132,249,43.52,183.24,41.88,Foggy,Impatient,6.66,Normal
2026-03-23 09:34:00,Mumbai Naka,121,29,86,90,121,89,66,66,394,27.79,240.98,92.22,Rainy,Frustrated,8.96,High
2026-03-30 18:54:00,Nashik Road,12,110,43,62,66,43,84,23,205,25.88,155.73,37.31,Overcast,Impatient,5.9,Normal
2026-03-14 12:03:00,Adgaon Naka,97,81,57,95,54,75,26,53,234,36.05,166.0,51.57,Rainy,Neutral,6.24,Normal
2026-03-04 02:34:00,Rane Nagar,55,37,29,19,146,41,118,97,348,13.32,224.43,66.1,Foggy,Anxious,7.18,High
2026-03-03 17:08:00,Govind Nagar,51,135,37,141,49,79,77,63,214,40.5,153.2,45.08,Rainy,Neutral,7.06,High
2026-03-10 03:49:00,Indira Nagar,146,129,149,16,40,34,117,142,452,51.0,284.78,74.54,Foggy,Impatient,8.69,High
2026-03-07 05:12:00,Makhmalabad,113,43,79,91,108,39,41,137,341,20.37,218.76,75.94,Overcast,Anxious,9.95,High
2026-03-13 17:36:00,Dwarka Circle,31,73,35,87,39,89,35,41,140,55.93,111.33,33.07,Overcast,Neutral,5.85,Normal
2026-03-17 14:24:00,Patherdi Phata,103,89,128,130,126,75,145,51,502,52.47,291.34,104.47,Rainy,Anxious,10.0,High
2026-03-16 04:04:00,Adgaon Naka,30,120,51,82,15,92,126,120,222,31.36,152.78,47.47,Foggy,Impatient,6.67,Normal
2026-03-11 17:10:00,CBS Circle,49,139,72,122,49,95,60,132,230,42.14,171.88,37.98,Clear,Impatient,5.58,Normal
2026-03-14 02:39:00,Makhmalabad,51,85,147,98,14,23,24,147,236,53.25,177.36,41.11,Foggy,Impatient,4.25,Normal
2026-03-13 08:36:00,Indira Nagar,53,69,91,39,12,104,32,74,188,50.41,140.4,42.83,Overcast,Neutral,6.05,Normal
2026-03-26 22:02:00,Patherdi Phata,118,137,137,53,54,48,28,42,337,39.46,215.61,58.62,Overcast,Neutral,5.46,Normal
2026-03-05 07:51:00,Indira Nagar,16,145,22,135,15,137,32,68,85,38.04,88.34,13.85,Overcast,Satisfied,1.2,Normal
2026-03-15 01:17:00,Nashik Road,10,33,129,48,105,114,97,86,341,36.39,224.42,56.6,Foggy,Impatient,6.31,Normal
2026-03-20 12:03:00,Patherdi Phata,113,93,92,92,24,132,84,54,313,31.99,205.07,52.75,Foggy,Neutral,5.28,Normal
2026-03-23 18:44:00,Dwarka Circle,139,128,19,102,108,17,73,71,339,24.65,228.36,72.34,Overcast,Anxious,9.28,High
2026-03-26 13:55:00,Nashik Road,68,96,150,54,95,76,81,148,394,33.35,238.15,64.4,Foggy,Frustrated,8.21,High
2026-03-26 14:22:00,Patherdi Phata,94,150,35,117,102,11,141,148,372,30.49,237.17,88.63,Clear,Impatient,7.24,High
2026-03-17 20:46:00,Sinnar Phata,59,110,51,103,134,65,124,148,368,40.05,230.35,59.37,Foggy,Neutral,6.53,Normal
2026-03-23 15:08:00,Deolali Camp,24,59,132,149,73,96,40,40,269,12.56,187.32,45.27,Rainy,Impatient,6.7,Normal
2026-03-28 10:37:00,Trimbak Naka,93,30,130,85,117,43,12,15,352,26.03,221.55,57.9,Overcast,Neutral,6.37,Normal
2026-03-24 10:58:00,Panchavati,38,87,130,120,129,28,40,149,337,40.28,221.13,63.41,Clear,Impatient,8.56,High
2026-03-25 15:10:00,Panchavati,96,33,83,59,68,64,18,90,265,54.18,178.42,61.41,Rainy,Frustrated,9.24,High
2026-03-25 02:01:00,Bytco Point,143,72,136,50,31,133,128,107,438,49.75,269.32,92.04,Foggy,Frustrated,9.05,High
2026-03-28 08:31:00,College Road,102,59,25,114,122,124,38,105,287,31.46,189.5,62.45,Overcast,Frustrated,8.18,High
2026-03-08 16:26:00,Bytco Point,96,126,112,61,15,63,30,54,253,23.04,175.2,41.89,Rainy,Impatient,5.98,Normal
2026-03-05 20:31:00,Sinnar Phata,110,143,15,122,32,132,106,103,263,51.22,180.65,43.38,Rainy,Impatient,6.64,Normal
2026-03-25 05:49:00,Panchavati,66,63,16,37,106,70,50,49,238,14.13,176.67,43.34,Foggy,Neutral,5.49,Normal
2026-03-06 23:28:00,College Road,66,84,56,66,98,119,67,56,287,41.76,193.04,58.88,Clear,Impatient,5.63,Normal
2026-03-08 03:11:00,Makhmalabad,60,87,127,82,31,19,45,92,263,51.52,180.82,49.29,Clear,Neutral,6.32,Normal
2026-03-09 11:12:00,Satpur MIDC,29,137,144,30,93,107,39,50,305,26.77,206.35,49.86,Rainy,Neutral,8.41,High
2026-03-02 17:33:00,Ashok Stambh,69,138,53,142,77,127,12,126,211,54.11,158.89,49.69,Overcast,Impatient,5.81,Normal
2026-03-18 19:32:00,Nashik Road,28,56,139,33,136,69,94,115,397,35.11,251.37,80.04,Foggy,Anxious,9.22,High
2026-03-01 15:02:00,Govind Nagar,72,98,43,133,150,89,103,26,368,14.31,240.38,83.33,Clear,Impatient,8.05,High
2026-03-12 07:20:00,Trimbak Naka,62,90,12,33,124,143,44,101,242,12.7,169.31,52.97,Overcast,Neutral,4.55,Normal
2026-03-25 06:27:00,College Road,33,149,46,50,93,40,150,25,322,39.69,201.02,64.63,Foggy,Impatient,9.13,High
2026-03-09 07:54:00,Deolali Camp,89,128,103,115,81,33,108,86,381,25.65,232.97,90.67,Rainy,Frustrated,10.0,High
2026-03-15 08:42:00,Bytco Point,54,10,38,30,118,49,89,75,299,23.81,193.29,51.95,Rainy,Neutral,6.76,Normal
2026-03-21 00:39:00,Makhmalabad,33,11,113,30,79,150,128,145,353,49.12,230.24,83.29,Overcast,Impatient,9.34,High
2026-03-21 01:30:00,Satpur MIDC,80,32,39,121,127,106,107,71,353,54.69,227.71,64.86,Clear,Impatient,7.77,High
2026-03-08 03:25:00,Nashik Road,72,122,104,113,117,71,67,10,360,52.3,223.76,78.01,Foggy,Frustrated,7.27,High
2026-03-28 04:48:00,Indira Nagar,70,104,26,92,33,121,121,59,250,34.6,171.99,45.44,Overcast,Neutral,6.52,Normal
2026-03-06 00:55:00,Ashok Stambh,75,111,113,121,129,115,124,19,441,29.29,273.56,91.7,Overcast,Frustrated,7.79,High
2026-03-09 00:50:00,Trimbak Naka,15,86,68,21,93,88,50,17,226,56.45,170.1,48.2,Rainy,Impatient,8.01,High
2026-03-22 15:15:00,Mhasrul,95,56,30,120,130,73,69,136,324,31.32,214.38,53.89,Clear,Neutral,5.2,Normal
2026-03-22 17:15:00,Panchavati,134,23,72,55,69,138,97,35,372,46.34,238.5,78.13,Foggy,Frustrated,7.23,High
2026-03-21 07:13:00,Dwarka Circle,56,118,103,119,53,57,68,16,280,50.14,186.69,46.11,Clear,Neutral,6.59,Normal
2026-03-22 17:15:00,Indira Nagar,50,71,17,146,87,120,20,123,174,20.87,145.94,29.63,Clear,Neutral,2.26,Normal
2026-03-03 15:56:00,Deolali Camp,74,140,26,81,131,21,83,46,314,44.26,205.11,51.42,Overcast,Neutral,4.02,Normal
2026-03-17 22:20:00,Patherdi Phata,74,24,133,54,88,122,100,112,395,32.92,243.32,65.17,Rainy,Frustrated,9.76,High
2026-03-18 19:51:00,Adgaon Naka,76,101,37,28,123,39,36,78,272,37.68,185.29,52.06,Foggy,Neutral,5.39,Normal
2026-03-24 04:37:00,Mhasrul,85,75,129,63,79,107,80,37,373,50.49,241.72,78.83,Foggy,Frustrated,7.43,High
2026-03-18 15:23:00,Mhasrul,99,12,102,44,31,37,123,82,355,37.55,226.98,62.03,Clear,Impatient,9.08,High
2026-03-13 04:57:00,Gangapur Road,38,98,32,42,64,135,90,107,224,44.17,168.55,48.92,Rainy,Neutral,6.45,Normal
2026-03-05 01:28:00,Mumbai Naka,42,61,147,11,28,80,31,150,248,28.34,176.52,48.63,Rainy,Neutral,6.54,Normal
2026-03-16 18:44:00,Satpur MIDC,94,75,113,36,47,136,56,75,310,20.24,211.89,62.52,Foggy,Frustrated,7.48,High
2026-03-17 03:23:00,Mhasrul,72,104,92,135,105,21,80,118,349,26.56,230.47,70.16,Foggy,Frustrated,8.35,High
2026-03-28 12:55:00,Bytco Point,30,148,116,113,62,124,138,47,346,33.69,226.67,64.97,Overcast,Frustrated,9.63,High
2026-03-10 20:49:00,Gangapur Road,112,43,115,108,113,139,148,117,488,35.86,297.16,114.53,Foggy,Frustrated,8.2,High
2026-03-25 17:30:00,Mumbai Naka,130,139,30,142,34,107,24,77,218,19.88,167.48,44.25,Clear,Impatient,6.05,Normal
2026-03-09 12:48:00,Panchavati,68,112,142,12,113,96,46,131,369,13.34,234.08,59.22,Foggy,Impatient,5.15,Normal
2026-03-10 03:04:00,Deolali Camp,81,106,149,121,48,146,63,58,341,26.89,225.07,65.29,Foggy,Frustrated,9.2,High
2026-03-28 15:58:00,Sinnar Phata,144,118,84,64,125,116,72,51,425,18.76,272.02,77.71,Clear,Frustrated,8.41,High
2026-03-05 05:50:00,Makhmalabad,22,37,49,89,21,14,103,22,195,43.68,153.85,43.43,Rainy,Impatient,5.71,Normal
2026-03-05 10:10:00,College Road,17,108,25,33,64,105,128,133,234,44.65,164.62,53.33,Rainy,Neutral,8.44,High
2026-03-13 15:57:00,Indira Nagar,149,87,55,92,111,114,149,29,464,10.52,291.99,107.07,Overcast,Impatient,7.14,High
2026-03-24 02:39:00,Makhmalabad,47,49,34,46,10,125,18,147,109,24.63,99.69,24.26,Foggy,Neutral,2.18,Normal
2026-03-06 12:05:00,Trimbak Naka,93,120,66,10,42,19,146,74,347,20.13,218.89,70.72,Rainy,Frustrated,10.0,High
2026-03-26 13:57:00,Govind Nagar,99,54,122,49,110,77,113,138,444,47.86,271.21,93.8,Rainy,Frustrated,10.0,High
2026-03-09 14:14:00,Rane Nagar,131,31,125,121,72,99,133,17,461,25.01,270.61,88.84,Clear,Anxious,9.15,High
2026-03-15 03:42:00,Gangapur Road,53,52,84,106,118,19,32,145,287,43.03,193.23,54.39,Clear,Impatient,6.11,Normal
2026-03-03 23:22:00,Gangapur Road,43,37,111,103,82,133,86,38,322,28.54,210.99,73.63,Rainy,Impatient,8.85,High
2026-03-04 00:31:00,Ashok Stambh,58,108,77,20,121,101,111,62,367,23.15,228.99,62.98,Rainy,Frustrated,9.83,High
2026-03-25 02:04:00,Satpur MIDC,102,20,45,113,21,75,84,33,252,24.1,176.89,42.75,Rainy,Neutral,7.23,High
2026-03-15 18:03:00,Dwarka Circle,85,126,126,39,63,31,69,72,343,30.33,213.58,56.4,Foggy,Impatient,6.82,Normal
2026-03-23 12:13:00,Adgaon Naka,89,86,126,128,50,138,42,22,307,41.56,204.91,51.66,Overcast,Impatient,5.39,Normal
2026-03-20 16:25:00,CBS Circle,97,140,21,10,76,60,37,54,231,13.22,167.41,43.05,Foggy,Impatient,5.55,Normal
2026-03-08 19:51:00,Patherdi Phata,44,46,121,15,63,98,108,76,336,25.04,213.27,67.11,Foggy,Anxious,9.57,High
2026-03-10 16:04:00,Deolali Camp,144,143,33,114,29,122,80,75,286,18.38,192.15,64.2,Rainy,Anxious,10.0,High
2026-03-04 02:18:00,Mumbai Naka,69,63,62,143,131,122,106,109,368,38.55,239.81,84.95,Overcast,Impatient,9.1,High
2026-03-21 17:12:00,Satpur MIDC,45,59,51,14,104,90,26,102,226,41.11,161.08,43.45,Overcast,Impatient,4.2,Normal
2026-03-29 01:40:00,College Road,28,68,22,122,113,117,31,143,194,19.64,152.35,45.41,Rainy,Impatient,8.49,High
2026-03-29 16:35:00,Bytco Point,138,39,45,149,129,143,35,66,347,26.65,225.55,64.85,Clear,Impatient,8.69,High
2026-03-15 00:30:00,Makhmalabad,51,144,18,146,75,53,65,15,209,26.53,149.89,41.33,Overcast,Neutral,5.84,Normal
2026-03-20 00:06:00,Makhmalabad,127,126,73,142,49,45,142,83,391,38.26,241.24,84.47,Clear,Impatient,7.18,High
2026-03-05 14:26:00,Deolali Camp,64,136,86,129,46,46,43,14,239,14.55,168.17,51.22,Overcast,Impatient,6.1,Normal
2026-03-09 13:20:00,Gangapur Road,27,74,61,95,143,70,95,76,326,14.22,206.66,52.68,Overcast,Neutral,4.69,Normal
2026-03-28 18:27:00,Deolali Camp,54,138,105,124,76,128,69,103,304,17.04,196.34,72.91,Foggy,Anxious,7.37,High
2026-03-25 23:09:00,Sinnar Phata,47,132,21,17,52,69,93,82,213,27.83,162.03,37.49,Rainy,Impatient,6.79,Normal
2026-03-01 15:31:00,Sinnar Phata,52,79,112,39,63,79,135,82,362,38.35,229.77,77.66,Rainy,Anxious,10.0,High
2026-03-03 13:36:00,Mumbai Naka,89,42,77,90,107,10,119,83,392,41.32,251.45,67.09,Rainy,Frustrated,10.0,High
2026-03-02 03:06:00,Govind Nagar,126,79,63,149,33,122,25,135,247,20.45,173.07,48.78,Clear,Neutral,5.29,Normal
2026-03-22 01:50:00,Indira Nagar,145,106,63,144,134,10,25,122,367,53.89,232.0,70.29,Rainy,Anxious,10.0,High
2026-03-17 22:14:00,Patherdi Phata,79,65,106,133,43,13,148,119,376,26.06,243.66,76.89,Clear,Anxious,7.36,High
2026-03-20 17:45:00,Mumbai Naka,147,127,17,95,119,30,33,106,316,14.3,202.9,60.74,Overcast,Frustrated,9.09,High
2026-03-21 16:11:00,Mumbai Naka,19,63,89,127,136,23,149,48,393,15.04,237.1,83.05,Foggy,Impatient,8.04,High
2026-03-22 06:18:00,Deolali Camp,96,109,106,103,40,70,144,57,386,21.86,235.52,89.64,Clear,Impatient,9.28,High
2026-03-09 10:54:00,Satpur MIDC,146,71,122,100,106,63,145,60,519,15.72,301.87,103.13,Overcast,Anxious,7.16,High
2026-03-24 16:20:00,Mhasrul,19,22,146,73,71,53,126,124,362,15.38,234.45,60.63,Rainy,Frustrated,9.1,High
2026-03-03 20:37:00,College Road,101,17,99,100,61,18,113,112,374,35.48,244.5,75.99,Foggy,Anxious,7.77,High
2026-03-08 17:11:00,Govind Nagar,24,115,135,30,100,17,102,44,361,13.25,226.47,71.46,Foggy,Frustrated,7.07,High
2026-03-23 15:58:00,Makhmalabad,123,112,143,131,87,94,97,70,450,28.75,267.07,105.71,Overcast,Anxious,7.85,High
2026-03-23 13:21:00,Satpur MIDC,64,116,68,10,16,139,68,129,216,36.21,158.02,40.79,Clear,Neutral,6.76,Normal
2026-03-03 06:19:00,Sinnar Phata,23,132,106,44,101,32,107,122,337,29.43,210.76,79.02,Overcast,Impatient,9.93,High
2026-03-06 14:41:00,Patherdi Phata,119,96,27,133,44,24,41,125,231,44.19,159.84,50.03,Rainy,Neutral,8.19,High
2026-03-22 23:21:00,Panchavati,26,116,26,144,120,71,49,65,221,33.73,154.89,42.11,Clear,Neutral,5.41,Normal
2026-03-15 01:05:00,Ashok Stambh,149,88,20,15,147,33,24,89,340,26.66,216.53,72.11,Overcast,Impatient,7.64,High
2026-03-03 09:49:00,Govind Nagar,22,142,77,144,91,103,73,31,263,27.67,175.97,56.93,Clear,Impatient,6.71,Normal
2026-03-17 11:57:00,Trimbak Naka,16,141,14,56,33,11,105,14,168,53.48,128.64,31.59,Foggy,Neutral,4.83,Normal
2026-03-08 18:00:00,Govind Nagar,45,137,74,63,33,101,123,73,275,33.18,194.24,45.41,Clear,Neutral,5.36,Normal
2026-03-03 23:22:00,Indira Nagar,66,49,82,138,141,105,34,142,323,35.69,212.14,76.16,Rainy,Anxious,8.82,High
2026-03-05 00:37:00,Indira Nagar,70,92,50,15,105,100,31,35,256,23.75,183.1,42.24,Clear,Neutral,6.26,Normal
2026-03-11 05:06:00,College Road,78,63,134,140,140,16,106,24,458,17.42,276.98,94.78,Foggy,Anxious,7.84,High
2026-03-05 15:53:00,Panchavati,53,58,56,147,28,117,60,144,197,26.28,139.76,39.04,Foggy,Neutral,4.35,Normal
2026-03-01 11:27:00,Patherdi Phata,35,98,25,121,24,70,115,136,199,29.14,142.75,35.16,Clear,Neutral,5.99,Normal
2026-03-22 12:38:00,Adgaon Naka,18,125,138,134,139,137,13,87,308,17.12,194.97,65.32,Rainy,Frustrated,10.0,High
2026-03-08 09:13:00,Trimbak Naka,27,114,42,24,83,14,15,26,167,38.16,124.32,29.82,Overcast,Neutral,2.21,Normal
2026-03-25 20:55:00,College Road,55,128,46,140,65,44,74,126,240,23.58,177.04,47.23,Rainy,Impatient,5.72,Normal
2026-03-17 07:19:00,Sinnar Phata,101,98,73,125,91,104,48,54,313,26.46,214.29,58.8,Overcast,Impatient,6.25,Normal
2026-03-25 10:20:00,Mhasrul,123,19,128,28,16,43,42,142,309,48.45,197.76,56.58,Rainy,Neutral,6.57,Normal
2026-03-19 07:55:00,Trimbak Naka,68,150,107,28,31,127,21,78,227,14.42,167.51,52.86,Overcast,Neutral,5.06,Normal
2026-03-23 20:58:00,Makhmalabad,98,29,104,86,78,53,71,114,351,34.5,216.59,68.46,Rainy,Impatient,10.0,High
2026-03-23 17:05:00,Panchavati,99,144,15,71,122,49,32,77,268,26.26,189.59,63.38,Overcast,Impatient,7.88,High
2026-03-18 13:36:00,Bytco Point,116,65,70,63,17,129,112,122,315,40.25,201.9,55.67,Clear,Neutral,6.23,Normal
2026-03-11 07:32:00,Mhasrul,85,63,23,78,15,37,87,122,210,54.9,150.63,47.14,Clear,Impatient,6.39,Normal
2026-03-15 13:29:00,Indira Nagar,117,146,40,13,122,142,92,68,371,50.66,227.41,83.77,Foggy,Anxious,9.86,High
2026-03-09 10:30:00,Indira Nagar,39,21,48,46,124,15,53,110,264,39.42,190.53,46.39,Clear,Neutral,6.99,Normal
2026-03-07 07:27:00,Dwarka Circle,88,130,36,128,114,60,63,11,301,42.66,208.02,58.41,Overcast,Neutral,4.29,Normal
2026-03-18 09:41:00,Nashik Road,46,21,132,83,71,10,67,78,316,16.91,216.86,56.47,Overcast,Neutral,5.82,Normal
2026-03-20 00:06:00,Mhasrul,145,88,65,78,83,60,62,20,355,37.69,220.29,62.58,Rainy,Impatient,9.37,High
2026-03-11 21:21:00,Makhmalabad,76,147,44,63,34,124,64,150,218,19.17,163.03,43.28,Clear,Impatient,5.16,Normal
2026-03-13 01:36:00,Indira Nagar,69,58,22,72,68,21,98,118,257,21.94,180.33,58.56,Rainy,Impatient,7.4,High
2026-03-21 08:12:00,Dwarka Circle,80,40,139,146,12,13,83,16,314,27.87,199.59,68.29,Overcast,Frustrated,7.19,High
2026-03-11 11:45:00,Dwarka Circle,117,135,45,22,36,65,104,59,302,34.35,208.51,48.46,Rainy,Impatient,7.42,High
2026-03-07 05:45:00,Gangapur Road,50,32,47,35,12,11,16,35,125,33.58,104.26,27.67,Overcast,Neutral,1.41,Normal
2026-03-25 12:02:00,Sinnar Phata,54,13,110,43,40,143,112,32,316,23.97,203.49,74.17,Overcast,Frustrated,8.23,High
2026-03-07 22:32:00,Govind Nagar,54,58,89,120,113,55,111,80,367,40.78,240.13,64.7,Foggy,Frustrated,9.42,High
2026-03-11 19:42:00,Makhmalabad,133,69,132,31,95,40,124,105,484,16.58,291.3,89.28,Foggy,Anxious,7.68,High
2026-03-06 13:13:00,Ashok Stambh,126,83,91,119,36,10,126,108,379,54.61,246.56,81.83,Rainy,Frustrated,9.67,High
2026-03-05 17:33:00,Govind Nagar,46,16,61,104,117,140,97,148,321,14.05,205.89,59.08,Overcast,Neutral,5.41,Normal
2026-03-24 21:28:00,College Road,13,75,105,75,25,128,31,72,174,41.4,131.48,38.56,Rainy,Neutral,6.59,Normal
2026-03-16 10:32:00,Mhasrul,62,142,132,87,76,125,84,75,354,52.5,228.47,70.61,Rainy,Frustrated,9.87,High
2026-03-28 21:12:00,Adgaon Naka,39,118,113,16,82,46,117,102,351,46.81,217.5,71.7,Overcast,Anxious,7.91,High
2026-03-22 15:19:00,Mumbai Naka,49,115,62,126,56,120,132,73,299,54.26,203.77,56.3,Clear,Neutral,5.08,Normal
2026-03-27 05:12:00,Bytco Point,80,94,136,15,113,107,78,46,407,27.7,259.55,80.61,Rainy,Anxious,10.0,High
2026-03-12 11:42:00,Panchavati,53,137,44,111,82,22,111,30,290,41.99,193.04,48.14,Overcast,Impatient,4.92,Normal
2026-03-09 15:50:00,Dwarka Circle,72,118,108,41,56,125,128,48,364,45.27,237.55,68.41,Foggy,Anxious,9.94,High
2026-03-27 17:29:00,Trimbak Naka,133,125,20,13,74,64,88,85,315,24.95,199.01,50.81,Rainy,Neutral,6.73,Normal
2026-03-20 09:28:00,Sinnar Phata,115,61,70,11,30,17,40,120,255,52.68,187.07,42.19,Overcast,Neutral,5.08,Normal
2026-03-06 14:29:00,Makhmalabad,17,57,111,63,41,21,91,101,260,12.68,187.44,50.56,Overcast,Neutral,6.55,Normal
2026-03-22 02:06:00,Sinnar Phata,145,128,45,90,82,28,53,133,325,34.09,214.6,67.85,Rainy,Anxious,9.4,High
2026-03-21 16:04:00,CBS Circle,101,131,62,58,124,50,132,99,419,30.16,265.47,80.01,Rainy,Frustrated,10.0,High
2026-03-01 10:11:00,Adgaon Naka,65,51,135,10,33,117,62,103,295,45.57,188.7,51.01,Overcast,Impatient,4.04,Normal
2026-03-26 05:02:00,Gangapur Road,116,111,81,96,85,136,15,129,297,19.93,208.34,48.01,Clear,Neutral,4.95,Normal
2026-03-16 21:24:00,Govind Nagar,116,25,35,62,34,131,80,135,265,20.36,192.02,46.43,Overcast,Neutral,6.58,Normal
2026-03-26 00:39:00,Ashok Stambh,150,73,33,133,14,64,18,109,215,23.57,159.68,37.01,Overcast,Neutral,5.1,Normal
2026-03-27 20:38:00,Panchavati,56,91,24,14,61,34,70,97,211,24.1,148.43,47.96,Clear,Impatient,6.28,Normal
2026-03-22 23:32:00,Nashik Road,25,118,134,39,26,132,136,150,321,49.81,202.64,73.08,Overcast,Frustrated,8.86,High
2026-03-16 21:16:00,Mumbai Naka,124,23,77,79,45,29,57,67,303,30.65,195.66,67.63,Rainy,Impatient,9.54,High
2026-03-05 17:54:00,Patherdi Phata,116,53,62,136,85,102,64,15,327,24.63,211.87,59.14,Clear,Impatient,4.56,Normal
2026-03-21 18:51:00,Govind Nagar,82,46,111,115,74,52,146,149,413,12.85,260.53,74.77,Rainy,Frustrated,8.51,High
2026-03-09 08:48:00,Bytco Point,87,143,55,142,147,83,41,93,330,30.06,213.03,74.12,Clear,Frustrated,7.97,High
2026-03-25 17:54:00,Mumbai Naka,137,70,63,88,32,10,72,22,304,56.73,195.78,66.37,Clear,Impatient,8.53,High
2026-03-30 05:34:00,Rane Nagar,94,121,53,30,142,138,41,133,330,19.36,219.7,72.91,Clear,Impatient,7.79,High
2026-03-07 23:55:00,Panchavati,46,53,137,55,88,118,143,43,414,42.99,254.72,84.27,Overcast,Anxious,7.85,High
2026-03-06 15:02:00,Mumbai Naka,77,87,30,80,111,54,65,56,283,52.57,196.79,59.28,Clear,Neutral,6.01,Normal
2026-03-15 02:35:00,College Road,84,101,129,69,29,133,67,15,309,53.66,214.3,72.05,Overcast,Frustrated,9.67,High
2026-03-09 13:09:00,CBS Circle,96,17,146,94,119,13,116,41,477,39.8,296.69,102.6,Foggy,Anxious,7.99,High
2026-03-02 09:44:00,Deolali Camp,106,125,88,134,54,44,139,143,387,47.07,247.79,90.58,Clear,Frustrated,7.64,High
2026-03-03 00:48:00,Adgaon Naka,92,118,100,31,150,43,112,114,454,43.13,272.32,80.44,Foggy,Anxious,9.71,High
2026-03-20 01:02:00,Patherdi Phata,54,118,105,18,68,31,19,11,246,47.76,175.83,58.43,Clear,Impatient,5.29,Normal
2026-03-03 13:52:00,Bytco Point,129,58,22,138,45,68,59,48,255,48.96,172.9,54.79,Clear,Neutral,6.05,Normal
2026-03-28 21:40:00,CBS Circle,133,115,51,70,101,29,139,68,424,22.24,260.22,97.85,Clear,Impatient,7.77,High
2026-03-21 12:39:00,Patherdi Phata,91,101,92,103,77,122,107,28,367,29.11,228.36,85.51,Clear,Anxious,9.25,High
2026-03-28 10:22:00,Makhmalabad,128,30,44,108,94,141,147,129,413,26.82,252.04,75.43,Clear,Frustrated,8.9,High
2026-03-01 04:15:00,CBS Circle,111,75,134,65,11,58,21,118,277,34.82,185.66,46.04,Foggy,Impatient,4.33,Normal
2026-03-15 10:27:00,Mhasrul,109,144,118,142,133,25,28,52,388,43.77,239.0,88.83,Rainy,Frustrated,9.23,High
2026-03-04 09:28:00,Nashik Road,65,40,98,26,64,24,145,80,372,15.35,228.85,80.91,Rainy,Impatient,10.0,High
2026-03-13 00:41:00,Sinnar Phata,133,127,16,98,54,21,111,108,314,43.38,210.89,59.4,Foggy,Impatient,6.43,Normal
2026-03-12 21:12:00,Adgaon Naka,124,33,28,23,92,141,134,99,378,19.65,242.43,68.37,Foggy,Anxious,7.77,High
2026-03-24 16:01:00,Mumbai Naka,124,144,39,130,133,89,111,29,407,23.65,243.91,81.96,Overcast,Frustrated,8.3,High
2026-03-18 00:04:00,Dwarka Circle,15,34,100,80,18,134,110,78,243,26.17,167.79,55.56,Foggy,Neutral,4.84,Normal
2026-03-10 06:15:00,Sinnar Phata,27,89,20,53,31,67,91,57,169,54.13,134.65,27.55,Rainy,Satisfied,3.29,Normal
2026-03-28 09:40:00,Deolali Camp,139,55,105,60,124,73,28,134,396,49.63,246.52,90.69,Foggy,Anxious,9.31,High
2026-03-19 10:36:00,Makhmalabad,140,114,60,75,16,131,38,149,254,42.04,180.28,58.99,Clear,Neutral,4.52,Normal
2026-03-30 00:18:00,Mumbai Naka,72,49,41,10,106,126,107,73,326,20.66,220.79,64.34,Rainy,Impatient,10.0,High
2026-03-22 00:55:00,Satpur MIDC,54,97,15,103,50,84,92,25,211,53.17,160.96,48.26,Rainy,Neutral,7.71,High
2026-03-15 12:00:00,Nashik Road,28,87,111,21,70,80,115,20,324,46.69,206.14,70.1,Overcast,Anxious,8.55,High
2026-03-07 01:20:00,Bytco Point,114,134,71,33,50,32,144,103,379,53.17,232.36,65.99,Foggy,Frustrated,7.37,High
2026-03-14 08:11:00,Nashik Road,43,25,100,61,143,46,111,88,397,52.16,242.52,89.96,Rainy,Impatient,10.0,High
2026-03-18 04:16:00,Sinnar Phata,37,16,29,36,21,70,110,69,197,15.49,157.13,45.79,Foggy,Neutral,6.99,Normal
2026-03-16 09:39:00,Mumbai Naka,62,79,92,69,13,16,22,101,189,19.6,136.34,40.43,Rainy,Neutral,5.81,Normal
2026-03-11 06:02:00,Deolali Camp,31,128,51,14,142,106,132,37,356,53.33,225.49,79.31,Overcast,Impatient,8.19,High
2026-03-16 02:25:00,Adgaon Naka,30,18,128,130,126,122,76,141,360,19.18,236.43,74.93,Overcast,Anxious,7.16,High
2026-03-18 09:03:00,Indira Nagar,19,85,86,109,121,66,94,134,320,33.94,202.89,68.43,Foggy,Anxious,9.4,High
2026-03-06 13:25:00,Adgaon Naka,127,111,13,27,140,22,118,128,398,17.5,247.21,66.92,Clear,Impatient,8.33,High
2026-03-25 23:03:00,Adgaon Naka,123,10,40,18,147,89,49,102,359,29.03,221.38,66.11,Foggy,Frustrated,7.82,High
2026-03-28 19:23:00,Deolali Camp,134,92,119,86,86,49,149,111,488,24.56,287.94,84.04,Rainy,Impatient,10.0,High
2026-03-03 15:10:00,Mhasrul,122,121,121,90,28,96,43,43,314,36.87,199.82,63.92,Rainy,Anxious,10.0,High
2026-03-09 23:18:00,Adgaon Naka,37,30,130,29,110,135,66,139,343,49.28,219.6,62.3,Overcast,Impatient,9.39,High
2026-03-25 08:13:00,Satpur MIDC,17,110,102,124,147,134,89,119,355,43.57,223.38,58.43,Clear,Impatient,6.14,Normal
2026-03-30 20:30:00,Makhmalabad,119,34,139,55,19,149,113,19,390,45.32,235.6,92.32,Clear,Impatient,8.18,High
2026-03-13 17:04:00,Govind Nagar,52,41,25,51,67,56,51,53,195,49.99,143.4,33.6,Foggy,Neutral,5.12,Normal
2026-03-21 13:16:00,Ashok Stambh,76,14,52,150,121,13,15,42,264,35.37,181.37,47.98,Clear,Neutral,5.73,Normal
2026-03-16 00:40:00,Makhmalabad,78,46,148,14,14,18,38,117,278,52.16,192.93,64.76,Rainy,Anxious,10.0,High
2026-03-19 10:18:00,Makhmalabad,70,57,145,32,21,47,72,47,308,40.21,206.86,72.82,Clear,Impatient,8.41,High
2026-03-03 08:03:00,Gangapur Road,82,43,16,139,136,60,44,88,278,48.1,191.99,47.41,Clear,Neutral,5.13,Normal
2026-03-19 03:20:00,Sinnar Phata,150,81,144,97,53,113,150,72,497,26.12,306.06,85.38,Rainy,Frustrated,10.0,High
2026-03-09 15:06:00,Govind Nagar,43,91,18,144,130,22,132,121,323,13.95,221.47,70.16,Foggy,Impatient,8.08,High
2026-03-18 11:49:00,Adgaon Naka,18,115,44,79,17,37,54,63,133,57.39,112.15,29.4,Rainy,Satisfied,5.49,Normal
2026-03-05 15:20:00,College Road,56,123,104,133,87,66,143,64,390,30.66,237.6,80.55,Clear,Frustrated,7.15,High
2026-03-13 11:16:00,Gangapur Road,52,121,102,10,145,56,53,34,352,54.27,218.74,56.76,Rainy,Impatient,6.31,Normal
2026-03-10 05:15:00,Gangapur Road,68,116,59,135,46,75,87,37,260,22.84,178.12,49.18,Clear,Impatient,4.83,Normal
2026-03-19 17:58:00,Rane Nagar,105,126,93,69,142,115,16,110,356,14.64,222.29,75.07,Rainy,Impatient,10.0,High
2026-03-29 06:33:00,Trimbak Naka,129,43,63,49,119,79,12,36,323,32.54,202.21,76.15,Clear,Frustrated,8.15,High
2026-03-06 17:55:00,Adgaon Naka,72,40,72,141,37,91,19,53,200,26.58,142.18,43.98,Rainy,Impatient,7.98,High
2026-03-21 05:43:00,Bytco Point,136,129,131,78,112,127,78,36,457,28.31,272.14,92.3,Foggy,Frustrated,7.76,High
2026-03-03 16:16:00,Adgaon Naka,132,60,125,42,127,53,53,125,437,34.46,266.67,88.09,Rainy,Anxious,10.0,High
2026-03-14 05:10:00,Nashik Road,29,57,26,63,50,89,60,14,165,34.07,138.93,29.24,Overcast,Satisfied,1.47,Normal
2026-03-24 12:43:00,Ashok Stambh,93,118,79,97,54,42,137,126,363,32.18,234.93,65.89,Clear,Impatient,8.55,High
2026-03-10 15:32:00,Patherdi Phata,12,62,48,62,12,131,42,30,114,54.87,103.81,26.31,Foggy,Neutral,3.36,Normal
2026-03-19 17:16:00,College Road,19,96,14,55,18,47,111,44,162,26.31,125.07,29.73,Foggy,Neutral,3.01,Normal
2026-03-02 14:27:00,Deolali Camp,46,146,30,146,135,92,66,35,277,43.08,179.34,45.74,Rainy,Impatient,8.5,High
2026-03-23 03:25:00,Trimbak Naka,131,112,107,48,32,123,142,10,412,41.5,250.6,94.64,Rainy,Impatient,9.88,High
2026-03-09 23:53:00,Bytco Point,77,66,38,85,24,64,105,71,244,50.84,176.3,56.17,Clear,Impatient,6.97,Normal
2026-03-08 04:01:00,College Road,20,132,95,144,75,60,34,142,224,42.22,168.31,49.35,Foggy,Neutral,4.86,Normal
2026-03-27 21:09:00,Ashok Stambh,132,23,33,34,75,84,115,37,355,49.1,227.46,67.94,Foggy,Anxious,7.98,High
2026-03-20 04:20:00,Adgaon Naka,99,124,127,51,118,148,140,118,484,26.3,288.02,85.52,Clear,Anxious,8.41,High
2026-03-27 16:56:00,Sinnar Phata,126,13,114,55,89,140,74,63,403,30.28,251.19,88.32,Rainy,Anxious,9.9,High
2026-03-22 01:34:00,Ashok Stambh,126,23,112,20,109,130,13,117,360,29.03,227.82,80.52,Clear,Anxious,7.38,High
2026-03-24 13:03:00,College Road,59,147,68,75,35,149,28,141,190,43.39,151.05,44.63,Foggy,Impatient,6.76,Normal
2026-03-04 09:58:00,Satpur MIDC,82,90,36,148,32,104,41,61,191,37.83,145.74,38.34,Foggy,Neutral,4.59,Normal
2026-03-15 04:56:00,Mumbai Naka,126,13,37,69,112,148,59,43,334,28.48,216.8,54.19,Clear,Impatient,5.81,Normal
2026-03-19 06:52:00,Dwarka Circle,126,67,133,51,55,17,42,139,356,40.22,223.53,80.53,Overcast,Impatient,9.55,High
2026-03-01 04:01:00,CBS Circle,122,23,90,115,141,75,84,35,437,16.07,277.51,104.67,Rainy,Impatient,8.69,High
2026-03-26 11:40:00,Rane Nagar,93,29,51,132,113,130,109,130,366,26.7,233.46,67.79,Overcast,Anxious,7.3,High
2026-03-05 04:20:00,Makhmalabad,98,107,121,43,121,134,96,10,436,28.84,265.41,95.87,Clear,Frustrated,8.08,High
2026-03-01 10:51:00,Nashik Road,18,129,25,149,95,128,27,28,165,17.34,124.97,38.01,Clear,Neutral,4.45,Normal
2026-03-23 05:40:00,Mhasrul,92,39,74,44,35,134,46,25,247,47.6,164.24,47.91,Overcast,Neutral,6.68,Normal
2026-03-28 11:48:00,Dwarka Circle,93,144,136,36,136,99,64,134,429,47.99,263.93,94.56,Rainy,Impatient,9.43,High
2026-03-09 14:40:00,Deolali Camp,84,60,31,54,34,58,125,81,274,35.76,180.55,56.24,Foggy,Impatient,5.52,Normal
2026-03-18 15:29:00,Dwarka Circle,15,42,134,118,95,113,17,142,261,51.01,188.98,57.46,Clear,Impatient,5.14,Normal
2026-03-27 22:41:00,Bytco Point,23,150,61,129,106,96,38,23,228,29.05,165.49,53.73,Clear,Neutral,4.35,Normal
2026-03-12 07:26:00,Patherdi Phata,118,60,142,68,145,30,87,71,492,32.28,296.72,104.07,Rainy,Impatient,10.0,High
2026-03-15 21:01:00,CBS Circle,133,81,38,139,88,50,80,42,339,28.98,226.49,69.89,Foggy,Anxious,9.35,High
2026-03-18 03:21:00,Indira Nagar,31,18,72,13,31,96,45,122,179,13.47,132.86,39.09,Foggy,Neutral,5.61,Normal
2026-03-03 23:36:00,Nashik Road,144,50,76,37,78,32,88,63,386,27.48,251.47,76.34,Overcast,Frustrated,7.7,High
2026-03-30 20:05:00,Mhasrul,146,120,88,13,131,95,120,86,485,13.28,299.57,77.78,Rainy,Frustrated,8.67,High
2026-03-09 00:07:00,Satpur MIDC,149,108,92,143,72,10,97,43,410,53.04,257.02,73.59,Foggy,Impatient,7.52,High
2026-03-06 11:08:00,Indira Nagar,33,133,24,30,79,134,93,14,229,28.94,170.45,41.94,Foggy,Neutral,4.84,Normal
2026-03-18 09:47:00,Satpur MIDC,128,142,134,135,78,143,114,34,454,17.51,273.31,95.77,Overcast,Anxious,8.57,High
2026-03-22 05:13:00,Ashok Stambh,99,111,58,47,10,42,21,36,188,41.54,136.75,34.26,Rainy,Neutral,6.73,Normal
2026-03-02 15:32:00,Bytco Point,22,85,80,87,17,95,73,138,192,36.18,146.16,41.39,Overcast,Impatient,5.27,Normal
2026-03-21 05:23:00,Indira Nagar,94,135,71,86,17,22,70,12,252,41.75,166.45,50.91,Rainy,Neutral,7.77,High
2026-03-10 19:54:00,College Road,35,128,130,149,26,141,59,19,250,19.63,183.6,50.32,Rainy,Impatient,6.29,Normal
2026-03-11 19:16:00,College Road,133,125,20,27,128,67,147,55,428,32.56,267.29,100.23,Foggy,Impatient,9.94,High
2026-03-03 11:01:00,Mumbai Naka,21,100,131,30,21,57,19,20,192,50.05,137.35,40.03,Foggy,Impatient,5.46,Normal
2026-03-03 09:04:00,Makhmalabad,78,131,114,63,11,106,140,43,343,16.27,220.66,81.42,Clear,Impatient,8.72,High
2026-03-23 23:23:00,CBS Circle,79,84,23,46,89,72,101,147,292,23.55,204.65,55.37,Foggy,Neutral,5.45,Normal
2026-03-19 22:11:00,Adgaon Naka,85,114,83,75,47,87,64,67,279,50.12,181.79,45.76,Overcast,Impatient,4.88,Normal
2026-03-22 21:29:00,Sinnar Phata,105,60,10,88,84,30,106,122,305,43.56,202.19,58.36,Clear,Neutral,6.33,Normal
2026-03-21 17:42:00,CBS Circle,107,86,118,49,71,37,22,19,318,13.82,207.75,56.06,Rainy,Neutral,6.42,Normal
2026-03-09 15:58:00,Gangapur Road,38,102,113,126,127,70,58,120,336,29.84,213.78,68.59,Overcast,Frustrated,7.42,High
2026-03-09 19:04:00,Nashik Road,44,96,48,119,63,108,81,86,236,47.46,162.87,52.0,Clear,Impatient,4.52,Normal
2026-03-28 08:48:00,Satpur MIDC,83,53,29,137,103,107,10,94,225,49.78,163.11,40.23,Foggy,Neutral,5.05,Normal
2026-03-10 16:27:00,Deolali Camp,17,36,145,52,44,82,43,93,249,56.39,171.73,54.86,Clear,Impatient,4.33,Normal
2026-03-28 05:53:00,Nashik Road,76,76,128,119,123,32,117,90,444,31.96,273.9,71.39,Rainy,Anxious,9.98,High
2026-03-14 17:35:00,Adgaon Naka,96,43,150,35,51,55,139,114,436,21.05,272.83,91.38,Rainy,Anxious,10.0,High
2026-03-02 13:53:00,College Road,24,28,110,114,26,133,38,20,198,42.01,148.41,37.96,Foggy,Impatient,5.06,Normal
2026-03-30 19:31:00,Satpur MIDC,104,140,138,68,115,43,15,52,372,37.35,241.8,69.0,Clear,Anxious,9.29,High
2026-03-17 17:02:00,Rane Nagar,85,27,61,16,107,84,87,14,340,23.72,217.9,69.36,Foggy,Impatient,8.28,High
2026-03-06 09:03:00,Govind Nagar,54,111,143,145,44,128,60,22,301,36.45,208.03,58.88,Rainy,Impatient,8.47,High
2026-03-24 00:14:00,CBS Circle,78,118,137,112,20,10,137,28,372,28.69,241.1,65.64,Foggy,Frustrated,9.87,High
2026-03-29 11:02:00,Trimbak Naka,81,43,51,86,110,101,150,84,392,41.45,247.33,65.88,Overcast,Anxious,9.62,High
2026-03-16 22:26:00,Gangapur Road,53,110,35,111,51,51,106,55,245,24.18,178.11,39.37,Rainy,Impatient,6.62,Normal
2026-03-27 12:21:00,Rane Nagar,143,46,42,127,131,102,67,66,383,14.46,246.76,77.46,Clear,Impatient,7.62,High
2026-03-12 15:21:00,Satpur MIDC,110,31,88,53,19,126,29,46,246,56.55,171.64,56.99,Overcast,Neutral,4.44,Normal
2026-03-28 10:42:00,CBS Circle,44,46,144,37,77,84,63,26,328,52.24,214.0,58.73,Foggy,Neutral,5.83,Normal
2026-03-03 21:18:00,Mhasrul,56,150,137,136,84,43,130,66,407,33.59,261.07,85.66,Rainy,Frustrated,10.0,High
2026-03-18 05:26:00,Indira Nagar,25,79,40,93,105,86,123,135,293,23.47,192.08,66.56,Clear,Anxious,9.32,High
2026-03-23 21:14:00,Satpur MIDC,134,52,16,119,144,132,11,55,305,15.69,196.58,60.18,Foggy,Anxious,9.79,High
2026-03-08 09:21:00,Patherdi Phata,68,132,150,15,25,17,132,128,375,30.74,243.14,73.46,Rainy,Frustrated,10.0,High
2026-03-17 19:18:00,Sinnar Phata,124,56,82,93,78,43,104,140,388,29.25,234.93,76.9,Overcast,Anxious,9.86,High
2026-03-04 14:29:00,Rane Nagar,75,72,122,103,104,150,24,76,325,42.16,214.79,66.24,Rainy,Impatient,9.87,High
2026-03-04 20:43:00,Rane Nagar,57,32,14,129,24,144,87,106,182,55.47,143.41,30.56,Foggy,Impatient,4.93,Normal
2026-03-08 02:03:00,Mhasrul,106,32,117,97,42,73,64,83,329,16.87,219.62,61.84,Foggy,Frustrated,9.72,High
2026-03-10 21:46:00,Mhasrul,111,26,102,122,77,131,98,31,388,49.57,252.99,72.75,Rainy,Impatient,10.0,High
2026-03-12 23:12:00,Ashok Stambh,100,60,15,75,124,131,94,80,333,33.04,226.21,74.18,Rainy,Anxious,10.0,High
2026-03-02 01:57:00,Mhasrul,58,47,93,41,26,84,43,130,220,51.76,160.54,41.41,Rainy,Impatient,8.28,High
2026-03-15 19:40:00,Patherdi Phata,126,110,30,148,140,83,25,70,321,43.38,214.89,61.97,Clear,Anxious,7.7,High
2026-03-09 01:56:00,Bytco Point,113,127,110,98,102,91,111,103,436,41.56,273.3,69.94,Clear,Frustrated,9.66,High
2026-03-05 04:18:00,Mhasrul,34,39,100,121,108,147,74,51,316,23.42,209.05,52.76,Clear,Impatient,5.85,Normal
2026-03-07 01:49:00,Trimbak Naka,23,87,52,99,116,133,36,34,227,19.86,171.32,49.39,Rainy,Impatient,7.5,High
2026-03-06 04:50:00,Gangapur Road,41,116,23,122,37,129,72,37,173,32.6,129.26,35.39,Overcast,Neutral,6.39,Normal
2026-03-05 18:15:00,Patherdi Phata,71,30,34,60,31,99,123,138,259,22.59,173.21,48.63,Rainy,Neutral,7.58,High
2026-03-17 09:31:00,Deolali Camp,45,115,37,87,36,54,113,120,231,19.49,173.77,38.2,Overcast,Impatient,4.31,Normal
2026-03-08 22:19:00,Panchavati,31,83,130,140,94,42,82,70,337,33.72,228.21,70.05,Foggy,Frustrated,7.76,High
2026-03-23 12:19:00,Deolali Camp,45,82,86,73,47,71,51,124,229,31.05,157.22,40.61,Clear,Neutral,5.52,Normal
2026-03-22 12:52:00,Satpur MIDC,132,43,129,14,55,45,109,43,425,33.83,260.96,86.17,Overcast,Impatient,9.1,High
2026-03-17 20:11:00,Gangapur Road,115,108,16,44,12,103,117,42,260,49.51,171.06,44.87,Overcast,Impatient,4.36,Normal
2026-03-18 02:28:00,Deolali Camp,79,24,110,25,135,140,43,42,367,16.48,229.54,80.17,Foggy,Frustrated,9.15,High
2026-03-28 23:22:00,Bytco Point,58,79,24,135,98,129,125,76,305,24.75,200.83,60.31,Clear,Impatient,7.8,High
2026-03-24 05:18:00,Indira Nagar,59,129,118,76,140,29,135,26,452,17.17,275.26,81.62,Foggy,Frustrated,8.97,High
2026-03-13 05:05:00,Gangapur Road,16,119,16,21,73,67,90,45,195,34.69,156.81,35.23,Foggy,Neutral,6.3,Normal
2026-03-02 01:06:00,Mhasrul,66,98,137,87,90,122,35,74,328,52.51,208.42,65.0,Overcast,Anxious,9.69,High
2026-03-11 10:23:00,Govind Nagar,46,51,87,94,148,63,56,29,337,13.53,221.79,63.25,Clear,Impatient,8.02,High
2026-03-12 13:20:00,Panchavati,113,94,128,114,115,132,38,41,394,27.44,256.89,71.13,Clear,Impatient,8.35,High
2026-03-04 11:13:00,Makhmalabad,43,63,142,134,23,57,105,121,313,22.05,197.92,57.41,Clear,Impatient,5.42,Normal
2026-03-29 16:50:00,Satpur MIDC,22,46,51,47,29,62,31,133,133,48.56,121.43,31.39,Clear,Impatient,5.62,Normal
2026-03-02 08:26:00,Patherdi Phata,122,22,93,98,148,93,55,148,418,45.38,253.9,67.65,Foggy,Frustrated,9.17,High
2026-03-10 11:52:00,Makhmalabad,33,72,74,62,11,122,71,64,189,19.17,145.12,42.88,Rainy,Neutral,6.48,Normal
2026-03-17 10:41:00,Ashok Stambh,75,21,85,140,114,128,47,136,321,36.52,209.99,55.41,Rainy,Impatient,5.81,Normal
2026-03-01 02:58:00,Mumbai Naka,109,121,89,120,125,110,133,49,456,38.37,270.13,103.24,Foggy,Anxious,8.9,High
2026-03-24 23:06:00,College Road,78,10,17,26,64,47,115,14,274,13.99,194.25,46.8,Foggy,Neutral,5.74,Normal
2026-03-20 00:54:00,Indira Nagar,61,88,71,20,61,111,71,42,264,24.85,175.59,61.17,Rainy,Frustrated,10.0,High
2026-03-19 04:36:00,College Road,146,25,139,102,95,36,117,150,497,29.79,300.62,104.03,Rainy,Impatient,9.23,High
2026-03-29 14:39:00,Panchavati,63,99,96,109,11,112,25,124,195,24.76,142.92,38.25,Overcast,Impatient,6.67,Normal
2026-03-11 03:16:00,Mumbai Naka,48,129,16,95,63,67,90,64,217,50.99,154.23,45.01,Clear,Neutral,6.43,Normal
2026-03-25 20:33:00,Trimbak Naka,105,48,87,56,86,100,103,133,381,37.21,232.62,70.32,Rainy,Frustrated,10.0,High
2026-03-22 00:25:00,Govind Nagar,73,41,124,70,149,110,78,118,424,52.58,252.18,87.12,Foggy,Impatient,9.69,High
2026-03-02 10:40:00,Trimbak Naka,64,69,75,108,77,79,82,71,298,37.99,198.29,57.43,Rainy,Impatient,5.65,Normal
2026-03-14 08:03:00,Adgaon Naka,73,84,11,116,63,70,144,63,291,14.26,195.68,60.03,Clear,Impatient,9.04,High
2026-03-24 18:55:00,CBS Circle,145,33,48,111,67,81,27,68,287,54.63,197.51,51.14,Overcast,Impatient,4.45,Normal
2026-03-25 09:03:00,Dwarka Circle,99,127,27,56,123,16,57,100,306,29.64,194.74,56.46,Foggy,Impatient,6.3,Normal
2026-03-12 13:25:00,Rane Nagar,14,18,144,141,28,75,16,43,202,23.6,157.89,45.32,Foggy,Impatient,5.47,Normal
2026-03-26 20:44:00,Panchavati,27,44,130,38,48,54,31,107,236,30.71,161.26,43.01,Clear,Neutral,5.24,Normal
2026-03-24 21:38:00,Indira Nagar,118,150,33,12,111,79,136,24,398,35.71,258.16,68.51,Foggy,Impatient,9.57,High
2026-03-17 09:26:00,Nashik Road,104,55,79,77,11,84,123,51,317,54.14,201.72,63.56,Clear,Frustrated,7.57,High
2026-03-18 02:11:00,Govind Nagar,93,113,86,59,26,69,138,85,343,40.25,225.2,69.47,Rainy,Impatient,9.55,High
2026-03-16 13:00:00,Sinnar Phata,10,92,59,117,132,105,55,123,256,52.37,170.52,45.5,Overcast,Impatient,5.8,Normal
2026-03-01 22:32:00,Govind Nagar,29,89,138,43,131,137,112,83,410,28.75,245.99,97.19,Clear,Impatient,9.08,High
2026-03-24 05:23:00,Deolali Camp,100,19,40,34,90,54,36,40,266,56.82,188.43,43.3,Rainy,Neutral,6.2,Normal
2026-03-10 20:28:00,Adgaon Naka,82,82,83,20,94,90,67,116,326,47.98,215.39,53.19,Clear,Impatient,5.81,Normal
2026-03-25 15:00:00,Satpur MIDC,65,37,67,84,49,48,117,33,298,52.97,200.78,50.97,Clear,Impatient,4.23,Normal
2026-03-28 11:01:00,Makhmalabad,110,50,126,73,23,11,110,129,369,51.79,225.98,60.58,Clear,Anxious,8.08,High
2026-03-03 12:07:00,Adgaon Naka,98,140,34,107,55,25,94,104,281,49.29,195.68,52.71,Foggy,Impatient,6.5,Normal
2026-03-24 12:24:00,Deolali Camp,59,98,104,23,54,74,136,70,353,36.77,233.88,63.14,Foggy,Impatient,7.37,High
2026-03-01 23:35:00,Nashik Road,59,131,47,89,66,37,41,146,213,47.85,159.97,36.91,Foggy,Neutral,6.32,Normal
2026-03-18 19:34:00,Mhasrul,94,44,12,64,138,68,139,113,383,21.75,236.97,90.2,Rainy,Anxious,9.78,High
2026-03-13 12:33:00,Makhmalabad,124,68,118,149,112,11,26,52,380,20.97,245.92,83.55,Rainy,Frustrated,10.0,High
2026-03-27 08:14:00,Gangapur Road,85,21,87,136,143,61,81,33,396,29.22,251.91,86.71,Foggy,Frustrated,7.47,High
2026-03-15 13:55:00,Makhmalabad,101,97,76,99,93,122,18,117,288,53.48,199.17,63.43,Clear,Anxious,7.69,High
2026-03-13 23:26:00,Deolali Camp,106,27,31,136,96,142,90,113,323,43.53,214.72,63.67,Overcast,Anxious,9.43,High
2026-03-02 08:57:00,Makhmalabad,60,146,41,130,60,128,133,22,294,51.71,204.81,69.66,Rainy,Impatient,10.0,High
2026-03-30 09:30:00,Dwarka Circle,109,111,107,39,137,101,97,76,450,46.51,271.55,102.47,Overcast,Frustrated,8.48,High
2026-03-28 15:31:00,College Road,25,131,12,11,144,60,74,41,255,33.04,186.36,59.17,Foggy,Neutral,6.76,Normal
2026-03-25 03:18:00,Gangapur Road,11,130,87,60,112,104,141,62,351,36.23,233.23,63.31,Clear,Anxious,7.18,High
2026-03-03 00:24:00,Adgaon Naka,111,136,129,12,124,123,41,11,405,32.1,254.78,95.69,Foggy,Impatient,8.43,High
2026-03-09 05:07:00,Mhasrul,74,95,102,64,45,93,12,90,233,19.21,161.83,44.82,Clear,Impatient,6.81,Normal
2026-03-11 06:07:00,Makhmalabad,43,113,93,85,47,48,67,66,250,22.67,176.89,52.43,Rainy,Neutral,6.71,Normal
2026-03-24 16:45:00,Trimbak Naka,49,20,89,35,28,19,30,146,196,22.61,146.02,43.76,Clear,Neutral,5.33,Normal
2026-03-16 02:17:00,Deolali Camp,85,143,71,69,58,50,138,76,352,42.75,232.45,70.55,Overcast,Anxious,9.57,High
2026-03-18 07:13:00,Adgaon Naka,112,66,29,20,128,118,90,18,359,30.21,228.53,84.62,Overcast,Anxious,9.18,High
2026-03-05 13:27:00,Adgaon Naka,92,49,49,88,81,70,54,14,276,33.47,187.09,45.9,Clear,Neutral,4.69,Normal
2026-03-25 19:45:00,Govind Nagar,138,91,49,150,54,27,19,56,260,50.71,188.17,56.79,Clear,Impatient,6.87,Normal
2026-03-03 04:06:00,Govind Nagar,10,28,80,104,121,134,55,60,266,31.55,187.08,59.62,Clear,Neutral,6.66,Normal
2026-03-07 22:48:00,Satpur MIDC,114,107,55,54,138,11,112,19,419,17.35,254.16,67.81,Foggy,Frustrated,9.27,High
2026-03-15 07:47:00,Gangapur Road,147,51,147,53,43,132,36,131,373,19.95,239.35,67.6,Clear,Anxious,9.65,High
2026-03-06 10:49:00,Indira Nagar,74,70,20,146,46,72,102,81,242,15.49,170.61,44.0,Foggy,Neutral,6.66,Normal
2026-03-19 14:04:00,Govind Nagar,96,69,99,34,141,123,139,146,475,12.18,280.93,90.54,Foggy,Frustrated,8.97,High
2026-03-16 03:21:00,Patherdi Phata,58,76,95,82,41,17,86,32,280,40.19,181.07,54.99,Clear,Impatient,4.36,Normal
2026-03-23 23:09:00,Rane Nagar,64,123,32,75,136,51,45,82,277,32.51,181.99,64.92,Clear,Impatient,8.7,High
2026-03-30 13:24:00,Mhasrul,42,44,147,125,54,98,38,131,281,17.36,186.09,52.17,Rainy,Neutral,6.41,Normal
2026-03-15 15:02:00,Ashok Stambh,91,117,26,20,126,138,94,29,337,41.49,217.43,71.53,Overcast,Anxious,9.26,High
2026-03-26 08:32:00,Satpur MIDC,73,55,142,117,120,89,84,93,419,19.57,265.87,98.11,Foggy,Impatient,7.31,High
2026-03-16 10:21:00,CBS Circle,89,142,101,104,57,63,16,136,263,29.94,174.14,48.08,Foggy,Neutral,6.2,Normal
2026-03-19 05:29:00,Rane Nagar,141,81,69,131,86,29,55,85,351,22.5,224.93,68.8,Rainy,Frustrated,10.0,High
2026-03-28 16:05:00,Patherdi Phata,55,41,37,131,32,121,113,105,237,54.87,172.56,56.8,Foggy,Neutral,6.07,Normal
2026-03-26 12:43:00,Sinnar Phata,76,89,103,129,109,114,39,54,327,35.0,211.92,58.07,Overcast,Neutral,5.51,Normal
2026-03-23 18:08:00,Makhmalabad,47,81,25,50,97,125,150,39,319,47.59,219.42,61.48,Foggy,Frustrated,9.45,High
2026-03-28 10:52:00,College Road,59,139,76,80,14,73,84,148,233,50.9,172.43,42.61,Foggy,Impatient,4.5,Normal
2026-03-04 23:32:00,Gangapur Road,78,20,131,133,50,84,100,49,359,45.59,233.08,66.7,Foggy,Frustrated,9.41,High
2026-03-08 21:08:00,Govind Nagar,131,20,70,87,102,45,41,54,344,19.91,217.49,64.25,Overcast,Impatient,9.93,High
2026-03-25 07:55:00,Patherdi Phata,148,127,140,28,22,22,141,137,451,21.47,267.72,87.66,Clear,Frustrated,9.8,High
2026-03-12 18:22:00,CBS Circle,12,14,42,60,145,67,77,17,276,49.96,193.57,53.6,Clear,Impatient,5.38,Normal
2026-03-04 02:34:00,Ashok Stambh,126,50,40,13,103,38,60,123,329,50.0,207.67,60.0,Rainy,Anxious,10.0,High
2026-03-10 04:01:00,Makhmalabad,27,89,74,122,62,35,133,32,296,20.68,198.42,68.18,Foggy,Anxious,9.01,High
2026-03-19 03:21:00,Mumbai Naka,61,55,110,132,148,147,137,52,456,18.93,274.29,82.12,Rainy,Anxious,8.71,High
2026-03-20 00:36:00,Indira Nagar,44,116,18,119,144,27,141,50,347,22.36,220.74,63.46,Foggy,Anxious,9.73,High
2026-03-04 02:42:00,Nashik Road,24,18,135,42,118,97,148,10,425,54.36,259.58,86.75,Clear,Impatient,9.42,High
2026-03-23 10:55:00,Adgaon Naka,67,99,121,98,122,82,52,47,362,19.57,229.57,59.58,Clear,Impatient,4.86,Normal
2026-03-18 15:35:00,Makhmalabad,52,97,148,109,103,38,91,83,394,46.94,239.3,63.86,Overcast,Frustrated,9.72,High
2026-03-25 10:50:00,Panchavati,122,53,17,108,78,60,61,37,278,42.91,179.77,58.24,Rainy,Impatient,8.05,High
2026-03-28 23:37:00,Mhasrul,34,140,20,127,78,81,52,56,184,37.95,150.97,35.87,Overcast,Impatient,5.62,Normal
2026-03-10 02:15:00,Satpur MIDC,42,103,137,77,114,107,73,32,366,31.36,236.66,83.33,Clear,Frustrated,8.91,High
2026-03-28 03:48:00,Ashok Stambh,135,127,74,12,47,144,54,10,310,22.47,196.43,71.55,Overcast,Impatient,7.64,High
2026-03-10 07:08:00,Patherdi Phata,69,26,55,125,35,93,61,23,220,39.04,153.32,50.15,Foggy,Impatient,5.75,Normal
2026-03-30 01:55:00,Indira Nagar,93,133,28,32,84,115,65,34,270,56.14,178.91,56.09,Overcast,Impatient,5.18,Normal
2026-03-06 23:50:00,Rane Nagar,137,23,94,104,25,114,14,47,270,44.36,177.27,61.69,Overcast,Impatient,7.38,High
2026-03-07 01:41:00,Ashok Stambh,10,52,77,131,99,13,115,75,301,16.53,196.72,55.1,Clear,Neutral,5.63,Normal
2026-03-07 08:21:00,Gangapur Road,47,80,43,147,136,128,69,16,295,30.29,195.3,63.41,Rainy,Anxious,10.0,High
2026-03-29 19:23:00,Indira Nagar,29,80,42,46,90,67,20,32,181,24.74,148.4,29.37,Clear,Neutral,3.33,Normal
2026-03-29 02:13:00,Deolali Camp,68,22,21,115,128,31,146,89,363,23.44,223.34,79.84,Rainy,Anxious,10.0,High
2026-03-07 05:38:00,Panchavati,145,45,55,52,69,24,37,83,306,51.78,201.28,68.16,Overcast,Frustrated,8.11,High
2026-03-20 02:23:00,Sinnar Phata,21,111,136,140,48,125,18,98,223,27.49,153.15,46.44,Overcast,Impatient,6.83,Normal
2026-03-19 13:17:00,Trimbak Naka,32,145,123,114,11,50,16,45,182,25.46,132.34,36.52,Foggy,Neutral,4.6,Normal
2026-03-16 18:56:00,Indira Nagar,55,63,89,34,133,67,141,140,418,38.86,253.31,69.52,Rainy,Impatient,9.87,High
2026-03-29 08:14:00,Trimbak Naka,18,112,41,18,67,58,51,114,177,16.78,131.62,32.21,Overcast,Impatient,6.65,Normal
2026-03-19 16:57:00,CBS Circle,107,48,78,44,139,61,97,23,421,25.27,260.4,84.52,Overcast,Anxious,9.93,High
2026-03-22 06:24:00,Mumbai Naka,11,138,104,105,107,111,65,41,287,35.57,193.39,62.6,Foggy,Impatient,8.91,High
2026-03-26 17:04:00,Gangapur Road,128,32,148,52,56,38,95,134,427,24.83,265.16,101.51,Foggy,Impatient,9.15,High
2026-03-26 15:39:00,Deolali Camp,87,143,58,79,103,34,16,63,264,43.66,190.29,62.37,Rainy,Impatient,9.34,High
2026-03-26 19:18:00,Deolali Camp,93,73,143,14,64,80,75,115,375,14.3,228.69,82.42,Rainy,Anxious,10.0,High
2026-03-06 05:58:00,Patherdi Phata,66,50,82,120,66,129,50,71,264,23.95,179.69,48.37,Clear,Impatient,5.29,Normal
2026-03-14 09:25:00,Nashik Road,113,116,39,133,81,51,113,21,346,51.84,214.58,69.03,Rainy,Anxious,8.7,High
2026-03-22 05:01:00,CBS Circle,145,55,60,104,13,136,47,65,265,30.75,188.67,58.7,Rainy,Impatient,6.34,Normal
2026-03-23 11:30:00,Adgaon Naka,22,136,123,57,150,63,95,110,390,20.79,235.25,75.42,Overcast,Frustrated,7.02,High
2026-03-24 14:50:00,Deolali Camp,118,73,123,34,69,132,116,30,426,48.38,263.6,98.31,Rainy,Frustrated,10.0,High
2026-03-29 11:28:00,Mhasrul,89,40,74,75,115,38,30,84,308,17.75,201.31,65.85,Rainy,Anxious,8.63,High
2026-03-03 03:55:00,Satpur MIDC,133,109,65,52,114,111,137,143,449,33.44,283.99,103.83,Overcast,Impatient,7.11,High
2026-03-16 15:44:00,Bytco Point,49,108,98,11,127,24,129,141,403,23.56,246.87,79.0,Clear,Anxious,7.82,High
2026-03-28 02:49:00,Mhasrul,43,12,67,77,18,104,116,70,244,32.19,170.65,49.61,Foggy,Neutral,4.25,Normal
2026-03-02 16:44:00,Deolali Camp,134,51,73,34,91,52,83,41,381,21.34,238.16,90.43,Foggy,Frustrated,9.08,High
2026-03-23 00:01:00,Mhasrul,63,64,101,54,150,59,28,116,342,56.46,224.84,77.27,Foggy,Frustrated,7.31,High
2026-03-13 09:07:00,Bytco Point,54,37,133,136,116,82,96,68,399,46.0,258.99,68.01,Foggy,Frustrated,7.54,High
2026-03-21 01:54:00,Adgaon Naka,114,100,125,137,68,67,60,71,367,38.49,242.62,64.85,Foggy,Impatient,8.92,High
2026-03-20 20:17:00,Nashik Road,60,117,56,78,76,117,139,33,331,39.49,216.74,72.5,Foggy,Frustrated,8.55,High
2026-03-26 13:26:00,Mhasrul,37,36,138,62,117,52,57,29,349,19.62,217.44,61.37,Overcast,Anxious,7.4,High
2026-03-22 09:35:00,Mhasrul,62,64,77,24,29,137,88,71,256,27.48,180.01,43.55,Overcast,Neutral,4.17,Normal
2026-03-12 23:05:00,Patherdi Phata,21,64,32,11,81,51,121,65,255,17.56,170.9,51.35,Overcast,Impatient,6.35,Normal
2026-03-14 04:01:00,Mumbai Naka,10,105,110,65,135,85,114,49,369,30.52,224.92,61.41,Overcast,Frustrated,9.88,High
2026-03-06 08:39:00,Satpur MIDC,148,140,18,63,18,49,92,14,276,44.81,180.13,61.65,Rainy,Impatient,8.91,High
2026-03-30 07:19:00,Govind Nagar,29,29,85,11,50,74,27,20,191,22.29,155.35,38.1,Rainy,Impatient,6.48,Normal
2026-03-09 16:51:00,Satpur MIDC,61,102,44,82,98,147,95,88,298,29.39,206.47,65.99,Overcast,Anxious,8.71,High
2026-03-20 13:49:00,Adgaon Naka,22,128,112,54,73,149,127,17,334,19.87,217.09,66.89,Clear,Anxious,7.3,High
2026-03-23 22:43:00,Dwarka Circle,119,123,11,87,146,105,139,85,415,43.77,266.97,81.35,Foggy,Frustrated,9.09,High
2026-03-26 13:14:00,Rane Nagar,135,97,74,30,110,134,36,118,355,21.35,235.35,82.44,Foggy,Anxious,8.11,High
2026-03-26 11:08:00,Mumbai Naka,83,124,97,19,82,86,133,99,395,17.27,254.37,90.47,Foggy,Impatient,9.08,High
2026-03-24 22:28:00,Govind Nagar,102,111,81,135,91,106,132,83,406,28.95,262.24,67.96,Overcast,Frustrated,8.46,High
2026-03-08 13:01:00,Govind Nagar,44,110,137,111,108,100,91,130,380,25.57,237.47,76.0,Foggy,Impatient,9.71,High
2026-03-13 23:19:00,College Road,44,110,29,103,22,110,20,126,115,29.77,101.08,21.75,Overcast,Satisfied,3.94,Normal
2026-03-10 11:56:00,CBS Circle,101,91,52,23,144,47,13,66,310,35.1,205.54,57.04,Clear,Neutral,5.49,Normal
2026-03-29 16:48:00,Ashok Stambh,96,23,16,74,102,24,25,111,239,22.12,165.35,54.55,Rainy,Neutral,7.87,High
2026-03-25 17:20:00,Makhmalabad,131,86,54,54,29,28,48,142,262,51.13,171.97,47.69,Overcast,Impatient,6.62,Normal
2026-03-26 06:55:00,Satpur MIDC,61,22,94,75,89,126,19,88,263,38.37,181.26,46.04,Rainy,Impatient,7.32,High
2026-03-26 21:55:00,Gangapur Road,102,44,12,70,20,142,146,146,280,18.77,193.56,51.27,Foggy,Neutral,4.43,Normal
2026-03-20 14:31:00,Rane Nagar,145,89,130,34,16,52,54,142,345,27.31,227.02,78.31,Overcast,Impatient,8.08,High
2026-03-13 22:44:00,College Road,81,91,77,136,77,71,76,39,311,39.48,207.16,64.67,Rainy,Anxious,9.27,High
2026-03-15 17:59:00,Govind Nagar,28,102,51,124,149,117,68,113,296,16.32,191.82,62.29,Foggy,Impatient,9.28,High
2026-03-16 08:24:00,Sinnar Phata,75,66,24,76,130,99,86,94,315,52.0,199.79,70.07,Foggy,Frustrated,8.72,High
2026-03-20 05:03:00,Gangapur Road,40,32,116,22,131,92,23,80,310,32.31,207.91,56.28,Foggy,Impatient,6.03,Normal
2026-03-14 00:58:00,Indira Nagar,67,149,132,104,66,105,119,45,384,55.98,243.35,85.31,Clear,Impatient,9.87,High
2026-03-05 08:00:00,Govind Nagar,103,136,26,22,120,75,112,130,361,53.18,238.0,78.4,Rainy,Anxious,8.8,High
2026-03-23 08:26:00,Indira Nagar,69,30,139,79,104,43,113,73,425,21.05,263.36,100.41,Foggy,Impatient,8.73,High
2026-03-21 04:17:00,Govind Nagar,79,101,119,21,117,127,98,67,413,55.5,256.09,70.06,Overcast,Frustrated,9.69,High
2026-03-13 19:28:00,Ashok Stambh,119,109,125,143,144,110,92,119,480,31.94,288.98,77.66,Foggy,Impatient,8.46,High
2026-03-30 10:15:00,Dwarka Circle,54,108,34,74,27,111,84,95,199,36.8,143.3,32.23,Overcast,Neutral,4.68,Normal
2026-03-18 18:33:00,Nashik Road,90,104,100,53,54,125,118,116,362,52.61,234.03,76.74,Foggy,Anxious,8.51,High
2026-03-16 18:48:00,Deolali Camp,143,139,43,143,145,85,55,84,386,38.18,248.81,65.9,Foggy,Impatient,8.12,High
2026-03-13 02:06:00,Nashik Road,95,150,95,95,108,75,77,81,375,15.55,233.84,69.97,Rainy,Frustrated,10.0,High
2026-03-16 20:10:00,Ashok Stambh,17,122,100,31,93,127,125,16,335,16.49,223.28,68.08,Foggy,Anxious,9.22,High
2026-03-08 20:28:00,Satpur MIDC,50,71,41,140,77,139,124,44,292,13.3,194.96,47.02,Foggy,Neutral,4.9,Normal
2026-03-24 15:41:00,CBS Circle,131,24,39,109,136,119,38,141,344,22.94,222.53,57.23,Clear,Impatient,6.15,Normal
2026-03-03 06:31:00,Patherdi Phata,22,27,27,143,115,82,141,94,305,50.33,211.65,70.92,Overcast,Frustrated,7.81,High
2026-03-10 16:53:00,Trimbak Naka,24,38,35,75,87,129,12,36,158,52.04,128.8,29.46,Rainy,Satisfied,5.42,Normal
2026-03-05 09:13:00,Satpur MIDC,114,41,105,61,118,28,100,59,437,42.92,277.43,75.76,Rainy,Impatient,10.0,High
2026-03-19 20:32:00,Dwarka Circle,50,139,87,15,107,70,14,134,258,54.91,171.21,41.99,Rainy,Neutral,5.7,Normal
2026-03-24 05:01:00,College Road,128,69,117,35,59,38,109,20,413,38.93,257.93,72.72,Rainy,Impatient,9.91,High
2026-03-23 21:42:00,Makhmalabad,14,105,12,132,35,17,42,128,103,25.51,107.35,19.22,Foggy,Satisfied,2.85,Normal
2026-03-26 23:38:00,Gangapur Road,96,59,55,136,102,43,86,110,339,25.3,228.72,70.01,Rainy,Frustrated,8.58,High
2026-03-15 08:44:00,Rane Nagar,13,13,81,66,99,22,112,41,305,27.55,211.46,59.39,Foggy,Impatient,6.6,Normal
2026-03-21 02:18:00,Ashok Stambh,136,50,101,81,63,61,106,68,406,21.4,243.24,70.73,Foggy,Impatient,7.38,High
2026-03-24 18:47:00,Govind Nagar,100,56,110,48,112,89,87,39,409,30.06,245.97,89.97,Clear,Impatient,9.5,High
2026-03-29 01:08:00,Makhmalabad,108,36,15,79,137,53,26,81,286,47.99,196.62,60.12,Foggy,Frustrated,8.27,High
2026-03-11 02:24:00,Ashok Stambh,123,101,41,124,55,144,70,103,289,32.9,184.65,52.45,Rainy,Impatient,5.78,Normal
2026-03-20 06:22:00,Panchavati,19,145,84,134,44,141,40,61,187,41.08,150.35,39.43,Foggy,Impatient,6.17,Normal
2026-03-21 20:38:00,Sinnar Phata,70,139,28,133,142,91,13,30,253,36.69,182.08,45.12,Rainy,Impatient,7.08,High
2026-03-27 00:18:00,Gangapur Road,52,129,104,83,145,17,17,43,318,54.28,207.54,55.86,Overcast,Neutral,4.01,Normal
2026-03-28 16:19:00,Deolali Camp,34,121,120,143,99,116,70,93,323,23.52,208.73,70.73,Foggy,Anxious,7.21,High
2026-03-05 16:16:00,Rane Nagar,148,148,17,86,36,116,141,136,342,28.67,220.14,71.22,Overcast,Impatient,9.59,High
2026-03-13 13:06:00,Adgaon Naka,134,96,89,29,93,133,54,76,370,37.72,229.1,88.48,Rainy,Anxious,10.0,High
2026-03-13 10:02:00,Sinnar Phata,132,85,110,85,86,107,20,13,348,29.48,226.45,65.46,Foggy,Impatient,7.51,High
2026-03-30 17:04:00,Makhmalabad,45,114,40,117,11,39,131,141,227,36.92,159.77,39.71,Rainy,Neutral,5.56,Normal
2026-03-11 05:06:00,Mhasrul,134,60,111,67,146,19,91,148,482,47.98,286.01,85.6,Rainy,Impatient,9.42,High
2026-03-01 10:01:00,Makhmalabad,20,127,106,139,123,81,35,125,284,25.95,195.48,65.66,Foggy,Impatient,7.2,High
2026-03-22 21:14:00,College Road,79,46,119,24,93,77,135,29,426,29.02,270.27,99.34,Rainy,Impatient,9.24,High
2026-03-07 03:22:00,Deolali Camp,85,82,105,64,100,34,103,24,393,14.05,254.14,67.7,Clear,Anxious,8.02,High
2026-03-29 05:44:00,Sinnar Phata,99,116,10,97,138,18,19,106,266,17.14,187.57,52.32,Clear,Impatient,5.64,Normal
2026-03-12 05:50:00,Bytco Point,103,99,10,126,42,22,94,101,249,49.93,175.25,59.55,Overcast,Impatient,5.87,Normal
2026-03-16 23:47:00,Govind Nagar,150,45,150,106,81,25,54,55,435,16.13,277.33,98.83,Rainy,Impatient,9.49,High
2026-03-07 20:00:00,Satpur MIDC,12,143,91,93,134,95,28,114,265,28.33,184.08,47.77,Overcast,Neutral,5.31,Normal
2026-03-16 02:52:00,Govind Nagar,122,89,27,137,26,26,142,60,317,35.64,210.92,51.42,Foggy,Impatient,4.96,Normal
2026-03-20 21:38:00,Govind Nagar,11,71,55,107,23,104,122,86,211,19.61,158.09,48.63,Overcast,Neutral,6.54,Normal
2026-03-28 09:42:00,Sinnar Phata,117,81,118,149,23,53,80,34,338,36.28,213.92,54.21,Overcast,Neutral,6.2,Normal
2026-03-01 17:17:00,Trimbak Naka,47,39,87,27,15,78,81,79,230,42.4,168.46,40.17,Rainy,Impatient,8.26,High
2026-03-02 08:44:00,Trimbak Naka,84,60,100,12,36,65,39,150,259,33.43,172.84,54.62,Overcast,Impatient,6.56,Normal
2026-03-12 07:42:00,Sinnar Phata,52,30,12,118,67,114,45,38,176,20.68,134.38,41.34,Foggy,Impatient,5.72,Normal
2026-03-16 23:35:00,Rane Nagar,138,13,53,91,102,80,112,57,405,27.16,258.85,80.61,Overcast,Impatient,7.33,High
2026-03-27 20:13:00,Patherdi Phata,124,124,107,109,82,132,100,72,413,13.25,253.21,83.23,Rainy,Impatient,9.46,High
2026-03-13 11:11:00,Panchavati,137,43,139,40,105,19,60,100,441,26.59,266.02,81.11,Rainy,Impatient,9.96,High
2026-03-01 22:43:00,Satpur MIDC,40,105,56,67,66,76,30,18,192,17.66,136.08,36.4,Foggy,Neutral,4.61,Normal
2026-03-26 12:29:00,Adgaon Naka,142,136,59,134,73,68,40,37,314,12.13,212.05,63.34,Rainy,Anxious,8.9,High
2026-03-30 14:30:00,Patherdi Phata,20,61,88,29,25,135,82,137,215,16.72,148.46,51.35,Rainy,Neutral,7.65,High
2026-03-05 23:42:00,Mhasrul,116,141,68,30,33,66,14,69,231,23.28,155.55,50.59,Foggy,Neutral,6.55,Normal
2026-03-26 09:59:00,Makhmalabad,77,102,134,77,99,37,41,150,351,33.27,228.54,62.66,Rainy,Frustrated,9.15,High
2026-03-28 23:27:00,Indira Nagar,45,66,50,63,114,33,23,32,232,28.22,174.56,47.59,Foggy,Neutral,4.61,Normal
2026-03-24 08:17:00,College Road,119,119,94,85,70,64,111,96,394,52.21,246.28,63.84,Overcast,Impatient,9.74,High
2026-03-24 23:34:00,Gangapur Road,128,135,25,149,121,33,75,149,349,33.66,228.95,76.55,Rainy,Impatient,9.47,High
2026-03-22 00:16:00,Ashok Stambh,81,133,129,19,90,75,130,100,430,39.58,256.92,85.3,Clear,Frustrated,8.55,High
2026-03-08 06:45:00,Patherdi Phata,140,130,48,64,76,129,28,125,292,16.29,198.64,47.4,Foggy,Impatient,5.72,Normal
2026-03-17 20:34:00,Deolali Camp,70,126,115,145,121,119,34,12,340,37.8,214.37,59.17,Rainy,Neutral,6.44,Normal
2026-03-01 14:07:00,Adgaon Naka,125,33,10,82,127,28,31,29,293,29.62,205.84,48.2,Clear,Impatient,6.29,Normal
2026-03-14 19:36:00,Rane Nagar,77,35,105,70,127,143,129,27,438,43.64,260.44,81.23,Foggy,Frustrated,7.23,High
2026-03-25 00:03:00,Indira Nagar,117,115,108,60,109,31,81,49,415,51.02,254.62,81.74,Overcast,Impatient,9.24,High
2026-03-14 13:36:00,Rane Nagar,132,139,117,124,96,17,113,58,458,32.85,287.83,89.94,Rainy,Anxious,10.0,High
2026-03-12 04:31:00,Nashik Road,77,88,93,118,108,22,112,67,390,23.81,246.6,89.25,Rainy,Frustrated,10.0,High
2026-03-10 06:03:00,Rane Nagar,102,129,126,14,91,20,139,37,458,55.36,270.64,77.65,Clear,Impatient,8.03,High
2026-03-24 08:54:00,CBS Circle,138,43,40,103,61,143,49,25,288,30.63,199.37,51.44,Foggy,Neutral,4.59,Normal
2026-03-28 08:43:00,Ashok Stambh,129,49,124,84,99,101,107,64,459,35.47,277.3,75.98,Rainy,Anxious,10.0,High
2026-03-11 17:59:00,Adgaon Naka,71,94,91,127,91,37,50,140,303,51.62,207.79,54.27,Clear,Neutral,4.03,Normal
2026-03-09 05:49:00,Panchavati,24,64,142,55,80,48,16,98,262,27.14,187.73,48.01,Clear,Neutral,6.54,Normal
2026-03-08 15:06:00,Govind Nagar,63,119,125,136,37,149,139,119,364,54.94,232.05,79.57,Overcast,Impatient,9.44,High
2026-03-25 11:44:00,Rane Nagar,71,22,129,35,26,17,121,34,347,29.37,219.9,68.95,Foggy,Anxious,7.42,High
2026-03-13 00:38:00,Dwarka Circle,96,22,79,87,104,101,28,14,307,43.49,202.52,49.67,Overcast,Impatient,5.47,Normal
2026-03-06 10:06:00,Adgaon Naka,124,74,53,133,96,127,54,23,327,37.33,214.16,71.29,Foggy,Anxious,7.07,High
2026-03-26 04:50:00,Govind Nagar,128,108,112,48,127,102,118,28,485,17.54,300.89,114.22,Clear,Frustrated,7.54,High
2026-03-21 05:12:00,Adgaon Naka,11,130,22,129,135,71,64,119,232,49.55,159.3,54.81,Clear,Neutral,6.2,Normal
2026-03-19 01:40:00,Ashok Stambh,58,98,53,136,100,106,14,63,225,52.24,166.96,38.19,Foggy,Neutral,4.45,Normal
2026-03-26 05:06:00,Adgaon Naka,131,31,51,32,63,39,19,135,264,32.19,176.74,56.93,Rainy,Impatient,7.33,High
2026-03-19 00:49:00,Rane Nagar,92,131,105,123,16,33,138,14,351,55.58,222.19,78.89,Foggy,Frustrated,8.13,High
2026-03-02 12:49:00,Mumbai Naka,99,19,39,143,23,77,97,52,258,33.48,180.58,48.86,Foggy,Neutral,5.69,Normal
2026-03-24 22:47:00,Dwarka Circle,32,39,35,141,106,72,22,141,195,47.44,141.31,46.26,Clear,Impatient,6.02,Normal
2026-03-10 02:46:00,Indira Nagar,111,104,147,36,64,113,51,128,373,18.91,233.75,68.51,Foggy,Frustrated,7.97,High
2026-03-21 14:57:00,Deolali Camp,102,42,24,124,113,87,13,60,252,26.9,176.36,57.05,Foggy,Impatient,5.56,Normal
2026-03-23 04:37:00,Indira Nagar,38,136,14,118,16,20,125,61,193,55.03,141.82,36.55,Rainy,Neutral,7.67,High
2026-03-09 08:30:00,Indira Nagar,31,127,88,17,100,137,100,44,319,43.88,199.69,51.73,Overcast,Neutral,4.49,Normal
2026-03-09 18:48:00,Makhmalabad,39,90,148,129,125,85,132,67,444,48.58,274.57,91.72,Foggy,Frustrated,7.23,High
2026-03-12 23:01:00,Makhmalabad,150,71,144,95,73,133,20,137,387,15.02,250.0,64.08,Rainy,Frustrated,10.0,High
2026-03-30 16:13:00,Dwarka Circle,96,10,90,130,59,36,104,141,349,28.49,233.72,76.6,Overcast,Impatient,7.78,High
2026-03-18 17:10:00,CBS Circle,100,52,54,136,136,62,38,118,328,21.88,215.19,76.43,Overcast,Anxious,7.08,High
2026-03-19 10:52:00,CBS Circle,72,138,26,54,94,127,47,131,239,13.15,179.23,49.52,Foggy,Neutral,6.6,Normal
2026-03-26 08:23:00,Rane Nagar,106,145,39,55,48,79,15,143,208,34.86,144.76,38.12,Foggy,Impatient,4.79,Normal
2026-03-07 23:58:00,Panchavati,113,33,54,140,75,140,86,116,328,13.18,222.77,58.63,Foggy,Neutral,6.1,Normal
2026-03-05 06:45:00,Indira Nagar,29,47,51,98,50,97,112,82,242,21.79,164.38,42.8,Rainy,Neutral,7.92,High
2026-03-18 10:45:00,Patherdi Phata,17,83,120,22,105,48,144,50,386,56.06,241.94,64.49,Foggy,Impatient,8.31,High
2026-03-14 14:50:00,Rane Nagar,143,106,142,35,115,102,105,95,505,48.78,302.98,115.8,Clear,Impatient,9.52,High
2026-03-11 08:31:00,Patherdi Phata,124,126,143,24,63,67,109,140,439,16.04,275.73,93.93,Foggy,Anxious,8.7,High
2026-03-02 07:28:00,Makhmalabad,133,103,117,120,125,26,27,97,402,22.49,257.13,74.35,Rainy,Anxious,10.0,High
2026-03-25 23:43:00,Mhasrul,22,51,88,126,17,23,28,67,155,47.63,119.66,36.45,Clear,Impatient,4.31,Normal
2026-03-13 11:57:00,Deolali Camp,36,21,30,29,79,33,99,115,244,34.86,173.06,55.67,Rainy,Neutral,7.36,High
2026-03-05 08:38:00,Makhmalabad,138,120,93,79,16,43,39,125,286,17.14,186.02,52.44,Rainy,Neutral,7.45,High
2026-03-04 22:25:00,Panchavati,56,92,22,72,86,137,49,144,213,35.95,147.43,38.35,Overcast,Impatient,6.23,Normal
2026-03-08 04:28:00,CBS Circle,62,73,134,13,27,34,28,35,251,22.63,181.91,53.6,Clear,Neutral,5.85,Normal
2026-03-17 11:03:00,Dwarka Circle,21,35,18,114,77,111,105,37,221,18.86,168.39,43.72,Overcast,Impatient,4.52,Normal
2026-03-16 09:17:00,Bytco Point,82,32,127,92,79,63,140,110,428,35.47,270.51,72.73,Foggy,Impatient,9.73,High
2026-03-03 19:41:00,Trimbak Naka,80,113,29,117,57,68,79,17,245,54.37,172.49,56.46,Clear,Neutral,4.97,Normal
2026-03-17 20:32:00,Deolali Camp,62,103,150,137,46,140,109,90,367,13.49,229.69,80.45,Foggy,Anxious,9.21,High
2026-03-06 22:10:00,Panchavati,26,19,67,43,71,133,12,26,176,22.87,139.91,36.42,Foggy,Neutral,4.94,Normal
2026-03-20 00:41:00,Mumbai Naka,42,102,142,135,106,28,46,143,336,25.07,212.09,76.32,Clear,Anxious,7.56,High
2026-03-19 19:48:00,Satpur MIDC,70,117,53,81,13,61,131,129,267,25.26,182.74,59.17,Rainy,Impatient,8.37,High
2026-03-20 00:09:00,Trimbak Naka,92,26,148,149,17,126,19,107,276,39.27,181.13,63.91,Overcast,Anxious,7.89,High
2026-03-07 01:04:00,College Road,89,25,106,23,85,126,22,118,302,19.2,200.98,68.18,Clear,Impatient,8.35,High
2026-03-11 01:54:00,Satpur MIDC,119,31,113,45,47,37,46,77,325,28.64,222.47,65.29,Clear,Frustrated,8.23,High
2026-03-01 23:06:00,Panchavati,41,57,112,24,65,148,19,95,237,49.45,162.98,42.07,Foggy,Impatient,4.75,Normal
2026-03-10 21:03:00,Adgaon Naka,139,59,17,146,36,90,77,121,269,18.21,193.68,59.8,Overcast,Neutral,4.02,Normal
2026-03-04 17:41:00,Makhmalabad,121,89,126,102,133,102,139,144,519,26.54,301.94,93.14,Overcast,Frustrated,7.69,High
2026-03-28 08:41:00,Satpur MIDC,120,122,64,98,87,55,68,17,339,20.24,222.91,63.71,Rainy,Impatient,10.0,High
2026-03-21 10:25:00,Rane Nagar,103,119,95,45,134,85,129,113,461,12.68,278.43,84.58,Rainy,Impatient,9.42,High
2026-03-19 21:07:00,Ashok Stambh,59,103,131,131,112,114,53,80,355,27.97,225.71,71.57,Foggy,Impatient,8.43,High
2026-03-15 22:58:00,Bytco Point,85,30,111,39,123,90,94,40,413,21.36,262.36,74.19,Overcast,Anxious,7.12,High
2026-03-08 15:22:00,Patherdi Phata,127,111,121,61,86,37,29,25,363,11.71,224.51,85.63,Overcast,Frustrated,8.15,High
2026-03-26 17:50:00,Dwarka Circle,133,75,91,17,126,61,10,127,360,32.49,220.98,74.25,Clear,Anxious,7.13,High
2026-03-21 23:37:00,Mumbai Naka,74,38,94,91,141,65,144,22,453,42.1,275.59,107.98,Clear,Anxious,9.58,High
2026-03-12 04:13:00,Makhmalabad,138,129,88,49,27,67,66,50,319,40.19,215.8,59.94,Foggy,Impatient,6.04,Normal
2026-03-25 12:43:00,Indira Nagar,115,51,41,55,21,75,24,118,201,47.73,147.04,45.56,Foggy,Neutral,5.57,Normal
2026-03-06 14:13:00,Rane Nagar,74,146,30,70,73,67,16,70,193,57.52,150.44,36.48,Rainy,Impatient,5.57,Normal
2026-03-11 05:31:00,Nashik Road,62,82,49,87,123,135,88,95,322,51.0,220.87,57.74,Overcast,Impatient,6.1,Normal
2026-03-20 17:20:00,Mhasrul,122,43,95,149,67,132,141,26,425,54.42,266.05,99.14,Foggy,Anxious,7.83,High
2026-03-20 13:59:00,Deolali Camp,88,67,74,115,146,136,22,132,330,47.3,214.09,62.89,Clear,Impatient,7.87,High
2026-03-04 07:30:00,Ashok Stambh,73,134,110,129,76,14,143,34,402,13.19,251.06,91.63,Foggy,Frustrated,9.98,High
2026-03-29 15:06:00,Nashik Road,121,50,124,39,126,147,59,66,430,19.9,266.02,76.67,Overcast,Anxious,9.21,High
2026-03-14 09:03:00,Panchavati,113,146,85,134,70,93,65,27,333,37.45,210.42,78.87,Clear,Anxious,9.86,High
2026-03-18 07:33:00,Trimbak Naka,147,62,83,119,124,49,114,123,468,14.35,291.72,81.07,Rainy,Frustrated,10.0,High
2026-03-22 17:11:00,Govind Nagar,49,23,142,74,143,48,116,89,450,46.25,271.81,72.66,Foggy,Impatient,8.01,High
2026-03-10 06:49:00,College Road,137,110,55,21,139,39,27,96,358,39.14,223.79,82.56,Rainy,Frustrated,10.0,High
2026-03-19 11:08:00,CBS Circle,124,149,149,41,79,143,121,128,473,42.76,277.02,109.2,Overcast,Impatient,7.4,High
2026-03-09 05:18:00,Deolali Camp,124,77,94,38,112,61,123,117,453,18.62,278.55,73.46,Overcast,Anxious,8.63,High
2026-03-17 04:26:00,Bytco Point,30,49,109,46,107,13,139,12,385,42.46,241.98,90.53,Foggy,Impatient,7.81,High
2026-03-09 23:25:00,Makhmalabad,102,57,125,86,114,63,98,27,439,46.88,271.38,104.36,Foggy,Impatient,9.65,High
2026-03-15 10:35:00,Satpur MIDC,71,39,120,115,14,115,115,106,320,28.51,213.91,74.42,Clear,Frustrated,9.31,High
2026-03-29 05:40:00,Dwarka Circle,48,41,71,49,79,139,11,129,209,16.19,150.3,39.88,Foggy,Impatient,4.92,Normal
2026-03-26 19:21:00,Dwarka Circle,122,77,117,33,133,52,89,41,461,34.48,278.05,82.72,Overcast,Anxious,9.51,High
2026-03-10 04:33:00,Bytco Point,89,115,85,37,16,30,59,70,249,17.69,177.94,57.02,Rainy,Neutral,6.72,Normal
2026-03-10 17:02:00,Panchavati,88,110,59,127,88,80,30,62,265,55.71,188.8,52.88,Clear,Impatient,6.49,Normal
2026-03-16 14:41:00,Patherdi Phata,144,25,140,48,83,128,23,49,390,14.56,250.38,83.41,Rainy,Frustrated,10.0,High
2026-03-22 22:02:00,Indira Nagar,88,106,92,40,10,130,143,99,333,17.34,223.15,66.95,Foggy,Frustrated,9.83,High
2026-03-19 07:30:00,Govind Nagar,20,89,19,76,97,138,34,118,170,34.72,128.98,33.09,Rainy,Neutral,7.31,High
2026-03-17 19:05:00,Bytco Point,30,83,66,60,61,86,69,115,226,56.97,170.25,48.49,Rainy,Neutral,6.61,Normal
2026-03-27 20:48:00,Deolali Camp,51,48,103,121,116,134,115,24,385,44.77,236.62,72.56,Rainy,Frustrated,10.0,High
2026-03-13 16:53:00,Bytco Point,84,25,111,134,21,116,141,72,357,34.43,228.4,78.77,Overcast,Frustrated,7.49,High
2026-03-02 15:13:00,Rane Nagar,147,118,85,130,112,11,105,126,449,40.54,273.04,104.33,Overcast,Anxious,8.11,High
2026-03-27 01:00:00,Panchavati,54,89,123,20,30,109,59,83,266,41.74,184.67,61.49,Foggy,Frustrated,7.16,High
2026-03-12 15:51:00,Adgaon Naka,13,74,131,95,85,68,68,44,297,14.47,206.66,52.64,Foggy,Impatient,4.29,Normal
2026-03-14 02:06:00,Mumbai Naka,29,50,15,37,127,129,139,16,310,43.31,196.53,52.22,Rainy,Neutral,6.87,Normal
2026-03-17 05:50:00,Rane Nagar,15,24,63,66,142,46,14,15,234,53.16,173.87,54.74,Foggy,Impatient,6.26,Normal
2026-03-12 03:38:00,Gangapur Road,63,16,107,78,93,130,140,121,403,47.73,251.68,68.85,Foggy,Frustrated,8.93,High
2026-03-05 12:17:00,Adgaon Naka,89,89,89,137,60,128,61,111,299,25.48,206.74,57.87,Foggy,Neutral,6.42,Normal
2026-03-12 20:54:00,Trimbak Naka,117,139,13,115,136,126,67,86,333,46.67,211.55,71.87,Overcast,Frustrated,7.69,High
2026-03-17 15:50:00,Gangapur Road,45,135,96,120,46,63,64,141,251,33.48,177.62,54.91,Clear,Neutral,4.98,Normal
2026-03-01 01:48:00,CBS Circle,30,37,59,85,131,69,77,36,297,41.75,189.28,60.43,Overcast,Frustrated,7.11,High
2026-03-15 16:31:00,Makhmalabad,94,127,98,75,68,37,148,56,408,28.35,252.28,69.79,Foggy,Anxious,7.72,High
2026-03-02 16:26:00,Makhmalabad,100,70,95,57,50,28,146,134,391,14.58,243.47,93.38,Rainy,Impatient,8.7,High
2026-03-25 15:05:00,Dwarka Circle,25,69,13,11,123,120,93,120,254,17.2,181.44,59.11,Foggy,Neutral,6.62,Normal
2026-03-06 01:55:00,CBS Circle,20,39,141,69,86,51,80,140,327,17.91,215.09,75.64,Foggy,Frustrated,8.93,High
2026-03-05 18:40:00,Deolali Camp,127,136,117,55,51,123,80,53,375,12.89,232.77,73.04,Clear,Frustrated,8.28,High
2026-03-15 10:08:00,Panchavati,140,53,42,43,123,57,84,14,389,26.89,253.14,68.56,Rainy,Frustrated,10.0,High
2026-03-30 13:37:00,CBS Circle,111,16,144,98,16,16,19,46,290,47.75,189.92,65.63,Rainy,Anxious,8.64,High
2026-03-29 09:48:00,Gangapur Road,51,14,147,94,45,40,11,82,254,51.27,167.35,46.26,Foggy,Neutral,5.8,Normal
2026-03-19 08:28:00,Gangapur Road,120,31,51,50,15,99,65,43,251,31.97,185.48,57.09,Overcast,Impatient,5.63,Normal
2026-03-22 21:36:00,Deolali Camp,11,109,66,127,135,136,21,148,233,21.97,166.62,44.76,Rainy,Neutral,6.81,Normal
2026-03-22 00:30:00,Makhmalabad,113,93,148,139,23,19,120,122,404,48.96,247.39,72.95,Clear,Anxious,9.23,High
2026-03-05 12:23:00,Bytco Point,16,150,115,80,19,84,85,13,235,18.1,174.5,47.77,Rainy,Neutral,7.69,High
2026-03-13 15:22:00,Trimbak Naka,13,123,80,11,124,105,114,70,331,37.86,215.14,74.92,Overcast,Anxious,8.31,High
2026-03-07 06:15:00,Indira Nagar,50,22,47,142,104,101,48,10,249,36.82,178.67,39.92,Overcast,Neutral,4.56,Normal
2026-03-13 18:11:00,Deolali Camp,94,105,83,71,97,133,92,140,366,44.41,238.0,80.71,Clear,Anxious,7.73,High
2026-03-13 00:05:00,Deolali Camp,99,60,50,119,108,82,116,113,373,31.68,243.62,75.99,Overcast,Frustrated,8.36,High
2026-03-06 02:57:00,Bytco Point,20,102,42,148,63,64,40,130,165,48.81,130.54,28.6,Clear,Satisfied,2.43,Normal
2026-03-20 15:55:00,Trimbak Naka,33,124,21,34,127,51,70,32,251,51.42,170.12,55.0,Foggy,Neutral,4.72,Normal
2026-03-13 15:30:00,Panchavati,66,137,18,24,45,36,106,18,235,48.49,173.97,39.62,Foggy,Neutral,5.34,Normal
2026-03-09 21:32:00,Satpur MIDC,64,64,88,14,24,128,143,52,319,33.88,200.37,60.72,Clear,Frustrated,9.33,High
2026-03-05 17:37:00,Gangapur Road,25,67,120,118,16,135,14,105,175,32.94,130.28,40.34,Overcast,Neutral,4.56,Normal
2026-03-27 01:32:00,Govind Nagar,116,113,11,20,16,141,106,30,249,17.91,173.57,53.56,Overcast,Neutral,6.89,Normal
2026-03-05 19:12:00,Govind Nagar,88,28,131,85,31,134,51,81,301,23.43,196.15,52.98,Foggy,Neutral,4.98,Normal
2026-03-12 21:54:00,CBS Circle,144,45,45,82,13,10,75,135,277,54.92,192.82,45.61,Overcast,Neutral,6.01,Normal
2026-03-28 09:19:00,Trimbak Naka,49,75,49,33,55,117,53,26,206,33.13,151.7,49.42,Rainy,Impatient,7.87,High
2026-03-16 07:33:00,Trimbak Naka,80,74,64,96,147,117,98,11,389,17.77,252.93,90.77,Overcast,Anxious,9.54,High
2026-03-11 22:43:00,Patherdi Phata,54,27,112,50,98,110,41,77,305,53.39,197.56,64.21,Overcast,Impatient,9.2,High
2026-03-09 02:11:00,Patherdi Phata,38,37,91,47,81,89,78,79,288,38.62,190.03,52.27,Rainy,Neutral,7.91,High
2026-03-17 14:55:00,CBS Circle,94,64,79,124,149,150,21,59,343,54.29,218.89,79.92,Clear,Impatient,7.59,High
2026-03-25 12:04:00,Trimbak Naka,131,85,113,108,87,19,128,36,459,17.94,279.53,97.03,Clear,Impatient,9.35,High
2026-03-17 05:28:00,Satpur MIDC,133,125,123,127,131,23,62,124,449,29.34,275.6,82.3,Foggy,Frustrated,8.51,High
2026-03-25 04:22:00,Ashok Stambh,134,25,45,116,145,97,16,94,340,45.89,226.79,61.88,Overcast,Anxious,9.51,High
2026-03-09 07:15:00,College Road,37,116,120,33,38,135,108,150,303,34.51,208.65,52.7,Clear,Neutral,6.88,Normal
2026-03-24 21:52:00,Panchavati,51,141,13,16,55,128,67,30,186,28.95,147.23,38.95,Rainy,Neutral,7.91,High
2026-03-06 16:14:00,Deolali Camp,50,73,83,87,39,71,125,77,297,53.2,204.42,53.87,Overcast,Neutral,5.88,Normal
2026-03-09 00:26:00,Deolali Camp,97,39,116,32,32,128,62,23,307,40.52,194.31,70.17,Foggy,Frustrated,7.36,High
2026-03-24 06:51:00,Dwarka Circle,72,21,104,43,42,69,66,37,284,19.11,195.83,51.79,Clear,Impatient,6.65,Normal
2026-03-09 13:38:00,Indira Nagar,124,135,40,83,83,131,104,148,351,47.32,224.66,75.53,Overcast,Impatient,8.04,High
2026-03-17 14:13:00,Panchavati,115,136,34,132,27,20,95,129,271,48.16,177.16,55.45,Clear,Neutral,5.07,Normal
2026-03-12 06:44:00,Gangapur Road,31,119,70,150,115,113,121,85,337,34.37,226.27,65.51,Rainy,Frustrated,10.0,High
2026-03-01 18:33:00,Gangapur Road,58,53,128,61,139,79,121,18,446,35.87,265.38,94.14,Rainy,Anxious,10.0,High
2026-03-16 18:50:00,Gangapur Road,26,66,127,129,71,119,134,42,358,36.16,233.55,77.79,Overcast,Frustrated,8.52,High
2026-03-29 20:56:00,Adgaon Naka,142,61,142,96,38,29,61,65,383,46.62,248.65,81.44,Foggy,Frustrated,9.47,High
2026-03-30 07:26:00,CBS Circle,45,114,121,119,138,13,80,119,384,49.83,242.87,73.0,Foggy,Frustrated,9.5,High
2026-03-06 14:12:00,Rane Nagar,13,115,66,149,129,91,57,68,265,34.8,189.74,48.17,Clear,Impatient,5.67,Normal
2026-03-01 21:24:00,CBS Circle,136,104,73,86,111,126,136,70,456,46.34,271.81,101.27,Rainy,Frustrated,10.0,High
2026-03-07 20:47:00,Deolali Camp,39,16,23,36,60,80,30,29,152,56.65,120.71,27.18,Clear,Satisfied,1.35,Normal
2026-03-02 13:16:00,CBS Circle,91,127,110,133,37,67,111,116,349,25.43,219.45,65.68,Overcast,Frustrated,8.38,High
2026-03-08 15:30:00,Mhasrul,21,124,32,40,65,82,134,13,252,26.74,173.53,45.09,Rainy,Impatient,8.0,High
2026-03-07 13:54:00,Mhasrul,45,129,100,19,135,91,47,54,327,30.06,205.96,58.88,Rainy,Impatient,8.07,High
2026-03-07 20:00:00,Mumbai Naka,32,18,84,58,59,122,26,33,201,24.73,155.43,34.64,Overcast,Neutral,6.55,Normal
2026-03-18 07:07:00,Mhasrul,71,17,74,62,97,48,127,133,369,17.95,237.98,62.48,Clear,Frustrated,9.26,High
2026-03-14 23:18:00,Satpur MIDC,27,79,43,83,14,50,139,53,223,16.76,168.54,36.22,Foggy,Impatient,4.66,Normal
2026-03-22 10:03:00,Govind Nagar,130,73,118,16,49,30,101,30,398,12.28,244.55,71.76,Overcast,Frustrated,8.5,High
2026-03-04 14:18:00,Makhmalabad,66,41,38,23,149,32,135,70,388,24.94,250.96,87.86,Clear,Impatient,8.02,High
2026-03-13 15:06:00,Gangapur Road,143,59,16,19,129,39,136,118,424,44.02,269.23,77.59,Rainy,Frustrated,9.33,High
2026-03-15 22:41:00,College Road,144,110,52,19,76,38,142,49,414,35.16,260.08,89.85,Foggy,Frustrated,9.44,High
2026-03-05 12:18:00,Deolali Camp,112,119,54,75,29,111,148,125,343,35.48,219.84,67.89,Overcast,Anxious,9.59,High
2026-03-17 03:46:00,Mhasrul,123,147,49,86,91,128,131,71,394,53.99,237.54,78.32,Clear,Anxious,7.09,High
2026-03-23 11:43:00,Bytco Point,75,120,41,16,14,51,13,125,143,30.53,113.66,24.04,Overcast,Satisfied,3.32,Normal
2026-03-24 11:24:00,Ashok Stambh,41,42,45,33,78,54,98,148,262,28.91,176.77,61.52,Rainy,Frustrated,8.71,High
2026-03-11 23:44:00,Satpur MIDC,135,48,101,142,51,80,75,25,362,19.98,223.46,58.44,Rainy,Impatient,7.39,High
2026-03-17 16:17:00,Makhmalabad,29,96,31,75,117,99,79,113,256,44.39,173.97,47.85,Overcast,Neutral,6.21,Normal
2026-03-01 14:46:00,Patherdi Phata,135,18,148,22,13,54,72,144,368,28.77,243.92,61.18,Rainy,Anxious,9.41,High
2026-03-29 16:36:00,Rane Nagar,84,76,55,52,83,115,54,33,276,52.21,190.5,48.57,Clear,Impatient,5.46,Normal
2026-03-22 04:12:00,Bytco Point,18,137,128,38,109,93,141,40,396,12.96,245.94,77.07,Overcast,Frustrated,9.04,High
2026-03-26 08:23:00,Satpur MIDC,110,11,113,62,26,28,122,100,371,30.22,230.28,68.38,Overcast,Anxious,9.97,High
2026-03-27 01:29:00,Ashok Stambh,37,38,91,37,129,133,84,105,341,31.87,222.22,81.04,Rainy,Anxious,10.0,High
2026-03-17 12:11:00,Satpur MIDC,78,90,95,137,77,47,149,128,399,15.46,243.01,68.47,Rainy,Frustrated,9.54,High
2026-03-29 14:50:00,Rane Nagar,126,102,26,98,77,128,49,80,278,45.63,182.29,53.09,Foggy,Impatient,4.24,Normal
2026-03-23 17:08:00,CBS Circle,111,102,66,79,48,107,17,53,242,52.39,169.26,39.68,Foggy,Impatient,4.02,Normal
2026-03-04 14:58:00,Rane Nagar,45,100,123,109,32,112,65,13,265,18.28,190.64,47.86,Rainy,Impatient,8.08,High
2026-03-17 07:05:00,Mumbai Naka,55,37,98,132,126,40,74,54,353,16.89,222.09,65.53,Foggy,Frustrated,9.0,High
2026-03-27 13:11:00,Mhasrul,113,14,89,108,142,95,28,50,372,38.53,239.52,63.59,Clear,Impatient,7.89,High
2026-03-17 04:06:00,Mhasrul,54,33,46,122,119,71,74,83,293,21.01,199.99,63.45,Clear,Frustrated,7.25,High
2026-03-23 07:28:00,Satpur MIDC,50,118,117,83,43,63,74,76,284,42.85,196.35,58.19,Clear,Impatient,6.8,Normal
2026-03-24 07:23:00,Nashik Road,119,130,125,129,62,26,145,86,451,16.24,277.49,75.03,Clear,Impatient,8.2,High
2026-03-19 21:05:00,Adgaon Naka,120,103,60,150,72,44,19,59,271,29.93,191.92,53.42,Foggy,Impatient,6.93,Normal
2026-03-11 00:55:00,Adgaon Naka,36,133,107,51,12,60,49,64,204,26.17,145.11,45.7,Rainy,Impatient,6.37,Normal
2026-03-23 22:01:00,Panchavati,20,15,40,46,112,111,141,147,313,22.57,207.73,63.52,Foggy,Impatient,8.18,High
2026-03-30 23:41:00,Panchavati,107,64,35,123,64,82,145,18,351,38.88,234.67,72.31,Rainy,Frustrated,9.91,High
2026-03-22 09:42:00,Govind Nagar,16,117,90,53,12,36,84,19,202,50.02,145.19,36.8,Rainy,Impatient,6.9,Normal
2026-03-06 22:48:00,Gangapur Road,122,101,26,73,65,69,126,108,339,32.58,212.23,77.3,Foggy,Anxious,9.78,High
2026-03-05 13:52:00,Mumbai Naka,83,38,102,86,129,56,79,10,393,20.52,249.0,65.61,Foggy,Frustrated,9.0,High
2026-03-26 21:14:00,Mhasrul,133,37,41,65,100,129,17,65,291,38.44,202.33,65.29,Foggy,Anxious,8.2,High
2026-03-19 09:28:00,Rane Nagar,105,64,67,138,101,90,126,129,399,25.93,240.68,65.35,Overcast,Frustrated,9.67,High
2026-03-27 05:26:00,Makhmalabad,69,51,30,95,141,47,42,66,282,26.32,182.59,50.92,Overcast,Impatient,5.13,Normal
2026-03-01 14:50:00,CBS Circle,46,110,61,37,36,99,15,132,158,43.94,127.88,36.47,Rainy,Neutral,6.01,Normal
2026-03-07 03:57:00,Makhmalabad,55,52,122,130,128,89,76,137,381,23.75,247.44,87.08,Overcast,Impatient,9.61,High
2026-03-28 20:41:00,Ashok Stambh,56,137,31,36,113,110,22,14,222,31.91,162.64,41.89,Overcast,Impatient,4.37,Normal
2026-03-19 00:47:00,Govind Nagar,15,147,139,108,126,150,150,45,430,13.52,264.86,100.51,Foggy,Anxious,7.88,High
2026-03-09 10:03:00,Sinnar Phata,147,119,110,16,87,136,31,58,375,34.3,236.58,78.87,Overcast,Anxious,9.16,High
2026-03-28 23:32:00,Satpur MIDC,99,128,143,99,85,83,11,17,338,42.94,221.55,67.64,Foggy,Anxious,8.13,High
2026-03-17 06:00:00,Trimbak Naka,133,129,147,102,86,142,21,119,387,31.43,234.5,81.32,Rainy,Anxious,10.0,High
2026-03-07 18:34:00,College Road,89,103,66,47,126,139,124,100,405,26.62,256.5,87.22,Overcast,Anxious,7.15,High
2026-03-15 04:11:00,Indira Nagar,38,114,139,72,12,93,21,113,210,57.72,156.01,42.19,Overcast,Neutral,4.53,Normal
2026-03-07 17:47:00,Bytco Point,24,51,106,55,92,13,143,132,365,22.35,241.94,62.42,Clear,Impatient,7.39,High
2026-03-22 10:32:00,Adgaon Naka,89,66,137,34,14,16,27,110,267,25.17,187.56,43.04,Overcast,Neutral,5.5,Normal
2026-03-12 05:03:00,Rane Nagar,65,145,80,50,52,138,20,43,217,32.87,161.56,48.04,Rainy,Impatient,8.01,High
2026-03-07 18:05:00,Ashok Stambh,123,57,116,148,49,111,39,57,327,13.11,208.09,78.08,Foggy,Impatient,7.96,High
2026-03-13 01:17:00,Panchavati,57,14,137,15,126,40,115,35,435,27.17,260.61,74.36,Overcast,Frustrated,7.01,High
2026-03-20 07:19:00,Makhmalabad,145,81,70,128,78,95,53,122,346,39.04,225.7,58.11,Overcast,Neutral,6.89,Normal
2026-03-01 01:23:00,Sinnar Phata,62,58,14,33,34,65,123,110,233,31.28,161.64,44.9,Foggy,Neutral,5.56,Normal
2026-03-13 05:11:00,Makhmalabad,84,50,67,132,109,39,60,29,320,19.52,200.54,56.75,Clear,Impatient,5.73,Normal
2026-03-18 18:37:00,Gangapur Road,111,23,140,80,16,57,68,138,335,39.17,226.15,70.49,Overcast,Impatient,8.9,High
2026-03-21 11:33:00,Trimbak Naka,39,96,127,147,61,15,73,121,300,28.55,195.82,65.65,Rainy,Anxious,10.0,High
2026-03-19 17:52:00,College Road,147,64,150,81,76,38,31,46,404,49.36,244.59,76.3,Foggy,Frustrated,8.03,High
2026-03-02 22:34:00,Panchavati,59,104,23,122,66,130,124,123,272,50.62,178.83,44.77,Overcast,Impatient,4.19,Normal
2026-03-19 14:32:00,Mhasrul,48,77,88,42,26,48,33,62,195,45.27,144.3,40.16,Overcast,Neutral,5.67,Normal
2026-03-23 04:20:00,Sinnar Phata,25,120,47,95,17,149,14,60,103,35.14,103.36,17.51,Overcast,Neutral,3.06,Normal
2026-03-21 03:42:00,Bytco Point,104,94,83,16,102,47,42,52,331,26.67,208.04,61.46,Foggy,Impatient,7.27,High
2026-03-01 08:32:00,Dwarka Circle,126,38,97,109,12,41,80,107,315,47.53,208.75,59.43,Foggy,Neutral,5.23,Normal
2026-03-19 13:07:00,CBS Circle,82,75,51,137,38,76,52,57,223,31.87,161.49,44.18,Rainy,Impatient,7.03,High
2026-03-09 09:37:00,Satpur MIDC,52,85,122,131,109,63,41,68,324,33.8,202.36,61.58,Overcast,Frustrated,9.65,High
2026-03-05 15:50:00,Govind Nagar,21,59,12,70,77,111,80,108,190,43.3,149.1,34.34,Overcast,Neutral,5.46,Normal
2026-03-19 15:32:00,Indira Nagar,131,119,63,48,22,69,95,74,311,50.23,206.88,51.97,Clear,Neutral,5.7,Normal
2026-03-09 02:43:00,Gangapur Road,96,92,38,109,132,17,100,121,366,31.21,235.58,86.18,Overcast,Impatient,8.58,High
2026-03-27 18:02:00,Dwarka Circle,139,62,39,47,127,40,141,113,446,29.88,282.31,89.21,Overcast,Frustrated,8.13,High
2026-03-07 12:46:00,Satpur MIDC,111,32,145,41,61,42,65,150,382,35.66,232.66,80.48,Clear,Anxious,9.3,High
2026-03-20 12:27:00,Govind Nagar,77,89,17,71,49,127,144,130,287,46.94,184.12,50.3,Foggy,Neutral,5.08,Normal
2026-03-30 23:42:00,Satpur MIDC,58,71,108,25,98,16,97,17,361,19.25,226.86,82.26,Rainy,Frustrated,8.66,High
2026-03-27 10:19:00,Govind Nagar,134,33,134,140,139,63,54,119,461,11.53,284.93,88.67,Overcast,Impatient,7.54,High
2026-03-30 08:16:00,College Road,57,107,85,57,93,104,69,38,304,33.08,207.56,71.75,Foggy,Anxious,9.08,High
2026-03-07 04:39:00,Mhasrul,112,125,100,38,12,108,107,143,331,14.78,209.94,78.16,Foggy,Frustrated,9.55,High
2026-03-05 01:16:00,Adgaon Naka,141,34,123,54,126,142,137,23,527,23.3,312.57,94.58,Clear,Anxious,9.15,High
2026-03-24 02:14:00,Ashok Stambh,57,18,82,37,144,80,23,137,306,47.42,209.02,68.0,Rainy,Frustrated,10.0,High
2026-03-25 06:13:00,Nashik Road,63,29,103,123,30,65,25,144,221,27.02,163.24,50.86,Rainy,Impatient,5.89,Normal
2026-03-03 11:19:00,Mumbai Naka,138,34,44,37,44,115,84,112,310,35.48,206.58,63.09,Overcast,Frustrated,7.16,High
2026-03-27 07:07:00,Indira Nagar,131,105,73,129,22,66,125,73,351,16.24,217.64,57.27,Overcast,Impatient,5.94,Normal
2026-03-02 18:25:00,Mumbai Naka,67,19,104,19,55,128,18,114,244,21.78,173.3,54.78,Overcast,Neutral,6.26,Normal
2026-03-19 21:13:00,Indira Nagar,57,135,66,110,128,127,27,75,278,37.66,186.64,53.82,Rainy,Neutral,6.29,Normal
2026-03-11 19:25:00,Ashok Stambh,57,77,20,108,117,93,66,63,260,52.42,172.94,55.8,Clear,Impatient,4.8,Normal
2026-03-29 07:28:00,Makhmalabad,28,56,79,102,106,39,75,64,288,41.8,201.76,68.03,Rainy,Impatient,10.0,High
2026-03-18 08:42:00,Dwarka Circle,49,150,18,130,61,144,68,19,196,34.17,150.85,31.5,Clear,Neutral,4.4,Normal
2026-03-14 08:37:00,Govind Nagar,20,50,51,91,119,123,102,26,292,52.57,196.05,56.06,Rainy,Impatient,7.2,High
2026-03-19 10:20:00,Mumbai Naka,88,54,75,19,141,114,149,67,453,48.07,281.84,87.65,Rainy,Anxious,9.5,High
2026-03-01 17:07:00,Makhmalabad,77,45,29,16,118,14,43,46,267,52.18,180.96,58.62,Overcast,Impatient,6.91,Normal
2026-03-03 15:54:00,CBS Circle,17,113,93,116,95,10,67,38,272,12.37,193.58,53.81,Rainy,Impatient,5.78,Normal
2026-03-18 17:52:00,Rane Nagar,129,83,22,62,25,69,77,86,253,38.4,173.81,60.16,Clear,Impatient,9.0,High
2026-03-16 16:11:00,Nashik Road,123,121,150,90,59,26,71,130,403,50.86,253.87,87.11,Foggy,Frustrated,8.78,High
2026-03-14 05:05:00,Indira Nagar,128,85,81,53,118,132,45,80,372,33.95,244.93,80.83,Clear,Anxious,7.56,High
2026-03-09 12:41:00,Adgaon Naka,34,140,144,27,40,122,63,114,281,45.79,186.31,58.61,Foggy,Impatient,6.36,Normal
2026-03-23 17:41:00,Makhmalabad,50,67,54,97,23,120,130,55,257,25.93,184.11,46.28,Clear,Neutral,5.53,Normal
2026-03-23 15:22:00,Mumbai Naka,10,81,13,66,95,112,150,32,268,42.91,192.95,61.96,Overcast,Anxious,9.81,High
2026-03-10 12:12:00,Mumbai Naka,90,149,29,22,103,58,117,105,339,21.29,218.43,71.06,Clear,Anxious,8.0,High
2026-03-08 15:00:00,Dwarka Circle,60,113,124,13,82,13,109,25,375,12.81,228.06,66.0,Foggy,Impatient,8.38,High
2026-03-02 17:17:00,Patherdi Phata,75,35,142,59,137,38,83,48,437,54.25,275.5,71.8,Overcast,Impatient,9.68,High
2026-03-02 02:27:00,Rane Nagar,49,76,128,61,70,128,71,85,318,28.01,215.08,68.12,Clear,Frustrated,9.54,High
2026-03-27 17:43:00,Bytco Point,41,49,60,11,72,72,88,28,261,36.91,188.09,56.87,Foggy,Impatient,4.75,Normal
2026-03-07 15:01:00,Indira Nagar,15,19,107,114,18,148,31,88,171,14.03,137.69,34.2,Foggy,Impatient,5.6,Normal
2026-03-19 16:27:00,Mumbai Naka,101,141,46,66,37,144,98,125,282,44.98,187.55,49.04,Overcast,Impatient,6.85,Normal
2026-03-20 05:36:00,Adgaon Naka,129,122,130,32,104,85,117,126,480,45.85,291.16,90.21,Overcast,Impatient,8.98,High
2026-03-10 08:15:00,Govind Nagar,149,131,98,121,38,135,52,127,337,49.44,222.85,66.07,Overcast,Frustrated,7.95,High
2026-03-11 19:54:00,Patherdi Phata,72,39,55,83,145,30,23,74,295,49.39,193.95,52.26,Rainy,Neutral,7.55,High
2026-03-26 08:50:00,Patherdi Phata,23,13,29,70,10,105,115,54,177,34.94,143.31,29.06,Overcast,Satisfied,1.64,Normal
2026-03-08 17:39:00,Ashok Stambh,110,146,18,15,74,100,60,96,262,20.74,187.05,43.9,Overcast,Impatient,5.57,Normal
2026-03-12 03:31:00,Adgaon Naka,123,47,115,125,139,74,126,134,503,50.4,302.65,96.45,Foggy,Frustrated,8.34,High
2026-03-27 12:21:00,Nashik Road,16,37,35,111,137,100,94,113,282,36.4,190.69,55.67,Clear,Impatient,4.05,Normal
2026-03-27 12:23:00,Mhasrul,105,14,146,32,76,28,23,66,350,53.95,218.17,77.02,Rainy,Impatient,9.84,High
2026-03-19 18:19:00,Mhasrul,24,15,125,93,84,57,117,51,350,50.75,229.52,71.6,Rainy,Frustrated,10.0,High
2026-03-11 10:35:00,Satpur MIDC,85,79,45,115,150,87,26,83,306,28.2,197.55,65.49,Rainy,Anxious,9.36,High
2026-03-27 20:01:00,Patherdi Phata,53,81,133,31,85,67,122,70,393,27.09,242.88,88.47,Foggy,Frustrated,9.0,High
2026-03-22 21:39:00,CBS Circle,28,68,57,46,97,43,45,87,227,18.65,163.2,50.36,Overcast,Neutral,6.84,Normal
2026-03-16 17:18:00,Dwarka Circle,147,103,89,146,108,142,93,133,437,53.7,272.15,72.18,Clear,Anxious,8.6,High
2026-03-08 01:29:00,Dwarka Circle,20,108,30,144,22,72,43,16,115,21.48,106.86,21.74,Rainy,Neutral,3.26,Normal
2026-03-05 23:20:00,Gangapur Road,15,108,19,115,72,45,59,121,165,47.49,125.76,31.47,Clear,Neutral,4.22,Normal
2026-03-28 23:49:00,Gangapur Road,40,55,150,73,43,109,55,67,288,25.83,197.31,46.11,Foggy,Impatient,6.63,Normal
2026-03-06 17:37:00,CBS Circle,80,32,48,14,85,113,139,15,352,39.31,223.01,57.24,Foggy,Impatient,4.55,Normal
2026-03-14 07:12:00,Nashik Road,89,145,86,142,69,59,15,83,259,38.29,183.32,43.48,Clear,Neutral,4.13,Normal
2026-03-13 18:10:00,Panchavati,44,74,91,65,118,23,41,117,294,27.32,197.53,59.23,Rainy,Neutral,6.9,Normal
2026-03-16 10:04:00,Sinnar Phata,127,95,115,11,100,21,137,54,479,51.03,291.21,86.18,Rainy,Impatient,9.0,High
2026-03-25 03:36:00,Panchavati,34,53,10,28,34,121,70,69,148,37.09,130.4,30.69,Overcast,Impatient,4.62,Normal
2026-03-05 02:08:00,Sinnar Phata,78,78,32,105,148,45,50,105,308,51.5,198.27,72.33,Overcast,Anxious,9.51,High
2026-03-15 14:01:00,Mumbai Naka,32,40,49,45,40,90,149,74,270,46.06,183.71,54.97,Clear,Neutral,6.27,Normal
2026-03-04 22:16:00,Satpur MIDC,138,35,67,50,107,93,144,78,456,54.39,280.19,99.72,Rainy,Anxious,10.0,High
2026-03-27 09:18:00,Satpur MIDC,102,98,116,107,21,64,99,95,338,31.71,212.86,61.69,Foggy,Frustrated,9.59,High
2026-03-18 08:53:00,CBS Circle,66,33,146,51,129,90,55,92,396,48.62,240.74,89.28,Clear,Anxious,9.14,High
2026-03-06 13:54:00,Ashok Stambh,75,16,39,96,143,113,91,51,348,28.14,219.07,59.13,Foggy,Neutral,5.97,Normal
2026-03-23 18:42:00,CBS Circle,52,12,13,119,47,23,98,98,210,37.88,155.57,43.61,Foggy,Neutral,6.61,Normal
2026-03-14 00:24:00,Patherdi Phata,71,35,143,13,149,73,137,80,500,43.56,293.67,86.66,Overcast,Impatient,9.45,High
2026-03-24 02:31:00,Ashok Stambh,96,16,26,86,134,31,20,89,276,25.28,180.15,44.81,Clear,Neutral,6.86,Normal
2026-03-25 20:42:00,Nashik Road,70,52,43,72,17,118,19,44,149,15.58,119.86,29.22,Foggy,Satisfied,3.31,Normal
2026-03-23 00:23:00,Dwarka Circle,65,63,92,115,113,109,110,37,380,46.86,233.31,71.84,Rainy,Frustrated,10.0,High
2026-03-25 08:15:00,Govind Nagar,66,70,96,144,84,42,72,32,318,12.19,201.26,54.24,Rainy,Neutral,6.8,Normal
2026-03-12 20:44:00,Indira Nagar,136,102,16,103,85,58,77,143,314,18.52,199.63,54.55,Clear,Impatient,6.68,Normal
2026-03-16 17:49:00,CBS Circle,123,95,11,84,45,91,31,46,210,46.98,157.59,43.43,Rainy,Impatient,7.88,High
2026-03-06 03:41:00,Deolali Camp,46,117,88,31,59,64,74,77,267,48.41,193.24,47.56,Foggy,Neutral,6.47,Normal
2026-03-26 08:21:00,Nashik Road,96,51,36,71,130,92,37,16,299,46.92,204.99,61.84,Rainy,Impatient,10.0,High
2026-03-08 10:40:00,College Road,31,112,16,75,105,122,93,150,245,20.32,178.94,48.84,Overcast,Impatient,4.27,Normal
2026-03-19 15:35:00,Satpur MIDC,75,41,71,24,34,25,34,111,214,23.82,162.37,46.08,Overcast,Neutral,6.1,Normal
2026-03-10 13:35:00,Mumbai Naka,137,52,61,73,29,17,30,66,257,40.16,169.78,55.43,Rainy,Neutral,7.72,High
2026-03-20 03:58:00,Nashik Road,76,47,121,110,38,102,42,50,277,20.61,181.26,65.6,Overcast,Anxious,8.65,High
2026-03-07 18:25:00,Nashik Road,79,56,118,75,69,101,128,108,394,22.14,243.34,82.65,Foggy,Impatient,7.98,High
2026-03-21 01:44:00,Nashik Road,105,11,144,131,85,65,91,27,425,15.69,262.46,94.11,Rainy,Frustrated,10.0,High
2026-03-06 09:02:00,Mhasrul,143,51,79,76,64,129,53,55,339,52.3,223.7,69.8,Clear,Impatient,7.88,High
2026-03-13 09:35:00,Patherdi Phata,41,82,62,34,43,143,26,90,172,43.44,136.18,38.46,Foggy,Neutral,6.5,Normal
2026-03-21 23:33:00,Ashok Stambh,111,78,138,78,116,73,22,130,387,54.96,237.51,74.53,Overcast,Anxious,9.95,High
2026-03-24 13:33:00,Bytco Point,73,98,42,27,85,126,63,149,263,15.12,174.95,60.84,Overcast,Anxious,7.9,High
2026-03-11 04:30:00,Nashik Road,150,78,92,81,64,65,24,120,330,31.77,219.89,76.42,Rainy,Impatient,10.0,High
2026-03-26 00:02:00,Satpur MIDC,114,31,68,83,97,29,113,98,392,40.01,241.65,92.96,Clear,Anxious,9.75,High
2026-03-05 00:12:00,Dwarka Circle,141,114,142,82,12,141,29,22,324,56.04,211.87,64.36,Rainy,Impatient,8.93,High
2026-03-10 00:21:00,Dwarka Circle,72,27,49,85,114,129,17,58,252,22.75,168.42,59.93,Foggy,Impatient,4.47,Normal
2026-03-05 18:15:00,Makhmalabad,18,136,93,13,38,35,10,13,159,56.1,136.41,26.66,Clear,Neutral,2.88,Normal
2026-03-08 06:08:00,Deolali Camp,16,97,15,13,122,71,125,41,278,41.52,181.71,62.9,Rainy,Frustrated,10.0,High
2026-03-19 14:49:00,Trimbak Naka,94,40,149,121,27,16,32,64,302,30.14,208.17,69.01,Clear,Frustrated,8.63,High
2026-03-17 22:22:00,Satpur MIDC,118,145,121,102,30,136,137,40,406,51.42,255.38,89.96,Clear,Impatient,7.18,High
2026-03-27 19:52:00,Adgaon Naka,23,99,36,87,114,70,20,96,193,13.58,150.5,33.64,Rainy,Impatient,8.09,High
2026-03-14 20:01:00,CBS Circle,105,36,27,141,44,78,89,29,265,21.3,188.51,47.3,Clear,Neutral,5.4,Normal
2026-03-12 00:16:00,CBS Circle,56,88,37,26,133,28,128,58,354,30.56,221.73,77.65,Clear,Anxious,8.82,High
2026-03-17 02:13:00,Dwarka Circle,41,140,95,19,70,25,127,99,333,19.75,222.47,57.67,Rainy,Impatient,5.75,Normal
2026-03-05 02:17:00,College Road,91,126,93,75,146,109,135,105,465,14.33,288.4,89.33,Clear,Impatient,8.86,High
2026-03-07 22:10:00,Nashik Road,71,139,11,142,28,104,43,102,153,30.59,130.95,35.37,Foggy,Impatient,5.98,Normal
2026-03-08 21:08:00,College Road,82,19,108,107,42,103,106,18,338,41.49,215.19,62.29,Clear,Anxious,9.51,High
2026-03-29 06:51:00,CBS Circle,44,110,63,83,100,79,19,23,226,42.24,165.97,36.85,Rainy,Impatient,8.03,High
2026-03-24 03:10:00,Mhasrul,45,147,17,148,116,106,59,62,237,21.84,162.79,50.21,Clear,Neutral,5.52,Normal
2026-03-18 02:02:00,Nashik Road,43,58,91,65,81,41,55,117,270,39.44,192.48,51.51,Overcast,Neutral,6.97,Normal
2026-03-24 19:07:00,Govind Nagar,121,124,62,106,32,82,14,114,229,42.76,167.88,40.83,Rainy,Neutral,7.05,High
2026-03-04 17:59:00,Panchavati,57,100,31,147,31,57,68,21,187,21.2,142.33,41.58,Clear,Neutral,5.33,Normal
2026-03-15 11:24:00,Sinnar Phata,119,137,126,46,38,116,53,143,336,14.15,208.93,67.56,Rainy,Anxious,10.0,High
2026-03-23 00:21:00,Rane Nagar,131,85,40,124,139,15,78,41,388,20.69,252.68,82.17,Rainy,Frustrated,10.0,High
2026-03-09 12:02:00,Rane Nagar,54,145,119,28,24,55,56,120,253,35.5,183.66,40.67,Clear,Neutral,6.58,Normal
2026-03-26 14:13:00,Gangapur Road,63,103,93,87,30,112,27,23,213,55.3,155.61,37.23,Foggy,Impatient,6.26,Normal
2026-03-22 22:23:00,Mhasrul,52,32,65,94,99,119,26,10,242,31.72,179.9,57.4,Clear,Neutral,5.85,Normal
2026-03-18 06:10:00,Bytco Point,29,47,58,75,23,121,45,142,155,31.2,135.14,31.54,Foggy,Neutral,5.37,Normal
2026-03-05 14:21:00,Govind Nagar,53,144,56,97,123,147,77,90,309,50.87,206.48,50.72,Foggy,Neutral,6.63,Normal
2026-03-27 05:00:00,CBS Circle,81,60,12,51,22,11,70,26,185,50.02,141.2,43.45,Clear,Neutral,4.87,Normal
2026-03-08 02:09:00,Satpur MIDC,51,106,102,77,147,114,136,66,436,31.92,274.95,103.67,Foggy,Impatient,7.29,High
2026-03-18 07:22:00,CBS Circle,141,141,81,20,37,15,50,79,309,17.38,197.76,71.02,Overcast,Anxious,7.15,High
2026-03-06 22:38:00,Mhasrul,141,79,20,53,147,41,16,31,324,44.52,207.42,71.38,Clear,Anxious,9.16,High
2026-03-19 16:38:00,Adgaon Naka,114,140,148,50,100,83,72,100,434,19.26,270.55,82.15,Clear,Impatient,7.54,High
2026-03-21 01:10:00,Govind Nagar,134,113,120,116,45,10,143,87,442,15.74,271.42,102.74,Rainy,Impatient,8.74,High
2026-03-22 18:48:00,Bytco Point,105,49,56,88,98,36,143,105,402,50.94,256.3,91.79,Overcast,Frustrated,7.97,High
2026-03-16 08:02:00,Makhmalabad,55,56,78,28,79,37,97,145,309,44.96,199.19,72.27,Foggy,Frustrated,7.7,High
2026-03-03 23:04:00,Mhasrul,104,31,23,97,26,99,18,147,171,28.8,139.73,27.82,Foggy,Neutral,3.24,Normal
2026-03-24 22:51:00,Mhasrul,108,21,96,44,139,78,100,15,443,42.14,268.53,87.53,Rainy,Frustrated,10.0,High
2026-03-01 17:26:00,Mhasrul,12,119,89,17,95,70,14,136,210,25.45,160.99,39.69,Foggy,Neutral,6.51,Normal
2026-03-01 06:01:00,Govind Nagar,124,36,76,41,59,57,119,136,378,44.66,246.04,62.31,Clear,Impatient,7.4,High
2026-03-26 09:23:00,Nashik Road,93,64,60,131,75,103,148,27,376,32.63,240.83,67.02,Overcast,Frustrated,7.45,High
2026-03-06 19:21:00,Indira Nagar,50,118,134,96,115,135,71,112,370,19.29,225.55,81.53,Clear,Frustrated,8.61,High
2026-03-22 17:07:00,Patherdi Phata,137,97,45,44,34,34,42,96,258,27.76,176.8,58.78,Overcast,Neutral,6.38,Normal
2026-03-16 14:03:00,Nashik Road,133,40,48,64,115,73,111,113,407,47.45,252.24,73.35,Overcast,Anxious,8.44,High
2026-03-23 23:59:00,CBS Circle,138,61,63,75,101,136,47,46,349,51.08,224.65,64.05,Rainy,Impatient,10.0,High
2026-03-12 01:04:00,Satpur MIDC,64,92,110,89,93,131,105,119,372,49.22,228.74,76.07,Foggy,Frustrated,9.87,High
2026-03-01 23:56:00,Mumbai Naka,141,124,45,29,52,124,137,25,375,28.45,234.5,80.41,Clear,Impatient,9.31,High
2026-03-01 10:07:00,Rane Nagar,45,120,103,81,116,99,60,126,324,21.27,211.63,71.48,Overcast,Impatient,7.51,High
2026-03-12 13:41:00,Panchavati,106,58,108,101,150,134,119,135,483,12.25,296.71,100.27,Foggy,Impatient,8.34,High
2026-03-06 15:57:00,Dwarka Circle,94,138,104,63,46,18,77,149,321,39.3,214.95,74.78,Foggy,Impatient,8.33,High
2026-03-15 01:39:00,Nashik Road,11,12,127,38,21,64,49,128,208,18.35,160.13,41.01,Clear,Impatient,5.71,Normal
2026-03-06 05:55:00,Ashok Stambh,99,35,106,148,150,85,33,129,388,17.54,234.58,81.01,Clear,Impatient,9.24,High
2026-03-16 10:23:00,CBS Circle,36,61,85,15,96,32,133,105,350,19.47,219.21,80.11,Rainy,Anxious,9.12,High
2026-03-15 04:10:00,Rane Nagar,35,85,103,128,14,85,83,11,235,15.08,172.9,41.58,Foggy,Neutral,6.68,Normal
2026-03-16 15:47:00,Dwarka Circle,33,81,62,67,91,49,49,130,235,34.72,159.06,38.13,Foggy,Impatient,6.73,Normal
2026-03-27 03:15:00,Govind Nagar,19,78,63,126,105,147,106,15,293,16.08,190.69,61.89,Overcast,Frustrated,9.42,High
2026-03-06 08:29:00,Deolali Camp,92,41,31,144,89,15,30,12,242,36.81,167.12,44.89,Clear,Impatient,4.7,Normal
2026-03-21 19:53:00,Rane Nagar,74,109,47,25,80,100,78,38,279,53.86,182.91,61.59,Overcast,Anxious,9.0,High
2026-03-13 17:39:00,Govind Nagar,64,110,108,110,21,133,60,64,253,41.82,174.19,56.66,Rainy,Impatient,7.86,High
2026-03-23 10:20:00,Trimbak Naka,76,59,57,124,26,137,67,99,226,25.83,165.73,41.47,Foggy,Impatient,5.79,Normal
2026-03-30 04:06:00,Deolali Camp,98,92,99,77,103,88,47,45,347,45.36,221.99,63.23,Overcast,Anxious,9.56,High
2026-03-18 00:28:00,Dwarka Circle,138,39,34,131,44,59,117,80,333,11.92,221.81,59.91,Clear,Impatient,5.46,Normal
2026-03-07 16:31:00,Ashok Stambh,65,117,122,116,145,117,107,22,439,14.31,268.91,84.15,Overcast,Impatient,8.38,High
2026-03-19 06:21:00,Rane Nagar,137,119,81,96,85,147,46,12,349,47.13,227.09,66.73,Foggy,Anxious,9.92,High
2026-03-17 23:32:00,Panchavati,63,81,117,118,54,57,65,47,299,17.46,209.14,64.45,Rainy,Anxious,10.0,High
2026-03-29 23:49:00,Mumbai Naka,82,28,97,91,64,145,144,18,387,42.48,233.59,62.19,Rainy,Anxious,10.0,High
2026-03-01 16:51:00,College Road,41,24,114,113,95,96,129,30,379,19.8,231.8,85.89,Overcast,Impatient,7.87,High
2026-03-22 07:51:00,Bytco Point,24,58,138,102,36,85,13,105,211,19.29,160.82,36.64,Clear,Neutral,5.01,Normal
2026-03-18 07:56:00,Adgaon Naka,34,12,106,70,109,97,52,104,301,30.37,205.72,67.42,Rainy,Anxious,9.36,High
2026-03-08 01:45:00,Nashik Road,99,99,113,41,30,81,149,63,391,12.91,252.11,82.96,Overcast,Impatient,7.53,High
2026-03-22 08:12:00,Patherdi Phata,71,38,144,15,77,52,147,134,439,31.67,263.74,91.52,Clear,Impatient,9.28,High
2026-03-06 17:47:00,College Road,147,10,65,128,95,133,95,61,402,27.28,250.86,67.99,Overcast,Anxious,8.91,High
2026-03-13 23:16:00,Satpur MIDC,140,31,130,144,57,98,121,148,448,30.3,273.28,105.11,Foggy,Frustrated,7.55,High
2026-03-14 12:14:00,Bytco Point,89,12,21,34,90,77,93,97,293,25.55,194.72,66.44,Foggy,Frustrated,7.66,High
2026-03-12 06:26:00,Patherdi Phata,130,137,111,106,66,144,107,118,414,19.79,266.92,71.89,Clear,Anxious,7.5,High
2026-03-02 15:09:00,Makhmalabad,72,121,41,89,21,128,92,124,226,49.84,173.0,41.49,Rainy,Neutral,7.83,High
2026-03-27 11:40:00,Sinnar Phata,63,52,114,43,123,76,74,104,374,25.81,235.07,67.31,Overcast,Impatient,9.41,High
2026-03-22 22:26:00,Panchavati,24,47,88,50,27,28,50,19,189,47.69,146.53,31.65,Foggy,Impatient,6.86,Normal
2026-03-13 18:48:00,Mumbai Naka,17,33,106,73,63,40,61,128,247,20.8,171.22,49.84,Clear,Impatient,5.05,Normal
2026-03-16 14:58:00,Makhmalabad,121,97,65,94,127,17,49,20,362,49.12,227.73,63.22,Rainy,Frustrated,8.7,High
2026-03-25 00:35:00,Mhasrul,61,29,44,26,22,44,51,79,178,33.07,138.04,42.34,Overcast,Impatient,4.58,Normal
2026-03-10 07:56:00,Satpur MIDC,35,22,73,147,147,150,107,67,362,19.5,230.96,84.28,Foggy,Frustrated,9.82,High
2026-03-27 05:11:00,Trimbak Naka,24,122,145,12,53,58,20,45,242,16.53,176.13,51.6,Overcast,Neutral,6.18,Normal
2026-03-14 02:41:00,Govind Nagar,132,129,133,95,142,67,138,96,545,40.83,331.72,105.18,Clear,Frustrated,7.21,High
2026-03-30 13:06:00,Rane Nagar,54,74,28,47,52,93,56,49,190,25.87,142.76,39.91,Clear,Neutral,4.14,Normal
2026-03-02 16:48:00,College Road,22,125,48,53,97,97,92,11,259,52.79,179.5,49.85,Clear,Neutral,4.78,Normal
2026-03-26 06:54:00,Bytco Point,97,22,149,12,111,79,147,77,504,31.6,292.1,109.82,Foggy,Impatient,9.74,High
2026-03-02 06:20:00,Govind Nagar,47,127,42,129,126,77,109,131,324,13.61,215.81,53.88,Clear,Neutral,6.29,Normal
2026-03-15 16:36:00,Panchavati,117,130,63,84,149,82,66,14,395,17.25,245.28,72.45,Rainy,Frustrated,8.71,High
2026-03-26 16:55:00,Bytco Point,124,128,46,68,34,69,73,150,277,53.27,194.44,45.34,Clear,Impatient,5.21,Normal
2026-03-02 13:22:00,Patherdi Phata,75,129,83,131,122,109,118,27,398,27.64,242.01,66.15,Rainy,Impatient,8.83,High
2026-03-23 21:14:00,Makhmalabad,116,81,147,75,110,43,144,133,517,47.59,299.54,92.95,Rainy,Frustrated,10.0,High
2026-03-27 15:20:00,Patherdi Phata,79,61,16,51,58,99,45,146,198,28.17,157.47,36.58,Overcast,Impatient,4.62,Normal
2026-03-22 00:06:00,Patherdi Phata,51,27,48,99,94,97,59,34,252,28.44,184.93,58.36,Rainy,Impatient,8.47,High
2026-03-03 21:14:00,Panchavati,84,58,122,37,37,109,100,32,343,46.28,213.94,57.86,Clear,Neutral,4.55,Normal
2026-03-25 05:56:00,Makhmalabad,91,79,46,63,122,85,146,109,405,44.39,249.67,77.79,Foggy,Frustrated,9.73,High
2026-03-21 05:58:00,Deolali Camp,89,148,122,137,75,73,111,40,397,16.6,249.94,68.68,Rainy,Anxious,10.0,High
2026-03-26 17:14:00,Indira Nagar,31,67,43,147,57,128,44,52,175,45.34,139.22,32.07,Overcast,Impatient,4.36,Normal
2026-03-01 23:28:00,Ashok Stambh,18,18,76,90,125,97,131,123,350,21.24,219.61,73.8,Overcast,Impatient,8.79,High
2026-03-21 15:07:00,Mumbai Naka,91,85,10,98,93,116,95,59,289,39.14,196.28,64.24,Overcast,Anxious,9.97,High
2026-03-28 07:17:00,CBS Circle,49,38,129,127,143,76,126,141,447,21.56,265.56,74.9,Clear,Impatient,7.73,High
2026-03-03 11:04:00,Sinnar Phata,142,71,69,11,47,136,19,72,277,20.61,189.29,61.37,Clear,Anxious,8.86,High
2026-03-11 04:16:00,Indira Nagar,131,71,78,134,47,59,116,84,372,48.59,238.89,84.79,Foggy,Frustrated,7.45,High
2026-03-03 11:20:00,Mumbai Naka,48,82,109,61,19,27,73,13,249,12.53,181.68,46.42,Clear,Impatient,5.95,Normal
2026-03-23 16:34:00,Govind Nagar,111,72,132,61,140,63,73,31,456,41.97,285.67,77.47,Foggy,Anxious,7.46,High
2026-03-26 22:29:00,Trimbak Naka,112,35,109,53,52,120,85,140,358,35.74,233.34,68.72,Rainy,Frustrated,10.0,High
2026-03-23 21:05:00,Sinnar Phata,110,132,108,21,32,39,98,139,348,31.52,232.17,74.57,Foggy,Frustrated,9.24,High
2026-03-20 01:17:00,Indira Nagar,96,95,36,15,71,88,87,29,290,19.59,202.23,63.06,Overcast,Frustrated,8.01,High
2026-03-21 20:38:00,Adgaon Naka,44,28,60,117,11,58,55,68,170,52.06,138.17,28.41,Clear,Neutral,2.21,Normal
2026-03-21 08:05:00,Makhmalabad,148,134,50,80,23,110,30,86,251,40.43,181.73,56.17,Clear,Neutral,6.14,Normal
2026-03-25 22:49:00,College Road,27,10,41,49,30,62,102,13,200,41.66,156.31,38.0,Foggy,Neutral,4.95,Normal
2026-03-23 16:42:00,Panchavati,18,70,120,132,61,24,78,21,277,18.77,188.61,66.42,Foggy,Anxious,8.41,High
2026-03-09 00:07:00,Bytco Point,23,131,88,85,30,59,22,98,163,39.33,127.69,38.93,Overcast,Neutral,4.71,Normal
2026-03-18 02:17:00,CBS Circle,57,45,105,98,139,21,79,117,380,40.68,233.81,62.54,Rainy,Frustrated,10.0,High
2026-03-14 20:19:00,Makhmalabad,12,34,131,118,21,84,70,131,234,43.36,165.21,41.13,Clear,Neutral,6.74,Normal
2026-03-26 08:47:00,College Road,120,70,126,49,16,132,128,12,390,36.57,236.82,64.14,Foggy,Frustrated,8.84,High
2026-03-25 15:26:00,Ashok Stambh,50,72,138,78,19,19,75,12,282,35.36,199.31,51.46,Clear,Impatient,6.17,Normal
2026-03-23 08:52:00,Nashik Road,22,35,148,10,100,108,85,58,355,43.81,235.14,84.13,Foggy,Frustrated,9.78,High
2026-03-04 06:24:00,Nashik Road,82,51,37,69,63,131,23,138,205,29.45,155.79,48.76,Clear,Impatient,5.51,Normal
2026-03-25 21:06:00,Govind Nagar,139,117,97,77,87,147,94,76,417,49.95,266.84,93.76,Rainy,Impatient,8.91,High
2026-03-24 19:36:00,Makhmalabad,109,41,44,52,149,105,25,140,327,12.34,210.3,66.04,Foggy,Frustrated,8.9,High
2026-03-04 19:45:00,Deolali Camp,117,147,57,16,34,88,91,74,299,46.33,200.15,49.56,Foggy,Impatient,6.09,Normal
2026-03-28 11:01:00,Dwarka Circle,28,99,11,36,59,53,45,70,143,26.65,112.81,25.26,Clear,Neutral,2.39,Normal
2026-03-29 08:43:00,Satpur MIDC,85,78,133,117,43,109,145,113,406,42.54,255.35,92.41,Clear,Anxious,9.25,High
2026-03-29 19:31:00,Bytco Point,36,35,135,96,133,80,81,18,385,54.68,243.33,83.46,Rainy,Impatient,10.0,High
2026-03-19 11:21:00,Makhmalabad,150,85,47,74,82,123,95,132,374,19.91,231.4,79.78,Clear,Impatient,7.75,High
2026-03-06 05:33:00,Gangapur Road,129,101,68,89,106,15,105,39,408,35.37,258.94,70.51,Clear,Anxious,8.89,High
2026-03-21 02:22:00,Adgaon Naka,59,48,54,42,138,90,143,71,394,42.52,241.93,82.42,Overcast,Impatient,9.25,High
2026-03-16 17:33:00,Deolali Camp,58,30,86,75,12,119,28,51,184,14.58,147.71,38.15,Overcast,Impatient,5.98,Normal
2026-03-10 04:56:00,Bytco Point,77,59,143,46,62,148,140,13,422,17.04,268.41,68.91,Clear,Impatient,7.65,High
2026-03-12 02:45:00,Nashik Road,66,90,89,51,11,53,12,136,178,46.87,137.99,30.17,Foggy,Neutral,6.13,Normal
2026-03-29 07:34:00,Satpur MIDC,140,113,98,89,121,30,34,14,393,34.62,246.36,90.23,Overcast,Frustrated,9.79,High
2026-03-01 00:59:00,Mumbai Naka,22,20,16,112,76,69,33,13,147,14.36,120.17,23.74,Clear,Neutral,2.35,Normal
2026-03-23 05:00:00,Satpur MIDC,79,114,83,89,77,12,91,20,330,25.81,223.25,65.89,Rainy,Frustrated,10.0,High
2026-03-01 19:26:00,Dwarka Circle,77,85,130,20,18,149,65,60,290,40.48,202.06,58.21,Overcast,Neutral,5.63,Normal
2026-03-18 01:39:00,Indira Nagar,13,129,123,93,120,81,35,100,291,17.26,186.39,54.38,Overcast,Neutral,4.28,Normal
2026-03-07 23:09:00,Gangapur Road,39,125,115,115,88,124,42,31,284,35.66,198.26,63.6,Foggy,Impatient,7.14,High
2026-03-23 04:32:00,Bytco Point,112,102,111,114,15,74,30,44,268,20.78,185.42,50.34,Overcast,Impatient,6.41,Normal
2026-03-08 08:30:00,Govind Nagar,48,84,56,115,51,70,28,87,183,40.47,131.78,36.0,Rainy,Neutral,7.19,High
2026-03-15 07:28:00,CBS Circle,10,31,107,51,106,66,70,137,293,40.58,197.84,49.13,Foggy,Neutral,6.72,Normal
2026-03-03 08:45:00,Satpur MIDC,130,38,120,107,113,35,80,134,443,38.73,278.72,101.41,Overcast,Frustrated,7.56,High
2026-03-21 11:51:00,Rane Nagar,17,114,138,10,102,60,149,44,406,35.65,257.22,92.1,Rainy,Impatient,10.0,High
2026-03-15 22:08:00,College Road,86,21,95,149,107,110,64,134,352,28.61,218.89,60.46,Foggy,Anxious,7.2,High
2026-03-19 21:58:00,Satpur MIDC,30,91,27,78,22,101,43,123,122,48.45,106.88,29.05,Overcast,Satisfied,1.27,Normal
2026-03-23 08:02:00,Makhmalabad,88,102,140,117,92,112,63,45,383,30.51,249.45,75.63,Rainy,Anxious,8.74,High
2026-03-09 11:27:00,Makhmalabad,129,120,74,110,24,40,79,85,306,40.42,206.51,57.49,Rainy,Impatient,6.93,Normal
2026-03-19 20:22:00,Makhmalabad,41,69,22,73,32,42,137,56,232,39.14,173.73,42.14,Rainy,Neutral,7.9,High
2026-03-26 18:17:00,Patherdi Phata,28,143,134,101,105,24,72,18,339,45.02,224.77,68.68,Rainy,Anxious,10.0,High
2026-03-04 07:53:00,Dwarka Circle,11,141,88,98,53,142,61,57,213,33.36,147.37,35.27,Rainy,Impatient,6.47,Normal
2026-03-13 12:06:00,Deolali Camp,84,69,32,78,68,85,29,117,213,20.05,159.12,46.97,Foggy,Neutral,5.5,Normal
2026-03-16 10:36:00,Dwarka Circle,97,31,85,97,29,16,103,106,314,28.44,200.63,58.62,Clear,Impatient,6.96,Normal
2026-03-27 08:24:00,Mhasrul,39,57,130,47,142,111,79,18,390,32.96,243.79,79.48,Clear,Anxious,8.24,High
2026-03-18 23:23:00,Mumbai Naka,49,51,72,72,113,115,33,123,267,27.16,186.94,59.7,Overcast,Neutral,6.96,Normal
2026-03-24 15:39:00,Sinnar Phata,107,15,84,106,141,142,10,90,342,35.28,227.36,66.49,Clear,Frustrated,7.78,High
2026-03-14 03:58:00,Satpur MIDC,83,124,100,22,127,114,18,61,328,49.74,215.29,67.75,Overcast,Anxious,8.9,High
2026-03-11 19:19:00,Panchavati,60,45,69,32,88,94,101,109,318,40.61,200.28,51.44,Foggy,Impatient,6.72,Normal
2026-03-19 08:33:00,Rane Nagar,110,44,75,83,49,33,122,47,356,54.69,226.28,83.99,Clear,Anxious,8.98,High
2026-03-22 21:47:00,Indira Nagar,100,131,144,147,128,79,23,90,395,54.76,249.38,89.2,Foggy,Impatient,9.09,High
2026-03-13 12:47:00,Govind Nagar,114,34,93,42,90,13,136,142,433,33.98,271.32,70.88,Clear,Anxious,9.78,High
2026-03-06 23:32:00,Govind Nagar,76,113,142,26,127,30,26,23,371,54.15,226.69,76.45,Overcast,Anxious,7.87,High
2026-03-09 15:31:00,Mumbai Naka,91,97,80,81,132,101,25,96,328,14.86,219.96,73.54,Rainy,Frustrated,10.0,High
2026-03-30 01:05:00,Dwarka Circle,125,96,79,110,70,54,115,140,389,53.92,254.0,90.63,Rainy,Anxious,10.0,High
2026-03-15 22:04:00,Rane Nagar,85,105,127,111,36,97,49,114,297,23.68,195.28,52.42,Rainy,Neutral,6.01,Normal
2026-03-20 13:03:00,Nashik Road,134,134,146,93,90,84,116,139,486,42.81,290.32,100.96,Overcast,Anxious,9.2,High
2026-03-09 06:59:00,CBS Circle,131,16,16,37,42,45,80,63,269,32.2,175.53,56.05,Foggy,Impatient,4.54,Normal
2026-03-15 20:31:00,Bytco Point,147,42,51,47,21,64,51,143,270,39.74,182.35,45.77,Overcast,Neutral,6.1,Normal
2026-03-02 12:00:00,College Road,77,77,89,82,60,69,110,128,336,40.64,226.48,54.34,Foggy,Impatient,4.87,Normal
2026-03-30 02:14:00,Rane Nagar,129,125,66,145,66,122,12,107,273,41.72,192.11,52.33,Clear,Neutral,6.44,Normal
2026-03-15 10:31:00,Nashik Road,34,134,121,98,109,62,128,131,392,22.42,253.22,69.29,Clear,Frustrated,7.59,High
2026-03-19 21:23:00,Bytco Point,53,38,102,35,117,70,65,104,337,18.02,221.49,59.21,Rainy,Neutral,5.74,Normal
2026-03-27 19:58:00,Adgaon Naka,84,121,124,114,110,59,127,57,445,44.1,263.81,92.5,Rainy,Impatient,9.79,High
2026-03-26 09:00:00,Mumbai Naka,26,51,87,85,52,135,114,123,279,27.63,194.9,65.69,Overcast,Anxious,8.55,High
2026-03-11 17:57:00,Trimbak Naka,139,43,108,18,31,120,75,130,353,30.61,231.65,65.57,Foggy,Anxious,7.33,High
2026-03-19 08:13:00,Panchavati,84,12,15,16,48,72,113,41,260,29.16,187.63,47.4,Overcast,Neutral,6.83,Normal
2026-03-08 12:45:00,Deolali Camp,18,89,20,28,99,118,96,51,233,39.21,171.74,43.8,Overcast,Impatient,6.41,Normal
2026-03-17 14:30:00,Patherdi Phata,133,129,59,93,134,64,48,44,374,25.47,227.8,73.68,Foggy,Impatient,8.49,High
2026-03-21 04:38:00,Sinnar Phata,91,15,45,94,133,141,31,35,300,47.46,201.84,65.68,Overcast,Frustrated,8.24,High
2026-03-08 04:36:00,Mumbai Naka,86,128,66,69,13,105,66,148,231,40.99,158.95,43.07,Rainy,Impatient,8.46,High
2026-03-11 23:06:00,Makhmalabad,51,116,72,127,100,31,106,113,329,20.58,214.76,60.17,Rainy,Impatient,10.0,High
2026-03-29 20:57:00,Mhasrul,115,34,28,45,60,48,10,90,213,16.87,153.09,47.9,Clear,Impatient,4.2,Normal
2026-03-11 05:21:00,College Road,133,134,84,105,18,54,82,42,317,41.44,202.94,59.12,Overcast,Neutral,6.84,Normal
2026-03-08 05:04:00,Dwarka Circle,40,58,18,27,117,85,41,101,216,54.62,166.63,48.9,Foggy,Impatient,6.53,Normal
2026-03-16 13:32:00,Mhasrul,89,68,89,80,20,14,15,73,213,22.67,156.36,34.45,Rainy,Impatient,6.18,Normal
2026-03-14 08:39:00,College Road,29,149,21,80,69,35,149,120,268,45.32,175.91,59.12,Rainy,Neutral,6.33,Normal
2026-03-05 11:46:00,Govind Nagar,142,121,127,58,133,70,111,50,513,48.32,315.01,107.33,Overcast,Frustrated,8.14,High
2026-03-23 20:13:00,Ashok Stambh,150,88,119,33,126,71,101,117,496,45.35,295.52,110.33,Overcast,Impatient,8.75,High
2026-03-25 23:17:00,Makhmalabad,48,105,75,100,127,79,103,70,353,51.73,218.01,72.75,Clear,Anxious,9.91,High
2026-03-03 06:04:00,Sinnar Phata,27,109,115,41,18,135,77,127,237,31.37,167.17,52.14,Clear,Neutral,5.35,Normal
2026-03-27 16:15:00,CBS Circle,40,84,87,138,146,70,138,121,411,16.17,255.16,89.5,Foggy,Frustrated,7.06,High
2026-03-15 14:03:00,Patherdi Phata,79,16,58,146,10,147,19,78,166,19.91,127.05,39.7,Rainy,Impatient,7.1,High
2026-03-08 09:23:00,Mhasrul,79,124,70,81,132,51,117,79,398,47.48,243.73,93.55,Overcast,Frustrated,9.88,High
2026-03-25 00:46:00,Deolali Camp,129,73,117,138,91,29,106,62,443,18.37,270.57,75.28,Overcast,Impatient,8.82,High
2026-03-20 01:30:00,Panchavati,121,41,49,37,39,94,53,144,262,46.11,172.37,58.17,Clear,Impatient,5.85,Normal
2026-03-02 12:29:00,Adgaon Naka,36,69,41,34,65,124,108,95,250,44.96,178.94,53.76,Foggy,Impatient,4.09,Normal
2026-03-25 06:24:00,Satpur MIDC,113,12,136,137,141,13,111,27,501,21.16,300.83,96.1,Overcast,Impatient,8.4,High
2026-03-01 07:59:00,Sinnar Phata,55,134,120,100,121,64,52,25,348,31.11,227.34,78.17,Rainy,Impatient,10.0,High
2026-03-18 16:46:00,Satpur MIDC,38,52,125,64,30,70,149,19,342,14.83,222.74,61.29,Foggy,Frustrated,8.69,High
2026-03-30 08:35:00,College Road,120,59,127,101,143,117,92,145,482,13.88,293.94,105.79,Foggy,Frustrated,8.26,High
2026-03-08 05:38:00,Ashok Stambh,117,102,137,113,37,76,34,29,325,27.54,220.86,54.95,Overcast,Neutral,5.27,Normal
2026-03-01 13:01:00,Indira Nagar,75,111,46,143,123,41,141,39,385,50.59,248.4,63.38,Foggy,Anxious,7.62,High
2026-03-08 07:09:00,Satpur MIDC,17,88,40,88,108,56,43,18,208,36.77,150.78,46.45,Clear,Neutral,4.26,Normal
2026-03-15 13:40:00,Ashok Stambh,83,44,50,19,12,70,22,124,167,42.4,140.26,29.8,Foggy,Satisfied,1.84,Normal
2026-03-28 13:51:00,Ashok Stambh,31,139,76,36,111,29,26,70,244,14.07,167.62,53.73,Rainy,Neutral,6.89,Normal
2026-03-20 21:52:00,Makhmalabad,111,28,82,41,147,37,89,35,429,18.52,255.15,73.89,Clear,Anxious,8.02,High
2026-03-08 02:31:00,Deolali Camp,52,44,24,131,113,90,87,62,276,24.13,189.73,63.93,Rainy,Frustrated,9.91,High
2026-03-02 15:38:00,Indira Nagar,82,56,128,43,81,98,84,131,375,43.06,231.94,85.92,Rainy,Anxious,10.0,High
2026-03-27 21:56:00,Panchavati,68,141,70,36,55,81,70,114,263,49.6,174.9,55.52,Clear,Impatient,4.82,Normal
2026-03-06 09:51:00,College Road,109,70,137,29,118,60,129,119,493,17.8,286.77,80.7,Foggy,Anxious,8.2,High
2026-03-12 23:56:00,Patherdi Phata,141,102,98,89,45,64,101,45,385,50.29,249.05,70.83,Rainy,Anxious,9.69,High
2026-03-26 21:52:00,College Road,103,110,142,16,130,83,16,36,391,46.31,237.95,88.89,Rainy,Impatient,10.0,High
2026-03-28 03:43:00,Trimbak Naka,149,43,66,17,24,113,83,139,322,29.81,208.99,69.33,Rainy,Impatient,10.0,High
2026-03-18 09:29:00,College Road,99,50,103,65,129,148,33,144,364,50.01,239.19,69.02,Rainy,Impatient,9.46,High
2026-03-28 22:10:00,Dwarka Circle,60,31,149,92,114,119,149,59,472,29.22,287.61,113.07,Rainy,Frustrated,10.0,High
2026-03-01 16:54:00,Deolali Camp,71,139,58,69,27,122,23,98,179,25.3,136.89,42.56,Overcast,Neutral,6.62,Normal
2026-03-11 10:46:00,Panchavati,98,141,83,94,84,54,52,88,317,48.74,208.55,57.04,Rainy,Neutral,5.88,Normal
2026-03-28 17:37:00,Ashok Stambh,132,146,150,64,28,81,77,130,387,16.24,243.33,79.14,Clear,Frustrated,7.4,High
2026-03-30 21:35:00,Adgaon Naka,134,33,132,141,55,84,51,146,372,51.46,243.86,72.73,Overcast,Impatient,9.01,High
2026-03-07 23:45:00,CBS Circle,63,10,126,64,126,76,117,146,432,23.14,265.77,71.58,Foggy,Impatient,8.2,High
2026-03-04 01:19:00,Adgaon Naka,41,106,80,93,58,49,59,121,238,53.65,177.6,50.24,Rainy,Neutral,8.36,High
2026-03-16 14:15:00,Panchavati,101,144,103,106,18,12,93,80,315,35.54,202.89,73.1,Rainy,Frustrated,10.0,High
2026-03-25 05:08:00,Govind Nagar,75,62,103,55,12,134,53,86,243,39.81,173.98,57.81,Rainy,Neutral,7.21,High
2026-03-23 07:40:00,Bytco Point,137,31,136,110,119,97,41,43,433,48.11,267.6,82.72,Rainy,Anxious,10.0,High
2026-03-26 06:44:00,Nashik Road,18,31,97,135,90,106,85,121,290,52.54,186.53,51.61,Clear,Impatient,6.46,Normal
2026-03-11 02:28:00,Dwarka Circle,40,10,125,116,124,18,85,40,374,50.99,233.72,83.53,Clear,Anxious,8.26,High
2026-03-11 13:44:00,Patherdi Phata,67,36,112,122,71,37,13,44,263,52.23,179.09,45.59,Foggy,Neutral,5.68,Normal
2026-03-25 03:30:00,Satpur MIDC,63,36,105,59,124,56,51,52,343,41.2,221.52,64.34,Rainy,Frustrated,10.0,High
2026-03-15 13:02:00,Indira Nagar,66,74,69,23,119,70,98,120,352,43.36,226.36,70.32,Overcast,Anxious,8.51,High
2026-03-30 05:15:00,Gangapur Road,39,91,40,130,129,55,103,39,311,17.15,207.39,58.16,Rainy,Neutral,7.83,High
2026-03-09 07:20:00,Indira Nagar,123,51,129,71,52,74,110,60,414,17.13,252.31,88.11,Clear,Frustrated,8.39,High
2026-03-04 08:57:00,Adgaon Naka,118,56,118,47,86,49,47,129,369,42.59,235.24,62.09,Overcast,Anxious,7.53,High
2026-03-16 23:35:00,Trimbak Naka,109,110,30,147,22,118,41,16,202,16.5,147.87,33.83,Overcast,Impatient,4.19,Normal
2026-03-18 00:41:00,Makhmalabad,107,145,110,50,150,68,147,12,514,51.13,310.87,87.62,Foggy,Frustrated,9.41,High
2026-03-06 18:52:00,Govind Nagar,18,143,47,26,93,122,83,47,241,19.36,179.14,49.63,Foggy,Neutral,4.65,Normal
2026-03-25 00:48:00,Deolali Camp,92,41,141,50,134,141,76,103,443,11.0,276.61,83.99,Clear,Impatient,8.68,High
2026-03-05 15:48:00,Indira Nagar,73,86,100,73,33,52,79,95,285,32.25,188.98,49.99,Rainy,Impatient,6.94,Normal
2026-03-10 05:34:00,Indira Nagar,128,40,138,13,120,47,139,128,525,39.6,305.19,123.21,Clear,Anxious,9.9,High
2026-03-22 09:17:00,Bytco Point,35,78,115,135,67,146,19,32,236,43.05,162.82,39.65,Rainy,Impatient,6.45,Normal
2026-03-25 21:54:00,Trimbak Naka,79,24,144,147,136,53,93,19,452,37.69,285.63,100.12,Overcast,Frustrated,9.93,High
2026-03-02 01:57:00,Adgaon Naka,67,59,29,85,148,76,118,117,362,12.31,221.38,80.96,Overcast,Impatient,7.28,High
2026-03-13 05:49:00,Indira Nagar,134,19,96,130,107,125,83,113,420,53.21,261.24,90.54,Rainy,Frustrated,9.4,High
2026-03-11 11:01:00,Satpur MIDC,109,128,23,17,58,83,94,103,284,22.01,197.45,63.81,Clear,Frustrated,8.88,High
2026-03-12 15:38:00,Govind Nagar,38,75,93,36,137,147,87,58,355,45.35,228.05,85.01,Foggy,Anxious,9.1,High
2026-03-14 13:17:00,Mhasrul,123,146,149,135,57,24,141,79,470,28.12,289.88,84.8,Clear,Impatient,8.93,High
2026-03-19 08:12:00,Dwarka Circle,57,32,63,131,94,17,96,62,310,14.41,210.03,57.33,Rainy,Impatient,7.94,High
2026-03-27 03:22:00,Bytco Point,48,92,143,73,77,90,148,143,416,37.44,254.99,76.23,Overcast,Impatient,9.27,High
2026-03-18 19:51:00,Trimbak Naka,131,25,51,36,32,141,144,65,358,49.47,223.95,60.02,Overcast,Impatient,7.94,High
2026-03-25 15:09:00,Panchavati,98,29,41,26,20,110,112,110,271,50.13,189.77,51.46,Clear,Neutral,6.22,Normal
2026-03-23 02:38:00,Patherdi Phata,30,77,148,106,41,115,22,56,241,37.36,160.59,55.99,Foggy,Neutral,6.14,Normal
2026-03-02 21:43:00,Dwarka Circle,43,64,42,20,85,15,141,91,311,55.58,206.5,57.37,Foggy,Neutral,6.86,Normal
2026-03-10 21:37:00,Ashok Stambh,101,24,38,92,77,36,48,84,264,22.82,172.88,48.05,Clear,Neutral,4.79,Normal
2026-03-11 16:49:00,Indira Nagar,144,19,35,149,57,103,40,143,276,13.31,197.73,56.61,Rainy,Neutral,8.31,High
2026-03-11 19:46:00,Gangapur Road,135,118,50,52,78,10,23,119,286,46.25,186.52,48.55,Overcast,Impatient,5.98,Normal
2026-03-04 23:05:00,Govind Nagar,126,12,113,34,62,55,43,110,344,26.2,213.16,58.63,Clear,Impatient,6.12,Normal
2026-03-21 18:40:00,CBS Circle,49,90,97,67,95,61,58,20,299,40.41,198.03,49.37,Overcast,Impatient,4.11,Normal
2026-03-04 01:11:00,Satpur MIDC,33,19,86,71,78,106,71,63,268,48.02,187.08,49.76,Rainy,Neutral,8.15,High
2026-03-09 01:36:00,Nashik Road,105,105,140,131,88,92,79,42,412,22.59,257.05,85.5,Rainy,Anxious,8.89,High
2026-03-11 07:50:00,Makhmalabad,112,89,90,51,143,43,93,148,438,50.82,263.03,92.8,Overcast,Anxious,8.01,High
2026-03-18 02:26:00,Deolali Camp,101,42,109,58,67,120,112,87,389,32.93,241.02,88.45,Rainy,Frustrated,8.72,High
2026-03-29 19:44:00,Panchavati,14,84,25,40,11,24,122,133,172,53.6,128.18,40.92,Rainy,Impatient,6.54,Normal
2026-03-15 23:28:00,Sinnar Phata,95,109,82,139,41,28,17,109,235,29.07,174.92,51.56,Clear,Neutral,6.47,Normal
2026-03-20 02:34:00,Gangapur Road,38,144,145,58,105,32,128,41,416,32.78,258.7,86.58,Foggy,Impatient,7.32,High
2026-03-03 20:59:00,Gangapur Road,71,13,142,37,82,28,74,17,369,47.15,234.05,74.79,Rainy,Impatient,9.7,High
2026-03-12 16:16:00,Mumbai Naka,44,63,121,32,58,47,123,39,346,43.62,221.64,66.3,Rainy,Anxious,9.03,High
2026-03-22 03:54:00,Sinnar Phata,43,116,50,45,74,48,131,97,298,16.88,200.07,48.74,Rainy,Impatient,7.3,High
2026-03-23 23:11:00,Gangapur Road,41,14,33,125,61,88,39,62,174,46.12,136.99,29.09,Rainy,Neutral,3.05,Normal
2026-03-29 14:16:00,Deolali Camp,111,105,110,114,46,132,35,115,302,23.97,198.16,54.87,Overcast,Neutral,6.52,Normal
2026-03-05 00:27:00,Bytco Point,42,92,75,137,136,126,69,42,322,44.14,208.29,60.48,Rainy,Impatient,10.0,High
2026-03-13 15:27:00,Mumbai Naka,39,119,53,104,90,36,15,143,197,33.05,152.83,31.61,Overcast,Impatient,6.69,Normal
2026-03-27 15:51:00,Bytco Point,66,53,119,57,127,60,118,78,430,16.96,257.98,96.99,Rainy,Anxious,10.0,High
2026-03-27 17:01:00,Ashok Stambh,58,30,103,94,46,27,92,63,299,23.56,198.82,68.42,Clear,Anxious,8.11,High
2026-03-13 20:53:00,Govind Nagar,129,38,19,55,94,19,130,141,372,42.75,235.65,80.61,Overcast,Frustrated,9.19,High
2026-03-07 03:13:00,Deolali Camp,140,29,71,44,66,57,149,67,426,45.39,269.56,100.93,Foggy,Frustrated,8.48,High
2026-03-07 02:54:00,Patherdi Phata,58,73,51,45,110,63,45,149,264,29.14,182.12,50.14,Overcast,Neutral,4.32,Normal
2026-03-01 21:01:00,Mhasrul,46,19,38,18,102,38,75,84,261,25.78,182.12,45.46,Rainy,Impatient,6.99,Normal
2026-03-09 07:24:00,Trimbak Naka,14,134,13,51,45,106,20,67,92,18.06,97.2,21.6,Rainy,Neutral,4.61,Normal
2026-03-27 11:47:00,Bytco Point,94,140,121,102,22,91,17,48,254,39.51,179.3,47.44,Rainy,Neutral,8.28,High
2026-03-01 09:03:00,Indira Nagar,24,73,27,27,92,53,118,53,261,32.74,181.57,42.79,Clear,Impatient,4.51,Normal
2026-03-04 02:23:00,Nashik Road,84,65,37,105,73,145,143,62,337,55.34,227.1,79.6,Rainy,Frustrated,10.0,High
2026-03-08 15:42:00,Mhasrul,14,144,144,39,24,143,53,98,235,48.69,172.41,39.46,Foggy,Impatient,4.17,Normal
2026-03-16 09:58:00,Adgaon Naka,119,135,40,121,45,65,118,142,322,44.49,205.28,76.98,Foggy,Anxious,9.17,High
2026-03-24 15:36:00,Sinnar Phata,120,84,16,107,117,45,18,100,271,15.95,190.98,61.07,Foggy,Anxious,8.07,High
2026-03-19 02:31:00,Rane Nagar,38,65,143,10,133,53,29,115,343,29.49,218.86,58.03,Clear,Neutral,6.74,Normal
2026-03-13 14:13:00,Patherdi Phata,60,35,70,11,28,137,13,127,171,45.69,144.0,33.48,Overcast,Impatient,4.71,Normal
2026-03-21 01:42:00,Mumbai Naka,29,38,131,82,48,116,143,28,351,31.8,221.47,80.84,Foggy,Impatient,8.04,High
2026-03-28 04:32:00,Deolali Camp,142,127,143,87,16,52,39,30,340,36.75,212.46,74.51,Overcast,Impatient,9.69,High
2026-03-13 02:55:00,Deolali Camp,86,143,50,51,63,18,128,139,327,17.23,214.52,54.85,Clear,Impatient,6.27,Normal
2026-03-14 22:55:00,College Road,135,19,42,134,59,130,44,49,280,39.68,193.57,57.4,Overcast,Neutral,5.37,Normal
2026-03-24 06:16:00,Gangapur Road,44,36,116,129,102,27,52,143,314,30.04,208.86,65.15,Foggy,Frustrated,8.52,High
2026-03-30 19:18:00,Dwarka Circle,93,131,68,34,128,58,47,126,336,34.49,222.17,59.76,Overcast,Neutral,5.31,Normal
2026-03-23 09:57:00,Nashik Road,147,61,59,77,15,69,145,139,366,17.58,228.5,79.3,Clear,Frustrated,9.1,High
2026-03-18 23:47:00,Patherdi Phata,142,63,121,110,113,94,106,11,482,39.85,298.63,114.42,Overcast,Frustrated,9.64,High
2026-03-18 00:43:00,College Road,80,141,118,72,14,11,19,125,231,36.76,168.26,37.29,Rainy,Neutral,6.16,Normal
2026-03-26 05:21:00,Rane Nagar,136,79,38,53,61,67,97,88,332,56.34,218.19,73.49,Rainy,Frustrated,10.0,High
2026-03-12 10:07:00,Trimbak Naka,54,134,60,82,106,37,79,75,299,19.96,193.52,64.4,Foggy,Frustrated,9.31,High
2026-03-21 06:12:00,Mhasrul,10,115,119,61,85,58,30,53,244,47.77,177.79,45.87,Overcast,Neutral,6.9,Normal
2026-03-11 00:31:00,Bytco Point,69,54,97,114,17,26,117,98,300,37.82,194.13,57.26,Rainy,Impatient,8.41,High
2026-03-14 20:38:00,College Road,51,98,24,121,104,86,79,98,258,22.2,173.35,42.74,Rainy,Neutral,8.34,High
2026-03-17 19:33:00,Adgaon Naka,114,53,35,12,18,141,59,60,226,39.67,167.97,50.94,Rainy,Neutral,5.79,Normal
2026-03-06 11:10:00,Panchavati,62,37,46,93,33,33,28,146,169,55.73,134.78,39.95,Rainy,Neutral,7.04,High
2026-03-12 08:14:00,Makhmalabad,38,67,31,17,20,148,53,26,142,50.06,119.48,26.99,Foggy,Neutral,2.8,Normal
2026-03-15 17:24:00,Patherdi Phata,145,135,47,17,86,115,107,123,385,55.15,247.02,76.26,Clear,Anxious,8.85,High
2026-03-12 10:23:00,Rane Nagar,38,75,150,98,29,85,109,66,326,42.0,207.97,77.93,Rainy,Anxious,10.0,High
2026-03-09 02:30:00,Mhasrul,119,140,38,137,35,128,131,90,323,39.52,205.63,65.65,Overcast,Anxious,7.01,High
2026-03-26 21:04:00,Mumbai Naka,34,106,38,50,84,64,39,52,195,41.17,140.37,41.54,Foggy,Neutral,6.21,Normal
2026-03-19 11:39:00,Rane Nagar,68,18,59,75,38,118,99,16,264,22.46,179.24,46.92,Foggy,Impatient,6.65,Normal
2026-03-06 09:24:00,Nashik Road,121,112,51,57,119,148,46,127,337,53.35,209.98,55.05,Rainy,Impatient,6.49,Normal
2026-03-06 09:44:00,Deolali Camp,38,76,98,140,108,90,110,77,354,23.06,223.72,82.87,Clear,Frustrated,7.79,High
2026-03-17 04:01:00,Sinnar Phata,37,107,86,73,36,20,89,112,248,42.77,179.38,54.08,Overcast,Impatient,4.53,Normal
2026-03-28 22:09:00,College Road,64,119,12,56,130,16,89,142,295,28.33,192.83,66.98,Foggy,Frustrated,9.37,High
2026-03-05 19:36:00,Rane Nagar,53,90,127,137,109,141,128,30,417,28.31,257.72,76.73,Clear,Anxious,8.12,High
2026-03-27 20:30:00,Sinnar Phata,146,111,100,67,54,44,114,109,414,23.36,259.85,99.19,Clear,Impatient,7.03,High
2026-03-10 01:38:00,Bytco Point,133,118,38,105,30,133,141,94,342,36.66,222.48,61.28,Overcast,Impatient,7.41,High
2026-03-29 20:30:00,Adgaon Naka,114,37,103,28,124,39,140,145,481,47.33,299.48,113.48,Clear,Anxious,9.66,High
2026-03-13 12:34:00,Gangapur Road,97,40,103,119,124,39,117,17,441,52.46,264.39,95.35,Overcast,Anxious,9.0,High
2026-03-14 01:14:00,Govind Nagar,138,71,40,77,66,80,68,147,312,38.37,215.2,74.54,Clear,Impatient,8.24,High
2026-03-15 01:13:00,Trimbak Naka,92,62,69,74,20,10,26,11,207,50.21,159.43,34.26,Overcast,Neutral,4.05,Normal
2026-03-28 10:11:00,Adgaon Naka,92,108,31,88,76,14,144,31,343,47.62,228.6,76.48,Clear,Frustrated,9.66,High
2026-03-28 15:13:00,Mhasrul,112,132,149,98,103,141,100,77,464,47.23,285.36,76.89,Rainy,Impatient,8.55,High
2026-03-29 06:47:00,Indira Nagar,143,67,17,53,10,126,76,29,246,20.27,173.22,58.65,Clear,Neutral,4.8,Normal
2026-03-12 03:17:00,Indira Nagar,39,47,114,137,19,85,121,34,293,56.92,193.72,54.75,Clear,Impatient,6.66,Normal
2026-03-26 22:39:00,Trimbak Naka,127,143,94,140,64,109,65,80,350,13.1,225.13,66.04,Overcast,Frustrated,7.44,High
2026-03-11 15:53:00,Rane Nagar,59,136,35,120,71,22,99,139,264,16.37,183.96,50.27,Overcast,Neutral,4.45,Normal
2026-03-13 11:11:00,Patherdi Phata,84,40,39,142,18,66,30,144,171,21.92,142.19,34.5,Rainy,Impatient,7.22,High
2026-03-21 13:48:00,Makhmalabad,98,27,138,126,92,13,150,56,478,45.42,291.38,82.04,Rainy,Frustrated,10.0,High
2026-03-30 00:43:00,Trimbak Naka,90,72,85,76,41,108,28,106,244,30.71,179.12,39.07,Rainy,Neutral,7.29,High
2026-03-21 03:42:00,Bytco Point,122,115,30,145,45,56,47,146,244,18.2,164.0,44.13,Rainy,Neutral,7.97,High
2026-03-08 01:00:00,Mumbai Naka,86,138,108,97,114,124,45,40,353,52.1,232.07,68.58,Foggy,Frustrated,7.9,High
2026-03-05 22:35:00,Satpur MIDC,27,10,35,82,143,134,73,150,278,16.52,187.76,62.89,Foggy,Frustrated,9.31,High
2026-03-09 22:27:00,Panchavati,58,111,77,57,61,26,36,21,232,47.62,159.69,40.15,Rainy,Impatient,6.24,Normal
2026-03-20 09:38:00,Bytco Point,68,125,26,23,27,124,87,135,208,23.54,155.4,47.67,Clear,Impatient,4.12,Normal
2026-03-07 03:57:00,Gangapur Road,57,122,42,116,66,47,12,89,177,33.02,139.93,36.37,Rainy,Impatient,5.72,Normal
2026-03-18 02:58:00,Nashik Road,81,11,58,15,98,29,70,11,307,22.97,213.25,50.7,Rainy,Neutral,6.16,Normal
2026-03-25 18:56:00,Makhmalabad,28,11,113,81,79,64,102,127,322,39.91,215.05,76.08,Foggy,Anxious,7.45,High
2026-03-13 23:58:00,Indira Nagar,69,49,35,127,150,131,103,99,357,52.93,220.29,62.48,Foggy,Impatient,8.84,High
2026-03-16 19:28:00,Patherdi Phata,48,118,128,57,24,109,48,87,248,52.01,164.7,45.66,Foggy,Impatient,6.24,Normal
2026-03-14 01:49:00,Patherdi Phata,141,132,112,104,141,30,130,126,524,12.77,309.26,114.65,Clear,Frustrated,9.48,High
2026-03-15 03:02:00,Rane Nagar,73,125,131,90,106,68,15,25,325,48.73,221.78,72.76,Clear,Frustrated,8.2,High
2026-03-11 15:23:00,Govind Nagar,112,75,34,94,136,99,118,108,400,49.89,259.7,86.34,Rainy,Impatient,9.9,High
2026-03-02 06:24:00,Mhasrul,28,109,119,117,37,76,47,61,231,45.24,162.43,50.36,Foggy,Impatient,6.17,Normal
2026-03-03 14:07:00,Sinnar Phata,45,141,82,131,108,91,126,24,361,13.23,228.09,67.16,Rainy,Frustrated,10.0,High
2026-03-30 21:44:00,CBS Circle,70,134,104,150,126,76,58,128,358,43.36,232.66,66.72,Foggy,Frustrated,9.71,High
2026-03-04 11:23:00,College Road,47,79,14,66,137,81,86,110,284,16.91,200.08,49.95,Overcast,Neutral,6.63,Normal
2026-03-15 04:20:00,Gangapur Road,25,116,71,50,35,139,72,128,203,31.85,152.59,34.7,Overcast,Impatient,4.21,Normal
2026-03-18 11:09:00,Mumbai Naka,21,45,54,141,90,112,11,148,176,25.75,130.65,29.3,Overcast,Neutral,2.03,Normal
2026-03-29 05:29:00,Mumbai Naka,123,145,19,97,47,144,88,30,277,55.22,181.63,50.83,Foggy,Impatient,5.69,Normal
2026-03-09 20:39:00,Mumbai Naka,17,22,79,112,129,37,150,150,375,50.71,237.94,77.08,Clear,Frustrated,9.41,High
2026-03-28 19:31:00,Patherdi Phata,17,113,45,66,26,30,86,104,174,54.11,127.24,32.29,Clear,Neutral,5.49,Normal
2026-03-17 22:20:00,Dwarka Circle,62,93,92,132,17,31,97,91,268,32.03,191.33,52.75,Clear,Neutral,4.42,Normal
2026-03-19 10:55:00,Indira Nagar,140,99,10,53,83,98,134,47,367,53.3,230.98,63.93,Overcast,Anxious,7.84,High
2026-03-03 21:34:00,Mumbai Naka,142,40,75,82,108,135,147,130,472,47.43,286.19,94.18,Overcast,Anxious,8.05,High
2026-03-01 23:50:00,Mhasrul,26,134,15,42,91,66,74,24,206,37.91,157.66,41.59,Clear,Neutral,6.56,Normal
2026-03-25 17:38:00,Bytco Point,87,111,80,146,89,19,27,119,283,20.74,190.77,46.43,Rainy,Impatient,8.03,High
2026-03-24 18:10:00,Dwarka Circle,33,54,24,139,88,142,10,65,155,35.02,120.2,35.2,Clear,Neutral,4.32,Normal
2026-03-14 09:20:00,Indira Nagar,92,28,138,49,136,82,59,142,425,35.11,266.02,84.6,Foggy,Anxious,8.7,High
2026-03-01 10:11:00,Dwarka Circle,119,87,51,69,62,137,30,142,262,39.63,188.55,47.52,Foggy,Impatient,4.51,Normal
2026-03-19 16:30:00,Govind Nagar,131,15,142,127,111,140,77,90,461,49.47,271.87,97.24,Rainy,Frustrated,10.0,High
2026-03-18 01:01:00,Patherdi Phata,117,39,53,147,60,75,110,134,340,15.8,223.46,57.49,Clear,Impatient,6.13,Normal
2026-03-18 00:05:00,Nashik Road,84,135,115,86,63,46,102,25,364,26.91,231.32,77.97,Clear,Impatient,8.79,High
2026-03-10 18:19:00,Dwarka Circle,49,100,96,85,55,90,141,51,341,54.63,216.76,76.17,Rainy,Frustrated,8.88,High
2026-03-21 09:59:00,Trimbak Naka,70,86,51,99,74,39,100,123,295,56.87,198.79,47.78,Clear,Neutral,5.47,Normal
2026-03-11 20:01:00,College Road,88,21,84,126,79,33,42,142,293,20.21,191.7,64.08,Clear,Impatient,8.11,High
2026-03-28 17:00:00,Trimbak Naka,93,137,117,132,53,21,99,100,362,53.02,231.54,81.54,Overcast,Frustrated,7.17,High
2026-03-11 20:32:00,Makhmalabad,119,33,148,79,41,30,145,74,453,51.97,274.43,101.12,Rainy,Impatient,9.71,High
2026-03-14 03:21:00,Bytco Point,49,29,29,126,111,136,129,34,318,54.1,215.62,58.87,Clear,Impatient,6.16,Normal
2026-03-14 17:57:00,Adgaon Naka,94,129,82,92,117,86,19,34,312,54.49,201.34,52.04,Overcast,Neutral,5.36,Normal
2026-03-01 01:17:00,CBS Circle,136,105,111,38,133,140,125,84,505,36.59,299.87,114.67,Foggy,Frustrated,8.7,High
2026-03-19 19:38:00,Mumbai Naka,126,78,69,76,62,42,97,90,354,31.76,217.32,60.93,Rainy,Anxious,8.86,High
2026-03-05 21:19:00,CBS Circle,127,44,70,21,112,133,52,146,361,21.26,237.12,86.34,Rainy,Frustrated,9.98,High
2026-03-03 08:33:00,Nashik Road,87,37,12,115,28,139,111,145,238,29.75,162.5,52.44,Clear,Impatient,5.55,Normal
2026-03-26 05:51:00,Dwarka Circle,56,122,20,88,37,139,29,76,142,29.14,124.65,23.54,Foggy,Neutral,2.53,Normal
2026-03-24 09:11:00,Satpur MIDC,82,149,137,51,139,118,87,15,445,40.56,274.42,91.49,Foggy,Anxious,9.36,High
2026-03-22 15:39:00,Govind Nagar,13,120,44,131,59,25,31,121,147,50.75,117.17,30.81,Clear,Neutral,4.68,Normal
2026-03-17 21:19:00,Sinnar Phata,46,25,70,137,109,147,147,44,372,28.88,244.77,89.14,Rainy,Anxious,10.0,High
2026-03-06 22:11:00,Dwarka Circle,38,127,35,65,123,127,137,112,333,35.08,222.85,75.25,Foggy,Frustrated,8.02,High
2026-03-07 18:11:00,Mhasrul,18,61,108,99,139,110,114,18,379,30.85,238.55,82.4,Rainy,Anxious,8.91,High
2026-03-20 07:12:00,Dwarka Circle,13,46,22,31,70,43,86,123,191,48.04,144.61,44.29,Overcast,Neutral,6.89,Normal
2026-03-15 21:01:00,Adgaon Naka,87,115,146,21,20,130,117,62,370,11.85,238.94,60.28,Foggy,Impatient,7.94,High
2026-03-29 11:49:00,Nashik Road,85,12,96,87,46,64,126,73,353,50.06,218.36,60.2,Overcast,Anxious,9.51,High
2026-03-24 13:20:00,Bytco Point,135,142,56,25,73,47,138,33,402,43.39,243.33,82.03,Rainy,Impatient,10.0,High
2026-03-08 23:59:00,Patherdi Phata,150,82,112,78,46,19,113,85,421,53.9,258.36,88.94,Clear,Impatient,8.22,High
2026-03-03 17:59:00,Panchavati,15,95,72,25,136,48,42,41,265,52.65,177.12,44.81,Rainy,Impatient,8.26,High
2026-03-10 15:55:00,Gangapur Road,16,30,117,60,118,51,48,128,299,56.39,200.76,48.26,Foggy,Neutral,5.35,Normal
2026-03-21 07:09:00,Govind Nagar,144,26,58,64,56,126,99,58,357,38.02,224.58,77.67,Foggy,Frustrated,7.29,High
2026-03-24 03:22:00,Satpur MIDC,68,87,95,16,42,82,117,128,322,53.04,204.87,72.56,Overcast,Impatient,9.88,High
2026-03-16 12:46:00,Gangapur Road,92,65,122,69,138,149,24,94,376,32.82,238.15,82.46,Rainy,Anxious,9.99,High
2026-03-18 14:52:00,Adgaon Naka,133,18,67,131,52,134,135,123,387,54.31,250.22,80.79,Clear,Impatient,8.51,High
2026-03-07 12:23:00,CBS Circle,82,142,81,98,86,78,28,37,277,42.46,193.39,56.18,Overcast,Neutral,4.0,Normal
2026-03-24 06:06:00,Makhmalabad,147,88,83,81,79,140,56,126,365,11.77,224.03,73.03,Clear,Impatient,9.75,High
2026-03-06 02:37:00,Govind Nagar,141,149,92,79,41,71,40,127,314,55.44,198.22,67.8,Rainy,Impatient,10.0,High
2026-03-03 16:23:00,Rane Nagar,40,113,45,150,140,128,135,40,360,26.59,233.04,85.37,Foggy,Anxious,7.86,High
2026-03-08 11:32:00,Indira Nagar,106,44,59,95,107,87,16,98,288,12.6,197.14,68.14,Clear,Anxious,7.64,High
2026-03-20 11:44:00,Mumbai Naka,76,148,111,94,17,131,51,31,255,49.22,173.93,40.87,Clear,Neutral,6.1,Normal
2026-03-26 10:25:00,Adgaon Naka,142,56,146,128,59,65,94,29,441,25.76,273.76,85.49,Overcast,Frustrated,9.41,High
2026-03-13 16:08:00,Bytco Point,137,105,129,69,132,112,18,88,416,29.62,260.32,82.45,Rainy,Impatient,10.0,High
2026-03-10 08:29:00,Panchavati,38,99,123,22,63,106,135,35,359,38.52,236.16,69.35,Overcast,Anxious,9.77,High
2026-03-24 21:58:00,Deolali Camp,25,31,93,140,25,72,106,49,249,32.79,170.26,59.73,Rainy,Neutral,5.82,Normal
2026-03-09 02:50:00,Govind Nagar,138,136,27,134,138,135,124,83,427,16.6,260.34,68.91,Foggy,Impatient,9.19,High
2026-03-23 10:23:00,Makhmalabad,100,138,33,31,91,24,25,147,249,45.98,169.45,56.9,Rainy,Neutral,7.51,High
2026-03-28 02:09:00,Govind Nagar,36,97,148,51,71,48,70,120,325,13.52,204.83,69.01,Rainy,Anxious,10.0,High
2026-03-05 11:32:00,College Road,113,108,93,93,130,111,32,10,368,29.94,231.68,85.98,Clear,Anxious,8.33,High
2026-03-28 07:36:00,Makhmalabad,137,139,60,136,140,149,142,30,479,29.51,289.59,109.51,Clear,Impatient,7.56,High
2026-03-13 08:30:00,Satpur MIDC,65,80,68,15,142,126,19,14,294,47.52,196.92,47.1,Overcast,Neutral,5.76,Normal
2026-03-17 13:02:00,College Road,32,61,109,134,105,75,91,95,337,19.95,228.38,58.49,Foggy,Neutral,6.04,Normal
2026-03-24 23:32:00,Panchavati,50,22,43,130,78,77,127,102,298,32.0,207.46,68.57,Foggy,Frustrated,7.25,High
2026-03-07 06:57:00,Patherdi Phata,76,28,119,58,125,73,52,18,372,14.37,236.77,60.98,Foggy,Anxious,7.29,High
2026-03-19 02:23:00,Indira Nagar,116,121,78,16,83,118,13,28,290,16.01,188.9,61.4,Foggy,Impatient,8.33,High
2026-03-28 17:24:00,Govind Nagar,38,26,75,139,103,42,104,16,320,22.51,219.39,73.05,Clear,Anxious,8.57,High
2026-03-19 10:02:00,Satpur MIDC,140,54,130,121,38,98,17,112,325,43.63,212.58,76.5,Rainy,Impatient,9.48,High
2026-03-19 18:03:00,Gangapur Road,131,48,22,113,104,57,40,96,297,21.55,192.16,53.13,Rainy,Neutral,6.08,Normal
2026-03-08 03:31:00,Trimbak Naka,84,10,80,60,32,129,44,80,240,42.09,173.55,49.15,Rainy,Neutral,5.96,Normal
2026-03-06 06:50:00,Rane Nagar,67,51,17,42,122,19,32,145,238,33.45,170.06,45.18,Foggy,Neutral,5.56,Normal
2026-03-27 06:09:00,Govind Nagar,39,39,69,16,149,77,119,20,376,34.79,239.0,82.52,Foggy,Impatient,7.83,High
2026-03-04 22:13:00,Nashik Road,18,42,56,57,52,45,131,73,257,31.32,181.64,53.36,Overcast,Impatient,5.78,Normal
2026-03-28 01:14:00,Rane Nagar,143,135,40,146,97,31,37,21,317,18.65,211.72,72.84,Foggy,Anxious,7.47,High
2026-03-30 18:32:00,Sinnar Phata,120,51,132,150,72,33,85,108,409,22.64,250.81,95.86,Foggy,Impatient,8.62,High
2026-03-17 18:39:00,Mhasrul,103,134,16,68,41,67,104,17,264,40.55,184.64,42.38,Clear,Impatient,6.81,Normal
2026-03-18 02:36:00,Satpur MIDC,36,77,28,78,32,63,48,22,144,33.46,116.94,30.21,Overcast,Impatient,4.52,Normal
2026-03-24 17:10:00,Satpur MIDC,127,102,101,106,47,25,18,20,293,12.67,193.95,62.35,Clear,Impatient,7.22,High
2026-03-18 06:57:00,Mumbai Naka,16,69,115,96,53,124,120,80,304,42.52,198.02,67.78,Rainy,Anxious,9.23,High
2026-03-14 19:45:00,Sinnar Phata,90,83,63,82,136,137,25,58,314,56.83,197.55,67.0,Foggy,Frustrated,8.87,High
2026-03-03 06:50:00,College Road,85,31,91,102,112,127,26,117,314,12.5,203.51,60.03,Clear,Frustrated,8.44,High
2026-03-13 05:06:00,Satpur MIDC,35,53,82,111,127,125,147,102,391,41.92,241.05,77.02,Foggy,Impatient,9.4,High
2026-03-26 11:58:00,Nashik Road,71,61,125,18,54,112,65,132,315,50.04,201.89,55.16,Foggy,Neutral,4.41,Normal
2026-03-03 15:56:00,Mumbai Naka,105,149,134,13,16,43,57,129,312,15.13,197.82,57.3,Overcast,Impatient,4.16,Normal
2026-03-01 01:42:00,Trimbak Naka,11,108,85,48,63,147,32,141,191,16.63,153.18,33.12,Foggy,Impatient,4.82,Normal
2026-03-27 03:51:00,Trimbak Naka,71,32,65,61,15,88,111,127,262,30.62,187.06,60.87,Rainy,Frustrated,10.0,High
2026-03-20 07:44:00,Govind Nagar,121,18,95,24,81,129,34,10,331,53.62,220.81,56.62,Rainy,Neutral,7.99,High
2026-03-30 17:34:00,Dwarka Circle,98,70,90,14,88,27,62,139,338,45.42,213.93,67.87,Clear,Impatient,7.65,High
2026-03-02 02:40:00,Gangapur Road,49,13,86,123,35,117,87,90,257,15.82,176.03,56.64,Foggy,Impatient,4.8,Normal
2026-03-10 10:38:00,Patherdi Phata,140,132,21,32,46,22,25,39,232,42.9,160.23,43.97,Foggy,Impatient,4.87,Normal
2026-03-13 05:34:00,Mhasrul,22,114,55,50,12,45,11,125,100,35.89,90.82,19.16,Clear,Neutral,2.07,Normal
2026-03-15 13:28:00,CBS Circle,85,96,85,45,102,108,102,47,374,36.69,243.98,81.89,Rainy,Frustrated,10.0,High
2026-03-12 15:34:00,Bytco Point,22,125,122,118,105,43,82,82,331,18.89,220.66,57.47,Foggy,Neutral,4.15,Normal
2026-03-15 08:09:00,CBS Circle,107,45,92,110,58,15,59,60,316,31.48,211.08,61.89,Clear,Frustrated,9.27,High
2026-03-24 17:32:00,Satpur MIDC,141,34,133,66,76,62,36,96,386,33.2,233.21,65.13,Foggy,Anxious,8.5,High
2026-03-10 07:04:00,Panchavati,98,28,42,41,30,45,85,126,255,24.89,167.6,52.56,Rainy,Neutral,6.97,Normal
2026-03-17 17:00:00,Satpur MIDC,42,51,135,28,51,104,134,89,362,25.96,230.93,79.06,Overcast,Frustrated,8.08,High
2026-03-19 23:44:00,Rane Nagar,150,56,133,119,105,142,21,71,409,24.93,262.74,85.45,Rainy,Anxious,9.16,High
2026-03-30 05:00:00,CBS Circle,67,74,25,99,113,128,125,133,330,46.55,214.08,75.6,Clear,Impatient,9.2,High
2026-03-30 21:29:00,Dwarka Circle,56,108,36,57,50,76,122,14,264,47.64,176.51,61.05,Foggy,Anxious,9.47,High
2026-03-22 21:24:00,Panchavati,78,134,100,92,26,37,48,77,252,27.65,174.84,47.11,Clear,Impatient,5.11,Normal
2026-03-10 07:17:00,Dwarka Circle,146,40,77,57,92,57,115,106,430,30.69,256.6,94.39,Rainy,Impatient,10.0,High
2026-03-29 13:29:00,Dwarka Circle,30,97,128,13,115,54,41,53,314,50.06,207.82,56.79,Clear,Neutral,4.74,Normal
2026-03-07 02:53:00,CBS Circle,26,26,66,29,143,139,30,108,265,52.18,180.84,43.1,Overcast,Neutral,6.59,Normal
2026-03-02 19:34:00,Mhasrul,125,42,75,95,142,116,43,38,385,43.6,248.61,66.08,Rainy,Anxious,9.94,High
2026-03-27 10:50:00,Mhasrul,15,108,114,41,47,17,149,46,325,24.86,216.77,57.35,Overcast,Neutral,5.53,Normal
2026-03-08 11:42:00,Sinnar Phata,124,150,89,136,96,119,75,119,384,54.83,245.91,79.66,Rainy,Frustrated,9.29,High
2026-03-30 15:58:00,Gangapur Road,92,141,131,31,23,129,20,88,266,30.06,192.09,47.24,Foggy,Neutral,5.27,Normal
2026-03-12 15:38:00,Adgaon Naka,106,19,77,138,134,52,45,145,362,31.89,238.72,59.52,Rainy,Impatient,6.57,Normal
2026-03-17 14:37:00,Patherdi Phata,77,77,60,131,125,82,13,73,275,52.25,183.3,44.53,Overcast,Impatient,6.89,Normal
2026-03-06 04:14:00,Deolali Camp,39,88,147,28,89,134,58,137,333,53.59,221.93,69.28,Overcast,Frustrated,8.98,High
2026-03-12 23:22:00,Bytco Point,143,43,70,124,80,112,123,93,416,31.15,255.45,75.63,Clear,Frustrated,7.73,High
2026-03-25 18:24:00,Ashok Stambh,48,78,103,99,69,37,22,108,242,14.94,177.02,39.6,Foggy,Neutral,4.52,Normal
2026-03-19 09:56:00,Adgaon Naka,97,59,50,150,19,46,50,75,216,50.53,158.91,41.53,Clear,Neutral,4.1,Normal
2026-03-13 11:14:00,Govind Nagar,80,49,76,147,95,43,108,82,359,51.65,226.11,63.81,Foggy,Anxious,9.28,High
2026-03-02 06:07:00,Deolali Camp,76,114,79,120,56,133,43,47,254,38.91,185.51,44.11,Overcast,Neutral,6.45,Normal
2026-03-01 16:08:00,Bytco Point,129,116,110,46,64,42,121,98,424,22.63,259.75,100.57,Rainy,Impatient,10.0,High
2026-03-07 14:26:00,Ashok Stambh,123,73,67,70,144,93,148,95,482,40.89,283.18,78.97,Clear,Frustrated,7.65,High
2026-03-26 17:18:00,Gangapur Road,81,15,94,56,12,37,59,30,246,49.22,163.8,44.47,Foggy,Neutral,6.37,Normal
2026-03-16 16:07:00,Adgaon Naka,58,73,133,127,118,27,59,119,368,35.5,235.19,61.38,Clear,Impatient,7.63,High
2026-03-26 20:08:00,Adgaon Naka,95,31,38,138,48,24,120,101,301,45.52,201.58,57.46,Foggy,Neutral,5.81,Normal
2026-03-18 04:01:00,Panchavati,35,18,34,76,71,38,49,42,189,40.53,135.57,33.11,Clear,Neutral,6.84,Normal
2026-03-17 13:19:00,Sinnar Phata,104,99,93,56,62,13,30,104,289,33.81,198.59,52.44,Clear,Impatient,4.27,Normal
2026-03-23 03:22:00,Dwarka Circle,34,123,12,16,139,44,40,128,225,34.56,171.32,36.17,Overcast,Neutral,5.28,Normal
2026-03-17 17:21:00,Rane Nagar,52,13,72,94,58,25,44,122,226,43.45,168.83,51.92,Clear,Impatient,6.62,Normal
2026-03-06 22:22:00,Indira Nagar,113,131,122,117,97,144,149,112,481,25.73,288.46,93.73,Rainy,Impatient,8.52,High
2026-03-20 21:30:00,Trimbak Naka,38,62,132,84,146,76,81,43,397,43.38,241.79,68.32,Overcast,Impatient,9.14,High
2026-03-18 07:33:00,Rane Nagar,124,92,129,123,13,17,115,149,381,42.69,230.63,84.58,Overcast,Frustrated,9.97,High
2026-03-01 08:06:00,Adgaon Naka,19,115,137,146,46,22,118,140,320,32.68,201.41,71.09,Overcast,Impatient,9.78,High
2026-03-13 16:43:00,Trimbak Naka,11,113,104,42,66,35,57,106,238,31.33,174.52,53.05,Overcast,Neutral,6.47,Normal
2026-03-07 00:34:00,Gangapur Road,45,33,144,129,45,59,128,146,362,20.66,235.78,74.99,Rainy,Impatient,8.6,High
2026-03-02 19:42:00,Nashik Road,87,23,58,85,90,81,80,147,315,47.32,207.93,69.07,Clear,Frustrated,7.27,High
2026-03-26 02:32:00,Mhasrul,57,44,43,143,96,60,91,16,287,27.51,191.44,51.88,Rainy,Impatient,6.42,Normal
2026-03-07 00:16:00,Sinnar Phata,95,41,76,143,66,144,123,71,360,18.21,224.49,66.88,Overcast,Frustrated,8.25,High
2026-03-03 14:44:00,Nashik Road,147,122,25,78,123,19,86,103,381,53.29,246.42,79.77,Rainy,Impatient,9.26,High
2026-03-24 17:32:00,College Road,77,69,131,62,53,27,126,117,387,33.0,235.16,68.56,Rainy,Impatient,8.9,High
2026-03-05 11:33:00,Panchavati,133,116,121,48,75,114,107,133,436,33.36,273.79,87.55,Foggy,Frustrated,7.4,High
2026-03-08 00:12:00,Mhasrul,34,122,130,97,72,91,64,89,300,56.13,194.9,64.74,Clear,Frustrated,8.46,High
2026-03-03 13:37:00,College Road,135,20,116,17,124,40,117,12,492,19.82,298.76,109.75,Rainy,Impatient,9.22,High
2026-03-16 08:41:00,Satpur MIDC,88,132,107,60,121,71,92,44,408,43.23,255.15,69.93,Foggy,Frustrated,9.84,High
2026-03-17 02:54:00,Panchavati,15,48,28,59,129,14,66,30,238,50.86,170.31,50.11,Rainy,Neutral,6.98,Normal
2026-03-06 15:30:00,Patherdi Phata,109,16,48,92,26,71,17,99,200,30.64,146.82,36.05,Rainy,Impatient,8.43,High
2026-03-19 11:49:00,Ashok Stambh,54,55,144,76,120,87,104,90,422,53.61,253.01,68.96,Clear,Impatient,8.85,High
2026-03-12 01:00:00,Panchavati,71,29,10,20,28,34,17,87,126,52.19,108.61,29.01,Overcast,Neutral,1.22,Normal
2026-03-04 14:29:00,Makhmalabad,11,11,84,22,51,87,126,124,272,23.18,188.96,53.79,Overcast,Impatient,4.51,Normal
2026-03-11 19:07:00,Adgaon Naka,20,19,110,133,117,37,57,62,304,33.54,203.14,52.81,Clear,Impatient,4.95,Normal
2026-03-26 15:48:00,Nashik Road,142,54,35,48,121,114,68,30,366,26.87,225.4,70.25,Rainy,Anxious,10.0,High
2026-03-12 08:53:00,Makhmalabad,129,72,100,106,17,136,134,17,380,14.12,235.88,78.79,Clear,Frustrated,9.74,High
2026-03-24 10:43:00,College Road,138,104,37,96,35,73,22,63,232,29.32,167.32,54.46,Overcast,Neutral,5.16,Normal
2026-03-12 11:30:00,College Road,131,88,96,148,146,103,87,34,460,26.46,271.07,76.62,Foggy,Anxious,9.97,High
2026-03-09 22:51:00,Mumbai Naka,65,130,117,143,84,72,63,44,329,31.06,205.44,78.48,Clear,Anxious,9.66,High
2026-03-30 11:13:00,Govind Nagar,134,26,25,84,46,80,59,12,264,55.15,188.84,47.62,Clear,Neutral,6.37,Normal
2026-03-26 12:12:00,Deolali Camp,125,141,108,41,77,126,86,57,396,13.92,251.16,91.5,Clear,Impatient,8.03,High
2026-03-08 09:31:00,Panchavati,37,125,126,79,147,46,132,72,442,38.49,266.01,72.07,Clear,Anxious,9.35,High
2026-03-25 10:22:00,Dwarka Circle,104,41,96,88,39,92,25,140,264,15.6,179.79,49.28,Rainy,Impatient,7.57,High
2026-03-25 19:41:00,Dwarka Circle,124,134,22,82,111,104,142,80,399,37.43,255.18,86.73,Rainy,Frustrated,10.0,High
2026-03-15 09:15:00,Adgaon Naka,105,14,69,77,57,17,117,114,348,47.86,228.45,72.73,Foggy,Frustrated,7.77,High
2026-03-17 00:11:00,Panchavati,36,118,98,105,118,31,30,42,282,25.94,184.24,51.11,Overcast,Impatient,6.86,Normal
2026-03-19 07:23:00,Dwarka Circle,66,15,29,103,119,99,117,56,331,36.39,208.27,68.54,Clear,Frustrated,7.37,High
2026-03-19 13:00:00,Satpur MIDC,116,24,134,121,23,101,135,54,408,23.94,249.53,94.53,Foggy,Impatient,9.16,High
2026-03-14 02:22:00,Govind Nagar,65,93,27,126,77,35,33,57,202,31.38,141.96,44.91,Rainy,Impatient,6.79,Normal
2026-03-01 15:33:00,Deolali Camp,130,134,23,81,60,69,122,138,335,52.87,223.94,53.89,Clear,Impatient,6.16,Normal
2026-03-29 22:44:00,Bytco Point,114,38,90,26,59,60,136,128,399,23.5,243.87,68.66,Clear,Anxious,9.05,High
2026-03-25 17:43:00,Adgaon Naka,107,110,112,44,81,108,90,136,390,13.99,245.11,86.33,Foggy,Frustrated,9.58,High
2026-03-07 11:08:00,Ashok Stambh,118,104,90,25,86,148,121,134,415,40.07,261.58,89.96,Foggy,Frustrated,9.75,High
2026-03-07 21:10:00,Adgaon Naka,83,34,25,38,125,70,126,11,359,33.22,221.49,72.36,Rainy,Impatient,10.0,High
2026-03-14 02:48:00,Rane Nagar,17,77,126,105,47,122,46,22,236,21.78,159.44,39.61,Clear,Impatient,5.28,Normal
2026-03-23 10:46:00,Govind Nagar,126,61,18,43,126,123,87,108,357,46.04,218.86,70.15,Overcast,Frustrated,9.93,High
2026-03-09 07:11:00,College Road,37,20,18,117,89,121,101,133,245,53.43,167.97,44.12,Overcast,Neutral,4.24,Normal
2026-03-29 06:03:00,Nashik Road,18,48,57,61,112,78,91,123,278,31.91,181.43,60.29,Rainy,Frustrated,8.77,High
2026-03-04 18:53:00,Deolali Camp,73,93,49,38,77,125,65,71,264,26.16,177.9,58.3,Overcast,Impatient,5.43,Normal
2026-03-28 10:38:00,Gangapur Road,146,127,47,105,127,24,86,79,406,34.32,253.95,69.9,Overcast,Anxious,9.56,High
2026-03-17 21:45:00,Patherdi Phata,127,96,125,92,23,128,99,58,374,38.37,236.99,67.17,Foggy,Frustrated,9.4,High
2026-03-30 06:40:00,College Road,126,19,109,146,21,10,55,130,311,30.59,201.22,68.58,Overcast,Impatient,7.52,High
2026-03-12 08:44:00,Mhasrul,142,69,111,89,60,138,60,16,373,54.33,230.59,65.84,Clear,Impatient,9.48,High
2026-03-27 11:40:00,Mumbai Naka,60,111,130,53,90,60,75,120,355,48.78,227.24,80.47,Clear,Impatient,8.91,High
2026-03-01 09:31:00,Bytco Point,34,64,51,144,109,30,28,103,222,17.7,168.68,42.3,Clear,Impatient,5.71,Normal
2026-03-15 11:36:00,Trimbak Naka,109,52,17,75,50,143,57,110,233,44.8,166.56,47.14,Overcast,Impatient,5.54,Normal
2026-03-13 19:27:00,Mhasrul,60,105,107,45,43,127,24,98,234,15.75,175.37,53.62,Foggy,Impatient,4.26,Normal
2026-03-17 10:34:00,Bytco Point,56,94,63,101,71,60,98,92,288,22.0,200.75,47.89,Clear,Neutral,4.6,Normal
2026-03-21 12:17:00,Mumbai Naka,133,65,148,41,36,85,13,72,330,25.93,208.91,58.47,Clear,Neutral,5.45,Normal
2026-03-22 23:26:00,Gangapur Road,73,49,95,105,101,84,134,67,403,45.6,244.02,93.87,Overcast,Frustrated,8.68,High
2026-03-20 02:43:00,Patherdi Phata,40,126,56,19,50,90,93,104,239,55.86,170.09,45.92,Overcast,Impatient,5.11,Normal
2026-03-06 17:48:00,Ashok Stambh,20,97,105,69,104,17,11,13,240,54.05,166.81,42.26,Overcast,Neutral,4.45,Normal
2026-03-19 17:22:00,Rane Nagar,148,103,81,13,28,144,59,44,316,30.58,210.57,70.1,Overcast,Anxious,8.87,High
2026-03-19 08:41:00,College Road,141,118,93,28,78,142,135,41,447,41.95,270.27,92.91,Overcast,Impatient,7.89,High
2026-03-10 10:12:00,Nashik Road,100,70,32,15,71,56,101,66,304,11.99,208.78,51.46,Foggy,Impatient,6.19,Normal
2026-03-09 02:47:00,Trimbak Naka,21,50,33,138,17,99,56,76,127,48.87,114.13,28.46,Clear,Neutral,3.44,Normal
2026-03-24 13:25:00,Mhasrul,22,140,14,101,129,133,136,71,301,41.52,191.46,64.52,Rainy,Anxious,10.0,High
2026-03-20 14:39:00,Sinnar Phata,134,84,116,84,139,43,47,48,436,24.84,267.47,87.4,Overcast,Anxious,7.72,High
2026-03-10 20:59:00,CBS Circle,83,77,41,120,32,29,76,19,232,18.09,166.02,47.06,Clear,Impatient,5.43,Normal
2026-03-30 08:36:00,Nashik Road,81,121,136,27,60,26,114,47,391,54.5,249.39,63.69,Foggy,Impatient,8.85,High
2026-03-07 22:47:00,Bytco Point,45,65,36,43,38,150,33,93,152,31.47,132.72,32.3,Clear,Impatient,6.25,Normal
2026-03-06 23:56:00,Sinnar Phata,46,29,124,51,39,73,42,12,251,43.65,181.89,49.05,Rainy,Neutral,6.46,Normal
2026-03-28 00:24:00,Nashik Road,119,113,142,38,131,45,147,134,539,17.95,314.25,109.9,Foggy,Impatient,8.82,High
2026-03-27 13:46:00,Ashok Stambh,79,24,138,17,136,126,133,145,486,13.83,288.83,108.12,Foggy,Impatient,7.71,High
2026-03-16 08:12:00,Rane Nagar,131,36,88,52,36,89,64,46,319,54.7,218.51,71.23,Foggy,Frustrated,8.66,High
2026-03-29 18:16:00,Gangapur Road,52,74,38,149,116,29,144,80,350,40.96,217.44,79.38,Foggy,Impatient,8.57,High
2026-03-05 23:30:00,Indira Nagar,106,112,128,77,24,54,110,146,368,32.98,236.97,79.73,Rainy,Impatient,10.0,High
2026-03-09 19:29:00,Mhasrul,96,35,22,12,30,48,122,32,270,52.5,190.32,62.78,Overcast,Frustrated,8.71,High
2026-03-25 01:21:00,Deolali Camp,124,32,29,96,128,114,121,115,402,33.91,245.84,70.66,Rainy,Frustrated,9.22,High
2026-03-13 19:04:00,Bytco Point,113,57,33,22,144,21,80,80,370,35.88,240.5,61.75,Overcast,Frustrated,9.7,High
2026-03-25 10:41:00,Dwarka Circle,138,49,21,91,34,46,51,139,244,35.51,166.08,47.19,Clear,Impatient,6.82,Normal
2026-03-14 20:41:00,Gangapur Road,10,26,106,116,75,140,97,142,288,28.71,201.14,57.18,Clear,Neutral,5.07,Normal
2026-03-08 15:33:00,Makhmalabad,21,128,36,127,129,35,126,76,312,52.69,214.38,64.63,Rainy,Frustrated,8.68,High
2026-03-13 21:28:00,Mumbai Naka,39,113,96,150,134,11,85,135,354,31.45,222.55,61.89,Rainy,Impatient,9.99,High
2026-03-26 14:30:00,Satpur MIDC,110,13,105,46,75,24,99,49,389,55.79,251.42,81.09,Rainy,Frustrated,8.56,High
2026-03-22 04:56:00,Makhmalabad,36,35,130,84,117,118,97,24,380,14.15,248.88,65.35,Rainy,Impatient,9.76,High
2026-03-18 03:19:00,Panchavati,90,74,71,35,70,12,51,96,282,49.53,184.74,53.51,Foggy,Neutral,5.66,Normal
2026-03-07 06:43:00,Satpur MIDC,10,48,109,122,21,150,146,103,286,39.39,200.51,46.48,Clear,Neutral,6.62,Normal
2026-03-11 14:46:00,Indira Nagar,70,78,65,13,113,50,140,88,388,43.59,253.57,92.11,Foggy,Impatient,9.08,High
2026-03-04 09:53:00,Ashok Stambh,139,49,74,64,65,79,93,18,371,32.64,239.09,63.43,Foggy,Impatient,9.42,High
2026-03-09 02:14:00,Bytco Point,92,67,44,116,44,68,79,98,259,49.3,183.39,41.86,Rainy,Neutral,7.53,High
2026-03-03 01:08:00,Satpur MIDC,139,107,144,136,83,43,25,52,391,52.67,254.75,85.89,Rainy,Frustrated,10.0,High
2026-03-19 09:53:00,Adgaon Naka,106,134,31,40,134,69,75,107,346,46.17,221.42,67.24,Rainy,Frustrated,8.96,High
2026-03-10 07:49:00,Dwarka Circle,16,55,43,93,37,124,47,88,143,42.26,122.87,30.58,Clear,Neutral,4.53,Normal
2026-03-29 23:30:00,CBS Circle,13,44,11,99,95,28,30,110,149,45.33,115.03,32.47,Foggy,Impatient,5.39,Normal
2026-03-29 00:18:00,Ashok Stambh,85,140,60,98,44,78,17,117,206,38.12,150.02,40.92,Clear,Impatient,5.13,Normal
2026-03-02 12:09:00,Mhasrul,49,24,102,69,145,64,10,126,306,56.35,204.36,62.89,Rainy,Frustrated,10.0,High
2026-03-01 03:03:00,Makhmalabad,102,81,121,72,110,136,20,103,353,27.14,218.0,74.87,Foggy,Frustrated,8.66,High
2026-03-14 15:29:00,Nashik Road,113,148,123,132,144,97,41,121,421,24.94,255.67,69.46,Clear,Frustrated,7.37,High
2026-03-01 19:28:00,Govind Nagar,13,64,119,27,61,126,111,104,304,52.08,205.69,50.5,Overcast,Impatient,4.04,Normal
2026-03-22 14:25:00,Deolali Camp,130,54,16,22,92,74,98,63,336,44.11,208.88,77.5,Clear,Impatient,7.94,High
2026-03-22 04:04:00,Sinnar Phata,111,79,104,68,42,105,139,86,396,37.68,245.44,78.65,Foggy,Anxious,9.23,High
2026-03-15 08:32:00,Mhasrul,100,104,136,73,61,71,70,65,367,27.52,239.05,82.31,Overcast,Anxious,7.22,High
2026-03-12 17:30:00,Mumbai Naka,126,106,66,27,64,82,49,98,305,17.61,202.5,58.67,Clear,Neutral,5.32,Normal
2026-03-29 06:58:00,Mhasrul,61,96,83,76,78,23,147,123,369,42.66,232.67,65.74,Clear,Anxious,9.98,High
2026-03-24 12:48:00,Trimbak Naka,27,33,22,106,89,14,147,101,285,22.59,186.2,63.31,Overcast,Anxious,9.2,High
2026-03-24 06:48:00,CBS Circle,106,41,130,15,130,107,95,124,461,25.74,271.72,97.5,Rainy,Anxious,9.86,High
2026-03-11 09:09:00,Ashok Stambh,34,52,33,122,64,141,19,88,150,38.02,120.91,25.1,Overcast,Satisfied,2.59,Normal
2026-03-14 03:35:00,CBS Circle,26,31,68,118,117,61,22,59,233,33.59,170.94,38.98,Overcast,Impatient,6.07,Normal
2026-03-14 06:06:00,Adgaon Naka,49,144,127,86,88,47,71,35,335,29.54,222.07,78.5,Overcast,Anxious,9.41,High
2026-03-29 11:29:00,Mumbai Naka,136,113,22,72,118,25,137,64,413,45.7,253.45,86.3,Foggy,Frustrated,7.4,High
2026-03-23 19:18:00,Mumbai Naka,46,131,105,100,82,77,39,31,272,28.1,178.31,62.96,Foggy,Frustrated,9.2,High
2026-03-10 02:19:00,Sinnar Phata,130,118,137,101,65,62,102,57,434,55.46,271.18,80.93,Clear,Anxious,9.08,High
2026-03-06 04:56:00,Gangapur Road,82,124,110,67,83,31,73,135,348,55.84,233.5,61.31,Clear,Impatient,7.68,High
2026-03-28 10:36:00,Gangapur Road,147,82,74,15,13,147,108,14,342,49.79,216.46,68.29,Overcast,Frustrated,8.2,High
2026-03-07 07:54:00,Trimbak Naka,104,121,29,121,14,71,40,24,187,47.49,140.49,30.53,Foggy,Impatient,4.79,Normal
2026-03-18 01:17:00,Adgaon Naka,143,54,37,122,83,55,31,101,294,21.17,202.55,52.86,Foggy,Impatient,4.71,Normal
2026-03-22 17:06:00,Dwarka Circle,104,41,97,128,22,68,75,30,298,39.58,196.7,64.5,Clear,Frustrated,9.31,High
2026-03-29 05:38:00,CBS Circle,24,18,44,108,138,59,112,47,318,24.45,207.33,59.91,Clear,Neutral,5.77,Normal
2026-03-11 21:53:00,Adgaon Naka,76,58,48,122,132,39,119,139,375,43.02,238.5,84.68,Overcast,Anxious,9.02,High
2026-03-17 19:45:00,Mumbai Naka,17,43,65,26,76,84,142,143,300,14.74,208.98,68.16,Overcast,Impatient,8.57,High
2026-03-07 03:42:00,Mhasrul,103,49,45,100,58,57,70,84,276,29.47,179.17,50.18,Rainy,Impatient,6.87,Normal
2026-03-27 22:56:00,Indira Nagar,61,38,76,12,38,88,133,43,308,18.57,197.3,67.66,Overcast,Frustrated,9.34,High
2026-03-09 09:11:00,Makhmalabad,48,57,10,55,31,65,133,55,222,20.64,170.07,47.83,Rainy,Impatient,5.79,Normal
2026-03-18 22:20:00,Mhasrul,29,109,41,63,147,110,86,133,303,53.42,198.02,54.72,Rainy,Impatient,6.33,Normal
2026-03-17 07:02:00,Dwarka Circle,18,39,58,93,144,29,123,122,343,33.59,228.66,74.94,Rainy,Anxious,10.0,High
2026-03-07 22:56:00,Makhmalabad,137,38,34,38,74,130,139,84,384,15.77,233.34,86.31,Rainy,Anxious,9.49,High
2026-03-18 13:35:00,Patherdi Phata,70,14,48,15,105,79,76,68,299,38.51,203.16,63.69,Foggy,Anxious,8.97,High
2026-03-18 10:15:00,Panchavati,31,102,109,37,80,12,17,28,237,52.2,174.68,39.25,Overcast,Impatient,6.92,Normal
2026-03-25 22:11:00,CBS Circle,93,125,83,42,52,130,64,59,292,30.43,200.39,57.58,Overcast,Neutral,6.02,Normal
2026-03-30 02:47:00,Adgaon Naka,38,136,99,142,13,65,88,23,238,17.74,178.17,39.5,Foggy,Impatient,4.07,Normal
2026-03-01 06:42:00,CBS Circle,134,114,58,81,36,126,140,125,368,35.06,233.25,66.42,Overcast,Anxious,7.65,High
2026-03-13 03:46:00,Panchavati,10,51,141,11,52,32,40,34,243,55.95,175.94,48.98,Rainy,Neutral,7.54,High
2026-03-21 17:01:00,Mhasrul,59,104,141,98,21,43,101,100,322,41.45,213.28,62.09,Rainy,Impatient,10.0,High
2026-03-12 03:58:00,Govind Nagar,145,142,101,76,73,106,137,10,456,21.88,274.74,90.32,Overcast,Anxious,9.61,High
2026-03-27 08:23:00,Panchavati,129,136,61,34,23,10,30,10,243,51.49,177.94,55.26,Overcast,Impatient,4.79,Normal
2026-03-15 17:44:00,Mumbai Naka,62,66,99,132,24,79,110,116,295,46.73,189.02,69.2,Overcast,Impatient,9.99,High
2026-03-27 12:53:00,Ashok Stambh,20,145,127,139,135,78,140,67,422,14.87,268.7,99.54,Overcast,Frustrated,7.08,High
2026-03-15 05:38:00,Panchavati,39,85,31,123,89,139,97,14,256,51.77,169.31,59.49,Overcast,Impatient,4.51,Normal
2026-03-05 08:27:00,Bytco Point,125,40,26,38,56,125,35,145,242,38.62,166.1,52.93,Overcast,Impatient,6.76,Normal
2026-03-05 06:49:00,Indira Nagar,104,76,74,132,99,133,71,36,348,40.05,219.41,76.01,Rainy,Anxious,10.0,High
2026-03-27 08:41:00,Adgaon Naka,106,34,149,19,132,56,84,55,471,40.34,294.4,99.94,Clear,Anxious,8.84,High
2026-03-18 07:14:00,Sinnar Phata,111,129,98,46,27,16,143,133,379,54.05,247.71,74.49,Overcast,Anxious,8.53,High
2026-03-01 06:19:00,Mumbai Naka,82,69,94,112,88,82,131,131,395,48.19,250.42,75.73,Clear,Anxious,8.0,High
2026-03-24 04:42:00,Satpur MIDC,111,121,16,145,70,89,134,61,331,13.42,212.47,63.46,Clear,Frustrated,8.81,High
2026-03-14 11:32:00,Mhasrul,89,128,105,109,32,131,74,51,300,51.04,202.32,54.77,Clear,Impatient,6.87,Normal
2026-03-03 20:58:00,Mumbai Naka,36,46,94,12,46,131,93,96,269,21.5,185.93,60.08,Foggy,Frustrated,9.88,High
2026-03-13 13:55:00,Sinnar Phata,14,27,106,64,115,119,35,44,270,48.33,188.11,47.72,Overcast,Neutral,5.9,Normal
2026-03-01 05:58:00,Ashok Stambh,48,98,14,13,11,148,41,149,114,41.17,98.0,19.06,Overcast,Satisfied,1.33,Normal
2026-03-29 15:52:00,Mumbai Naka,110,145,129,10,134,79,36,126,409,54.63,260.05,91.11,Clear,Anxious,8.94,High
2026-03-12 14:08:00,Satpur MIDC,35,101,119,150,125,22,148,83,427,46.17,265.87,87.82,Foggy,Impatient,9.35,High
2026-03-23 16:17:00,Sinnar Phata,73,61,14,42,141,26,142,45,370,22.54,237.25,64.12,Foggy,Anxious,7.98,High
2026-03-11 04:50:00,Satpur MIDC,27,63,123,101,99,43,50,88,299,13.62,204.11,59.72,Overcast,Neutral,4.84,Normal
2026-03-06 01:56:00,Ashok Stambh,37,55,91,19,53,11,80,74,261,42.56,185.72,46.95,Rainy,Impatient,6.52,Normal
2026-03-22 15:41:00,Dwarka Circle,112,99,77,11,18,42,69,51,276,16.92,178.58,54.28,Clear,Impatient,4.45,Normal
2026-03-18 19:54:00,Trimbak Naka,28,35,25,115,86,97,36,132,175,26.57,134.02,30.48,Rainy,Impatient,6.59,Normal
2026-03-26 20:54:00,Gangapur Road,21,50,94,12,51,22,23,43,189,33.74,149.2,43.39,Foggy,Impatient,6.51,Normal
2026-03-29 12:17:00,Govind Nagar,134,141,120,112,35,109,57,43,346,20.99,232.21,63.58,Overcast,Impatient,9.45,High
2026-03-03 18:51:00,Rane Nagar,10,125,133,21,121,108,120,141,384,47.22,233.44,82.32,Foggy,Impatient,8.07,High
2026-03-15 11:07:00,Makhmalabad,46,97,37,75,102,32,87,133,272,55.71,191.01,55.41,Rainy,Impatient,8.27,High
2026-03-04 04:43:00,Satpur MIDC,73,104,68,99,27,99,21,83,189,40.37,154.37,40.86,Clear,Impatient,5.39,Normal
2026-03-16 02:49:00,Makhmalabad,18,45,126,55,19,104,116,119,279,38.61,189.9,54.96,Rainy,Impatient,6.48,Normal
2026-03-23 18:01:00,Bytco Point,34,72,124,148,59,98,115,107,332,13.6,215.62,71.87,Rainy,Frustrated,10.0,High
2026-03-05 09:08:00,Mumbai Naka,44,10,69,140,53,46,42,27,208,28.69,159.15,35.05,Overcast,Neutral,6.79,Normal
2026-03-10 02:56:00,Adgaon Naka,54,148,42,70,77,69,138,21,311,39.74,196.24,69.33,Rainy,Impatient,10.0,High
2026-03-22 04:10:00,Satpur MIDC,13,126,56,75,57,23,76,111,202,15.66,147.76,35.56,Clear,Impatient,6.32,Normal
2026-03-07 14:18:00,Satpur MIDC,75,11,44,69,82,21,107,95,308,56.18,196.34,62.32,Clear,Frustrated,8.0,High
2026-03-08 02:46:00,Deolali Camp,48,127,93,125,46,148,144,27,331,47.29,221.78,75.62,Overcast,Frustrated,9.33,High
2026-03-26 14:58:00,Gangapur Road,86,119,66,126,63,140,38,84,253,32.18,176.48,47.9,Clear,Impatient,6.51,Normal
2026-03-24 06:35:00,College Road,85,123,67,127,123,42,118,10,393,18.55,244.28,75.8,Foggy,Anxious,8.13,High
2026-03-19 18:43:00,College Road,81,75,103,136,45,89,121,111,350,13.43,234.65,65.68,Foggy,Impatient,8.79,High
2026-03-10 21:05:00,Rane Nagar,57,29,102,134,23,56,24,37,206,51.72,161.69,35.99,Rainy,Neutral,7.86,High
2026-03-03 08:09:00,Bytco Point,127,25,119,91,25,138,65,94,336,39.16,210.45,57.8,Overcast,Neutral,5.78,Normal
2026-03-06 15:44:00,Satpur MIDC,70,27,89,37,70,102,70,97,299,54.94,199.57,67.12,Overcast,Anxious,8.65,High
2026-03-21 23:13:00,Dwarka Circle,98,25,16,108,68,142,99,32,281,24.63,195.67,57.0,Overcast,Impatient,5.45,Normal
2026-03-18 15:24:00,Adgaon Naka,88,30,106,46,72,127,27,131,293,12.35,195.78,53.46,Rainy,Neutral,7.96,High
2026-03-23 09:14:00,Nashik Road,39,107,147,53,36,73,37,93,259,30.98,186.39,41.86,Rainy,Neutral,8.09,High
2026-03-22 02:33:00,Gangapur Road,10,49,132,41,73,42,28,48,243,36.25,179.39,46.61,Rainy,Impatient,7.54,High
2026-03-07 19:44:00,CBS Circle,106,112,30,111,97,11,113,78,346,37.12,218.46,81.89,Rainy,Anxious,9.09,High
2026-03-13 16:24:00,Govind Nagar,77,124,134,107,54,86,139,22,404,35.71,242.02,86.45,Clear,Impatient,8.82,High
2026-03-22 07:36:00,Bytco Point,143,42,66,133,99,15,53,68,361,28.95,220.59,71.8,Overcast,Anxious,7.96,High
2026-03-13 18:31:00,Deolali Camp,44,94,73,104,110,10,62,57,289,13.33,197.26,65.83,Overcast,Impatient,8.26,High
2026-03-10 21:48:00,Trimbak Naka,62,114,118,29,24,92,84,69,288,55.17,194.8,46.39,Rainy,Neutral,5.56,Normal
2026-03-12 03:51:00,Dwarka Circle,106,42,34,23,90,57,61,76,291,20.47,194.06,62.27,Clear,Impatient,7.38,High
2026-03-24 06:19:00,Patherdi Phata,70,112,71,82,138,84,83,28,362,45.18,239.36,59.21,Clear,Impatient,4.81,Normal
2026-03-08 21:33:00,Indira Nagar,81,150,72,82,77,65,25,133,255,32.86,170.47,46.23,Overcast,Neutral,5.95,Normal
2026-03-21 17:29:00,Patherdi Phata,62,124,129,138,129,21,55,56,375,48.61,234.66,65.3,Clear,Impatient,9.92,High
2026-03-23 06:41:00,Patherdi Phata,13,125,34,131,81,82,33,72,161,34.83,139.07,31.78,Overcast,Impatient,5.59,Normal
2026-03-07 10:31:00,Satpur MIDC,56,27,27,132,67,74,55,124,205,19.59,160.69,42.19,Clear,Neutral,6.26,Normal
2026-03-14 18:11:00,Panchavati,110,102,112,106,18,81,25,117,265,40.76,178.99,45.23,Foggy,Impatient,4.67,Normal
2026-03-04 15:07:00,CBS Circle,27,84,143,89,139,135,42,91,351,20.24,218.95,80.67,Rainy,Impatient,9.68,High
2026-03-20 05:12:00,Nashik Road,120,136,100,27,15,146,42,28,277,36.54,180.44,58.05,Clear,Impatient,4.02,Normal
2026-03-08 04:35:00,Ashok Stambh,144,65,123,120,11,73,134,87,412,26.69,255.55,94.37,Foggy,Impatient,7.91,High
2026-03-25 22:00:00,Bytco Point,125,56,120,116,90,142,112,134,447,28.09,271.46,81.64,Clear,Frustrated,9.02,High
2026-03-05 18:45:00,Ashok Stambh,40,108,126,108,97,73,24,144,287,50.77,195.86,65.01,Overcast,Anxious,7.9,High
2026-03-25 00:37:00,Satpur MIDC,126,130,66,98,89,118,63,109,344,13.25,222.74,78.94,Foggy,Frustrated,7.79,High
2026-03-24 12:33:00,Dwarka Circle,49,32,131,40,106,95,63,11,349,35.71,225.46,58.86,Foggy,Neutral,5.48,Normal
2026-03-23 03:56:00,Indira Nagar,93,76,60,135,39,11,29,98,221,15.27,160.41,51.5,Overcast,Neutral,4.62,Normal
2026-03-19 11:39:00,Dwarka Circle,25,106,97,62,30,110,117,31,269,56.34,182.69,43.38,Rainy,Impatient,6.63,Normal
2026-03-07 10:59:00,Govind Nagar,46,130,102,148,23,136,13,33,184,57.05,142.22,42.9,Rainy,Impatient,7.19,High
2026-03-28 02:17:00,Sinnar Phata,114,36,125,95,16,94,107,145,362,54.86,224.04,63.67,Foggy,Anxious,8.33,High
2026-03-25 19:10:00,Trimbak Naka,59,38,102,99,25,95,89,49,275,33.24,184.39,62.75,Foggy,Anxious,7.04,High
2026-03-15 16:35:00,Nashik Road,68,16,118,24,84,104,124,29,394,19.25,248.78,90.62,Overcast,Impatient,7.5,High
2026-03-10 13:22:00,College Road,113,144,77,58,19,150,121,83,330,35.67,217.88,70.32,Overcast,Frustrated,7.71,High
2026-03-03 01:13:00,Mumbai Naka,78,148,114,91,87,85,131,60,410,21.05,245.42,84.4,Rainy,Impatient,9.48,High
2026-03-22 00:30:00,College Road,39,125,66,94,85,135,17,113,207,35.81,146.41,45.31,Rainy,Impatient,7.45,High
2026-03-16 11:22:00,Mhasrul,15,77,52,84,138,130,105,150,310,17.68,209.69,51.41,Foggy,Impatient,5.73,Normal
2026-03-19 16:27:00,Govind Nagar,18,134,57,67,38,93,127,150,240,51.69,168.78,42.93,Foggy,Impatient,4.96,Normal
2026-03-02 13:16:00,Trimbak Naka,70,58,71,149,46,55,63,118,250,56.26,166.07,45.25,Foggy,Neutral,6.24,Normal
2026-03-24 15:44:00,Govind Nagar,108,25,94,92,146,93,114,58,462,19.17,272.97,93.87,Foggy,Frustrated,7.46,High
2026-03-05 00:27:00,Ashok Stambh,29,56,60,94,53,118,129,84,271,41.87,185.4,45.4,Rainy,Impatient,6.0,Normal
2026-03-15 16:52:00,Sinnar Phata,146,70,56,70,129,109,33,50,364,38.63,227.67,59.68,Clear,Impatient,6.39,Normal
2026-03-09 10:57:00,Patherdi Phata,94,14,67,15,112,44,145,113,418,20.18,266.73,87.31,Foggy,Impatient,9.36,High
2026-03-12 23:57:00,Patherdi Phata,50,71,146,41,124,149,23,81,343,31.11,211.97,64.38,Foggy,Anxious,9.0,High
2026-03-05 07:04:00,Ashok Stambh,137,38,74,34,117,39,67,102,395,43.97,241.05,90.76,Foggy,Frustrated,8.37,High
2026-03-17 15:07:00,Mumbai Naka,26,77,49,68,24,86,27,120,126,35.21,113.33,20.62,Overcast,Neutral,1.42,Normal
2026-03-23 01:14:00,Mumbai Naka,122,146,104,138,133,16,43,13,402,15.45,253.82,67.05,Clear,Impatient,8.37,High
2026-03-27 02:44:00,Govind Nagar,12,35,86,13,20,61,47,84,165,22.99,141.42,33.94,Foggy,Neutral,6.37,Normal
2026-03-11 09:22:00,Gangapur Road,18,117,133,53,99,10,34,85,284,32.26,182.41,48.31,Overcast,Impatient,5.13,Normal
2026-03-19 05:14:00,Patherdi Phata,107,110,130,35,63,137,116,41,416,14.29,252.48,76.4,Rainy,Impatient,9.26,High
2026-03-12 01:47:00,Gangapur Road,113,28,123,101,118,140,15,65,369,19.61,234.99,64.95,Rainy,Anxious,10.0,High
2026-03-11 15:41:00,Bytco Point,66,29,133,82,67,65,119,117,385,37.01,250.14,89.25,Foggy,Frustrated,8.95,High
2026-03-07 05:41:00,Dwarka Circle,86,44,144,141,113,140,107,37,450,42.13,281.84,74.1,Clear,Impatient,9.17,High
2026-03-24 05:10:00,Adgaon Naka,128,136,16,25,88,77,10,56,242,46.91,166.46,46.28,Overcast,Impatient,4.06,Normal
2026-03-13 10:55:00,Ashok Stambh,30,24,84,15,117,133,108,51,339,47.06,209.89,55.72,Overcast,Neutral,4.43,Normal
2026-03-15 03:50:00,Makhmalabad,111,115,76,130,147,32,95,54,429,28.63,266.89,100.28,Foggy,Frustrated,9.42,High
2026-03-28 21:46:00,Patherdi Phata,95,144,50,112,138,146,87,81,370,30.67,225.66,73.68,Clear,Frustrated,7.0,High
2026-03-01 18:01:00,Dwarka Circle,100,91,111,10,53,70,108,60,372,20.71,230.1,88.65,Foggy,Anxious,9.06,High
2026-03-23 09:04:00,Rane Nagar,64,68,67,21,36,33,14,80,181,53.48,133.79,39.02,Foggy,Impatient,5.84,Normal
2026-03-12 12:24:00,Ashok Stambh,52,119,50,22,11,67,53,102,166,53.94,136.93,38.84,Foggy,Impatient,6.82,Normal
2026-03-24 13:05:00,Satpur MIDC,104,30,31,55,60,28,102,103,297,16.05,194.29,62.85,Clear,Frustrated,9.66,High
2026-03-16 03:01:00,Nashik Road,77,131,140,77,50,149,68,104,335,15.02,215.15,55.85,Rainy,Impatient,6.06,Normal
2026-03-12 20:54:00,Sinnar Phata,66,126,96,49,52,73,28,110,242,20.5,175.35,49.47,Clear,Neutral,4.76,Normal
2026-03-30 13:06:00,Sinnar Phata,29,80,76,56,67,106,59,32,231,26.0,167.56,44.25,Foggy,Neutral,4.48,Normal
2026-03-28 12:17:00,CBS Circle,85,95,48,70,130,76,99,42,362,30.45,224.38,82.64,Overcast,Anxious,9.49,High
2026-03-30 17:27:00,Makhmalabad,72,109,26,56,98,92,21,53,217,33.89,156.57,51.53,Overcast,Neutral,6.56,Normal
2026-03-19 23:09:00,Dwarka Circle,136,87,80,52,38,75,44,82,298,38.97,204.78,53.95,Rainy,Impatient,6.07,Normal
2026-03-20 07:37:00,Trimbak Naka,41,100,65,13,129,57,121,21,356,55.56,231.62,80.34,Foggy,Impatient,8.77,High
2026-03-30 21:59:00,Bytco Point,45,13,93,105,128,102,66,86,332,13.38,222.26,59.83,Clear,Impatient,6.35,Normal
2026-03-09 19:48:00,Ashok Stambh,59,131,51,87,79,71,12,66,201,24.48,154.78,47.49,Foggy,Impatient,4.8,Normal
2026-03-03 22:28:00,Mhasrul,23,112,107,122,23,50,148,69,301,56.47,200.81,55.91,Rainy,Impatient,7.1,High
2026-03-20 13:43:00,Ashok Stambh,102,23,72,134,25,133,102,105,301,25.09,210.17,67.53,Foggy,Frustrated,9.74,High
2026-03-16 16:19:00,Sinnar Phata,65,111,94,145,128,59,44,86,331,12.49,213.7,75.89,Foggy,Frustrated,9.35,High
2026-03-25 01:16:00,CBS Circle,150,77,67,127,140,53,86,87,443,25.43,274.52,92.54,Clear,Anxious,7.33,High
2026-03-12 07:40:00,Panchavati,108,36,150,49,61,90,115,25,434,26.22,266.21,99.55,Rainy,Frustrated,8.52,High
2026-03-25 20:09:00,Sinnar Phata,122,96,77,40,88,36,34,122,321,55.61,208.87,53.34,Overcast,Impatient,6.97,Normal
2026-03-02 18:16:00,Rane Nagar,59,14,120,92,77,63,135,33,391,19.98,239.95,68.77,Rainy,Frustrated,8.79,High
2026-03-13 05:57:00,Nashik Road,48,126,65,135,138,112,73,68,324,33.87,216.19,77.38,Overcast,Impatient,8.26,High
2026-03-07 20:53:00,Panchavati,38,55,91,52,122,97,57,51,308,48.05,213.45,62.08,Overcast,Anxious,8.63,High
2026-03-13 12:41:00,Sinnar Phata,57,106,69,40,22,36,128,107,276,27.93,197.8,64.82,Overcast,Anxious,8.14,High
2026-03-09 10:40:00,Nashik Road,17,15,67,112,86,140,29,140,199,32.77,145.8,45.5,Foggy,Neutral,5.63,Normal
2026-03-11 01:55:00,Nashik Road,22,94,105,39,109,130,49,19,285,50.98,185.87,57.21,Overcast,Impatient,6.28,Normal
2026-03-04 12:45:00,Ashok Stambh,51,76,49,142,14,138,119,89,233,42.94,172.96,47.28,Overcast,Neutral,6.42,Normal
2026-03-11 13:28:00,College Road,57,98,36,85,118,100,119,62,330,12.21,212.14,56.39,Overcast,Neutral,4.93,Normal
2026-03-24 12:49:00,Ashok Stambh,28,149,142,55,51,53,89,66,310,33.7,203.48,73.4,Clear,Frustrated,9.7,High
2026-03-24 03:28:00,Satpur MIDC,146,74,39,122,110,68,81,70,376,39.65,228.59,66.49,Clear,Impatient,7.09,High
2026-03-29 05:44:00,Deolali Camp,71,107,83,102,26,27,132,29,312,48.43,200.38,61.34,Rainy,Anxious,10.0,High
2026-03-29 11:32:00,College Road,136,95,19,43,129,128,140,64,424,42.91,258.49,78.83,Overcast,Frustrated,7.27,High
2026-03-26 21:25:00,Ashok Stambh,10,22,137,60,76,11,88,129,311,55.19,205.32,67.05,Foggy,Frustrated,9.18,High
2026-03-21 20:05:00,Rane Nagar,118,147,150,12,119,98,28,18,415,17.78,265.05,69.19,Rainy,Frustrated,9.68,High
2026-03-08 20:46:00,Satpur MIDC,110,108,33,95,89,10,40,41,272,25.99,185.18,60.84,Foggy,Anxious,7.87,High
2026-03-25 08:27:00,Bytco Point,17,55,117,147,28,50,41,113,203,54.47,158.86,46.55,Foggy,Neutral,5.9,Normal
2026-03-07 05:11:00,Deolali Camp,98,149,35,66,133,149,47,62,313,23.45,210.31,51.4,Overcast,Neutral,4.68,Normal
2026-03-12 18:34:00,Indira Nagar,115,97,129,141,81,49,62,104,387,26.22,238.78,77.72,Foggy,Anxious,8.28,High
2026-03-25 22:49:00,Deolali Camp,65,43,66,105,14,103,28,22,173,40.48,129.06,39.57,Foggy,Neutral,4.06,Normal
2026-03-18 20:49:00,Rane Nagar,44,13,15,94,119,102,88,124,266,30.91,185.27,59.9,Foggy,Impatient,4.2,Normal
2026-03-02 05:01:00,Gangapur Road,92,109,145,52,148,107,124,92,509,35.95,297.06,95.15,Rainy,Frustrated,9.13,High
2026-03-27 05:01:00,Mhasrul,15,140,128,84,81,39,99,41,323,30.57,218.48,57.87,Foggy,Neutral,4.65,Normal
2026-03-11 15:30:00,CBS Circle,69,141,63,88,134,136,142,36,408,38.85,252.33,83.28,Rainy,Frustrated,9.62,High
2026-03-01 09:41:00,College Road,54,62,38,101,133,81,99,30,324,50.93,202.61,68.22,Foggy,Anxious,9.45,High
2026-03-03 22:06:00,Patherdi Phata,121,20,76,68,67,95,86,11,350,30.08,230.75,60.92,Clear,Frustrated,7.68,High
2026-03-23 19:08:00,Mumbai Naka,99,29,139,68,50,102,63,127,351,32.28,218.34,80.75,Rainy,Frustrated,9.31,High
2026-03-24 14:19:00,Sinnar Phata,69,147,31,92,14,32,111,114,225,55.71,170.89,50.77,Foggy,Impatient,5.96,Normal
2026-03-09 15:10:00,Ashok Stambh,27,39,53,128,74,26,84,112,238,22.27,168.52,42.36,Foggy,Neutral,6.44,Normal
2026-03-01 13:48:00,Trimbak Naka,135,13,58,22,51,90,57,15,301,26.66,199.79,61.07,Overcast,Frustrated,8.21,High
2026-03-23 18:43:00,Mhasrul,80,65,46,75,144,83,10,71,280,37.5,180.94,47.23,Rainy,Neutral,6.53,Normal
2026-03-21 21:18:00,Trimbak Naka,40,135,123,26,66,59,68,125,297,24.29,207.18,69.46,Clear,Anxious,9.49,High
2026-03-01 11:47:00,Deolali Camp,125,145,73,68,113,99,34,130,345,26.37,218.22,62.57,Rainy,Frustrated,8.66,High
2026-03-06 23:01:00,Bytco Point,11,75,128,88,45,107,75,50,259,16.51,174.76,56.72,Rainy,Neutral,7.48,High
2026-03-07 03:35:00,Sinnar Phata,26,63,110,11,51,38,99,109,286,30.86,185.83,52.08,Foggy,Neutral,5.89,Normal
2026-03-16 16:48:00,Patherdi Phata,49,21,55,106,82,86,22,40,208,16.72,163.1,45.19,Clear,Impatient,6.08,Normal
2026-03-27 16:28:00,Gangapur Road,92,16,102,120,59,116,68,60,321,43.63,209.36,74.81,Rainy,Anxious,9.69,High
2026-03-27 10:39:00,Rane Nagar,136,117,61,52,47,119,131,133,375,38.45,241.12,69.26,Rainy,Anxious,10.0,High
2026-03-27 01:45:00,Ashok Stambh,71,34,85,35,89,15,113,105,358,11.75,228.33,80.44,Clear,Frustrated,7.8,High
2026-03-18 22:07:00,Adgaon Naka,77,83,66,138,24,36,112,45,279,53.03,197.31,55.78,Foggy,Impatient,5.47,Normal
2026-03-02 13:03:00,Govind Nagar,97,122,115,142,85,113,141,75,438,44.68,278.47,78.52,Overcast,Frustrated,7.71,High
2026-03-08 15:46:00,Indira Nagar,131,71,10,75,89,75,17,112,247,52.88,182.23,45.97,Foggy,Impatient,4.74,Normal
2026-03-17 06:54:00,Makhmalabad,101,70,107,47,123,139,96,91,427,22.43,263.11,85.07,Rainy,Anxious,10.0,High
2026-03-22 14:33:00,Deolali Camp,106,14,45,101,51,56,83,111,285,29.55,195.06,58.13,Overcast,Impatient,4.06,Normal
2026-03-12 04:18:00,Dwarka Circle,46,28,91,56,101,135,16,29,254,41.75,186.19,53.86,Clear,Neutral,4.49,Normal
2026-03-30 18:13:00,Mhasrul,24,20,133,129,66,93,20,94,243,53.71,162.96,51.84,Rainy,Neutral,6.08,Normal
2026-03-01 14:35:00,Patherdi Phata,50,59,19,132,85,42,146,121,300,32.41,209.36,67.19,Rainy,Anxious,8.84,High
2026-03-14 20:35:00,Gangapur Road,43,83,79,72,33,134,133,145,288,45.06,201.77,49.93,Foggy,Neutral,6.25,Normal
2026-03-19 14:43:00,Trimbak Naka,36,149,43,69,52,132,120,12,251,36.16,170.15,53.54,Clear,Neutral,5.17,Normal
2026-03-09 19:18:00,Makhmalabad,66,42,54,149,33,44,68,39,221,29.43,151.58,36.57,Overcast,Impatient,5.29,Normal
2026-03-30 10:07:00,Mumbai Naka,126,36,18,140,19,132,17,143,180,33.75,130.0,31.64,Clear,Impatient,6.22,Normal
2026-03-24 09:04:00,Rane Nagar,64,82,20,93,112,21,141,62,337,15.16,219.46,60.54,Overcast,Frustrated,9.26,High
2026-03-25 17:52:00,Dwarka Circle,25,96,51,82,124,20,71,121,271,33.1,181.23,57.53,Clear,Neutral,6.58,Normal
2026-03-25 12:36:00,Deolali Camp,148,93,67,112,106,91,132,148,453,34.65,278.48,106.69,Clear,Anxious,9.34,High
2026-03-02 04:12:00,Dwarka Circle,78,11,62,149,100,113,46,93,286,29.63,188.91,55.87,Rainy,Impatient,6.98,Normal
2026-03-11 18:12:00,CBS Circle,138,111,81,55,84,114,60,102,363,31.87,234.88,68.68,Foggy,Anxious,8.22,High
2026-03-20 16:46:00,Deolali Camp,53,138,35,91,128,13,33,52,249,26.66,175.73,48.12,Clear,Impatient,5.96,Normal
2026-03-12 10:36:00,Indira Nagar,27,100,83,106,23,112,82,12,215,43.28,155.46,39.6,Rainy,Neutral,8.05,High
2026-03-27 10:53:00,Deolali Camp,70,128,62,118,131,136,35,27,298,27.7,199.96,59.06,Overcast,Impatient,4.62,Normal
2026-03-28 04:41:00,CBS Circle,107,22,120,88,110,117,62,149,399,31.56,250.05,81.77,Clear,Anxious,8.55,High
2026-03-26 20:49:00,Adgaon Naka,135,85,79,92,37,129,101,79,352,45.55,231.0,80.99,Overcast,Impatient,9.09,High
2026-03-11 18:22:00,Adgaon Naka,111,116,46,36,63,55,117,112,337,38.53,214.19,77.94,Clear,Frustrated,9.03,High
2026-03-28 15:54:00,Nashik Road,144,35,145,46,106,63,108,11,503,23.2,298.67,106.44,Rainy,Anxious,9.59,High
2026-03-29 06:46:00,Panchavati,82,71,38,70,92,133,101,15,313,20.54,215.57,61.99,Foggy,Impatient,8.14,High
2026-03-19 01:19:00,Dwarka Circle,14,91,125,31,67,39,94,64,300,14.11,209.84,53.0,Overcast,Neutral,6.13,Normal
2026-03-28 11:47:00,College Road,113,88,141,149,15,93,55,146,324,24.76,208.79,58.6,Foggy,Impatient,4.1,Normal
2026-03-06 21:19:00,Bytco Point,33,62,36,41,132,41,136,60,337,45.19,214.28,64.09,Overcast,Frustrated,9.49,High
2026-03-07 04:44:00,Mhasrul,56,110,24,87,141,45,24,14,245,22.03,178.39,56.87,Foggy,Neutral,6.5,Normal
2026-03-30 02:07:00,Ashok Stambh,66,37,47,82,32,134,56,92,201,15.82,151.26,36.52,Overcast,Impatient,4.71,Normal
2026-03-29 08:09:00,Deolali Camp,90,32,144,134,128,120,108,79,470,12.1,284.87,108.92,Clear,Frustrated,8.09,High
2026-03-11 04:09:00,Ashok Stambh,69,106,19,53,137,105,77,127,302,38.57,194.57,65.3,Clear,Anxious,9.91,High
2026-03-01 21:14:00,Panchavati,111,33,129,87,83,117,69,97,392,45.86,251.62,92.94,Overcast,Anxious,8.76,High
2026-03-12 12:12:00,Deolali Camp,107,49,150,89,122,105,60,68,439,33.29,269.9,85.08,Rainy,Impatient,10.0,High
2026-03-02 19:16:00,Satpur MIDC,138,110,122,120,73,125,82,44,415,32.18,267.14,88.36,Overcast,Frustrated,8.33,High
2026-03-06 09:13:00,Bytco Point,146,44,126,52,113,36,33,110,418,36.71,254.59,72.47,Rainy,Anxious,10.0,High
2026-03-08 19:11:00,Deolali Camp,30,62,130,43,105,50,53,121,318,24.01,209.03,51.9,Foggy,Impatient,5.44,Normal
2026-03-09 09:39:00,Mhasrul,94,120,20,120,137,94,59,87,310,37.65,204.08,71.37,Overcast,Impatient,8.09,High
2026-03-10 13:22:00,Gangapur Road,106,25,63,49,76,146,76,48,321,23.91,219.81,75.02,Foggy,Impatient,9.37,High
2026-03-30 23:35:00,Ashok Stambh,70,32,142,117,111,11,28,128,351,42.8,234.38,57.0,Foggy,Neutral,5.21,Normal
2026-03-02 01:34:00,Panchavati,72,93,107,113,132,121,31,68,342,15.38,226.92,64.57,Foggy,Frustrated,8.72,High
2026-03-18 20:49:00,Patherdi Phata,52,78,90,94,53,113,75,46,270,45.26,180.37,53.75,Clear,Impatient,5.44,Normal
2026-03-13 12:19:00,Satpur MIDC,71,103,112,63,55,94,143,62,381,49.36,238.72,90.41,Rainy,Anxious,10.0,High
2026-03-29 19:58:00,Dwarka Circle,83,50,106,84,35,142,132,44,356,22.98,218.23,67.21,Clear,Anxious,8.9,High
2026-03-15 10:33:00,Deolali Camp,75,111,117,108,128,51,47,25,367,14.85,241.14,67.23,Overcast,Frustrated,8.64,High
2026-03-07 17:43:00,Adgaon Naka,136,21,96,92,114,105,23,45,369,53.45,230.45,76.64,Rainy,Impatient,8.85,High
2026-03-27 00:49:00,Panchavati,42,63,71,70,121,139,68,97,302,21.11,197.78,50.39,Foggy,Impatient,6.84,Normal
2026-03-04 18:13:00,Panchavati,15,64,44,126,137,131,100,24,296,16.69,196.0,49.08,Overcast,Neutral,6.13,Normal
2026-03-18 06:18:00,Patherdi Phata,113,123,132,45,16,63,59,70,320,43.76,217.01,67.43,Overcast,Impatient,8.87,High
2026-03-06 16:24:00,Gangapur Road,14,103,75,86,135,50,43,133,267,33.98,176.76,46.44,Overcast,Impatient,6.92,Normal
2026-03-29 23:27:00,Satpur MIDC,23,126,91,77,123,81,64,111,301,42.27,196.33,62.31,Clear,Frustrated,7.38,High
2026-03-17 19:26:00,Trimbak Naka,91,63,49,49,30,84,74,38,244,40.88,168.9,41.16,Clear,Impatient,6.12,Normal
2026-03-28 15:20:00,Patherdi Phata,114,51,108,98,130,68,98,97,450,33.59,266.74,85.48,Rainy,Impatient,10.0,High
2026-03-19 16:55:00,Adgaon Naka,106,104,98,22,22,52,145,83,371,38.34,225.51,69.36,Clear,Anxious,8.3,High
2026-03-14 20:43:00,Adgaon Naka,27,132,72,125,58,116,57,66,214,13.81,163.74,34.52,Clear,Impatient,5.96,Normal
2026-03-10 16:51:00,Satpur MIDC,136,31,85,145,81,87,85,148,387,42.26,244.21,87.11,Overcast,Anxious,9.57,High
2026-03-22 08:57:00,Patherdi Phata,110,91,104,87,65,19,62,137,341,32.86,219.01,66.48,Rainy,Anxious,8.7,High
2026-03-20 12:51:00,CBS Circle,28,102,26,80,90,128,57,82,201,52.85,158.5,43.34,Rainy,Neutral,6.16,Normal
2026-03-12 08:12:00,Sinnar Phata,117,75,123,122,42,50,56,53,338,18.78,211.19,68.35,Overcast,Anxious,7.15,High
2026-03-14 20:42:00,Patherdi Phata,116,59,94,64,122,107,24,60,356,44.48,227.23,70.68,Overcast,Impatient,7.59,High
2026-03-05 22:24:00,Sinnar Phata,150,61,45,45,68,41,138,94,401,49.49,254.58,68.16,Clear,Frustrated,8.59,High
2026-03-02 12:25:00,Nashik Road,141,64,102,106,102,62,86,112,431,19.09,260.71,83.41,Clear,Impatient,7.41,High
2026-03-05 18:45:00,Rane Nagar,115,76,90,99,83,27,76,37,364,16.4,239.47,81.91,Rainy,Anxious,10.0,High
2026-03-04 10:14:00,Deolali Camp,79,37,63,72,92,130,34,19,268,41.15,177.61,50.8,Foggy,Neutral,4.65,Normal
2026-03-12 15:14:00,Adgaon Naka,73,147,37,64,98,118,54,85,262,19.21,185.91,53.22,Clear,Neutral,4.84,Normal
2026-03-02 07:31:00,College Road,88,140,13,75,36,123,50,20,187,20.29,142.03,32.99,Overcast,Neutral,5.72,Normal
2026-03-08 23:34:00,Rane Nagar,21,102,150,54,99,36,12,149,282,35.07,199.09,54.62,Overcast,Neutral,6.1,Normal
2026-03-30 16:36:00,Ashok Stambh,145,45,132,112,50,127,22,116,349,29.79,215.96,80.68,Clear,Anxious,9.98,High
2026-03-12 12:53:00,Govind Nagar,138,123,134,69,48,66,123,26,443,27.28,270.06,73.95,Overcast,Frustrated,9.07,High
2026-03-01 05:25:00,Govind Nagar,27,87,115,62,45,51,46,20,233,54.27,176.07,49.5,Overcast,Neutral,5.15,Normal
2026-03-22 00:30:00,Panchavati,103,105,112,108,102,39,22,140,339,16.58,209.55,72.57,Rainy,Frustrated,10.0,High
2026-03-04 06:59:00,Dwarka Circle,127,14,89,84,68,70,120,99,404,24.02,254.75,67.52,Overcast,Frustrated,8.75,High
2026-03-16 03:27:00,Sinnar Phata,134,134,41,41,43,26,130,13,348,41.05,216.34,56.79,Clear,Impatient,6.41,Normal
2026-03-08 21:56:00,Satpur MIDC,141,40,149,31,132,13,81,68,503,28.19,292.04,116.26,Clear,Anxious,8.0,High
2026-03-03 02:13:00,Govind Nagar,128,77,111,138,28,104,103,108,370,22.83,239.81,80.55,Foggy,Frustrated,7.2,High
2026-03-20 09:56:00,Satpur MIDC,19,116,26,14,25,139,88,94,158,53.93,128.13,25.54,Clear,Neutral,3.06,Normal
2026-03-17 04:38:00,Panchavati,108,44,15,35,147,126,47,83,317,13.37,199.25,54.1,Overcast,Impatient,5.19,Normal
2026-03-27 20:18:00,Patherdi Phata,39,145,30,55,140,17,26,119,235,33.3,173.71,47.51,Foggy,Neutral,6.18,Normal
2026-03-27 08:14:00,Gangapur Road,75,50,149,34,84,108,11,83,319,11.92,212.31,74.28,Rainy,Frustrated,10.0,High
2026-03-18 15:43:00,CBS Circle,91,108,47,38,17,56,20,123,175,57.63,141.97,37.6,Clear,Impatient,4.19,Normal
2026-03-21 19:08:00,Sinnar Phata,96,146,23,54,145,53,14,11,278,38.23,187.19,45.13,Rainy,Impatient,6.45,Normal
2026-03-19 22:08:00,Adgaon Naka,27,26,48,114,147,75,118,128,340,19.77,219.82,72.03,Foggy,Anxious,9.36,High
2026-03-27 15:06:00,College Road,59,126,25,121,104,96,125,87,313,20.77,204.77,66.78,Clear,Anxious,8.15,High
2026-03-22 20:36:00,Deolali Camp,17,70,106,110,83,73,69,125,275,18.32,185.79,64.75,Foggy,Anxious,8.57,High
2026-03-22 01:06:00,CBS Circle,47,24,100,126,98,114,97,134,342,30.67,222.39,74.31,Clear,Frustrated,9.21,High
2026-03-06 05:20:00,Trimbak Naka,30,149,136,47,113,26,133,76,412,42.22,264.16,89.04,Foggy,Impatient,8.8,High
2026-03-05 21:33:00,Indira Nagar,48,149,136,58,34,24,36,13,254,47.19,171.47,59.22,Foggy,Neutral,4.05,Normal
2026-03-04 02:27:00,Sinnar Phata,60,58,75,52,39,61,137,129,311,34.8,196.68,52.1,Rainy,Impatient,7.2,High
2026-03-07 22:29:00,Dwarka Circle,108,142,69,64,127,49,36,94,340,21.21,219.51,63.62,Foggy,Anxious,9.33,High
2026-03-24 17:30:00,Indira Nagar,16,123,49,24,97,107,75,53,237,34.16,161.79,41.09,Clear,Neutral,4.19,Normal
2026-03-29 04:01:00,Trimbak Naka,12,24,99,137,97,105,86,10,294,38.78,193.98,49.07,Rainy,Neutral,5.95,Normal
2026-03-13 22:21:00,Rane Nagar,88,28,115,135,40,150,138,58,381,23.94,239.02,63.99,Foggy,Anxious,7.9,High
2026-03-20 22:25:00,Trimbak Naka,143,46,146,122,36,26,75,24,400,17.15,257.04,74.9,Rainy,Anxious,10.0,High
2026-03-14 15:27:00,College Road,53,138,51,75,114,130,78,141,296,35.55,203.51,48.83,Overcast,Neutral,4.58,Normal
2026-03-05 11:58:00,Satpur MIDC,147,116,84,45,45,69,12,88,288,28.31,196.75,62.84,Rainy,Anxious,9.02,High
2026-03-24 08:45:00,Dwarka Circle,65,130,11,124,89,32,144,72,309,47.51,207.66,50.85,Overcast,Neutral,6.1,Normal
2026-03-28 23:34:00,Makhmalabad,84,145,25,103,17,138,35,17,161,39.95,122.23,28.15,Overcast,Satisfied,1.73,Normal
2026-03-28 22:44:00,Makhmalabad,26,116,95,35,74,76,92,44,287,53.84,200.47,58.76,Rainy,Neutral,6.47,Normal
2026-03-22 13:49:00,Sinnar Phata,40,131,87,123,52,78,16,136,195,33.65,144.66,34.64,Foggy,Impatient,5.84,Normal
2026-03-24 08:25:00,Panchavati,134,73,104,92,120,64,78,89,436,47.38,274.2,81.36,Overcast,Frustrated,9.59,High
2026-03-05 21:17:00,Deolali Camp,148,138,84,45,73,20,123,62,428,29.47,256.62,97.72,Clear,Frustrated,8.34,High
2026-03-06 04:35:00,Deolali Camp,119,52,56,120,96,40,55,14,326,20.48,213.57,67.01,Foggy,Anxious,10.0,High
2026-03-18 04:32:00,CBS Circle,96,59,136,52,78,86,117,87,427,23.31,261.44,95.81,Overcast,Frustrated,9.97,High
2026-03-27 00:22:00,CBS Circle,58,117,88,110,72,124,118,29,336,46.04,218.39,78.92,Clear,Anxious,7.37,High
2026-03-23 20:30:00,Nashik Road,135,63,14,81,102,133,60,141,311,37.17,211.6,70.36,Foggy,Frustrated,8.56,High
2026-03-25 02:28:00,Makhmalabad,78,40,25,87,145,84,56,24,304,55.56,196.54,62.16,Foggy,Impatient,9.9,High
2026-03-17 01:20:00,Nashik Road,117,79,22,59,146,128,39,86,324,19.55,213.91,53.04,Rainy,Neutral,6.08,Normal
2026-03-19 06:37:00,Satpur MIDC,92,11,41,27,12,113,113,46,258,24.5,173.88,59.79,Overcast,Impatient,4.01,Normal
2026-03-04 02:20:00,CBS Circle,88,75,96,55,18,101,72,119,274,50.97,184.29,50.72,Overcast,Neutral,5.61,Normal
2026-03-05 13:35:00,Bytco Point,75,118,70,29,95,80,33,114,273,22.89,184.76,47.54,Rainy,Neutral,6.04,Normal
2026-03-03 01:42:00,Satpur MIDC,116,86,40,64,71,70,89,24,316,20.56,210.73,56.24,Foggy,Neutral,5.15,Normal
2026-03-18 13:07:00,Gangapur Road,60,66,62,103,133,118,10,123,265,24.24,180.75,54.37,Clear,Neutral,5.67,Normal
2026-03-19 19:28:00,Mumbai Naka,17,90,47,45,134,52,39,19,237,50.74,172.64,38.09,Rainy,Impatient,6.39,Normal
2026-03-18 08:42:00,Indira Nagar,32,32,85,82,34,19,43,12,194,26.08,154.53,33.67,Rainy,Impatient,8.19,High
2026-03-14 12:42:00,Bytco Point,99,111,34,120,136,38,56,27,325,16.56,202.78,77.31,Overcast,Frustrated,9.34,High
2026-03-24 13:52:00,Deolali Camp,78,61,31,142,34,62,15,120,158,49.27,134.91,27.57,Foggy,Neutral,1.61,Normal
2026-03-09 03:49:00,Mhasrul,77,49,107,37,116,20,100,41,400,37.47,241.98,91.59,Clear,Impatient,9.84,High
2026-03-26 23:30:00,Satpur MIDC,18,53,75,51,79,12,91,53,263,25.81,183.48,60.79,Rainy,Anxious,10.0,High
2026-03-30 02:14:00,Makhmalabad,99,79,49,68,46,26,72,17,266,17.2,173.66,44.33,Rainy,Impatient,7.78,High
2026-03-09 20:27:00,Bytco Point,98,12,39,84,10,135,140,21,287,44.53,197.89,53.99,Rainy,Neutral,8.26,High
2026-03-14 12:54:00,Mumbai Naka,150,132,24,150,72,129,30,136,276,43.82,189.96,64.8,Clear,Impatient,9.72,High
2026-03-09 17:24:00,Ashok Stambh,37,44,36,65,23,66,42,90,138,39.02,120.86,30.37,Clear,Neutral,6.11,Normal
2026-03-27 19:52:00,Gangapur Road,96,63,62,87,50,145,49,109,257,30.19,176.3,51.11,Overcast,Impatient,6.56,Normal
2026-03-27 12:21:00,Indira Nagar,23,85,115,61,60,43,72,21,270,36.65,179.14,47.91,Clear,Neutral,5.22,Normal
2026-03-28 03:06:00,Mumbai Naka,116,148,102,141,100,129,28,99,346,23.8,229.45,70.81,Foggy,Impatient,7.76,High
2026-03-08 11:33:00,Dwarka Circle,103,26,69,98,111,74,96,45,379,13.05,233.55,71.31,Clear,Impatient,9.16,High
2026-03-13 01:24:00,Deolali Camp,32,21,71,130,130,114,13,128,246,56.89,167.24,57.96,Rainy,Impatient,8.01,High
2026-03-18 21:24:00,Satpur MIDC,80,34,115,10,61,105,133,87,389,28.31,254.44,68.66,Foggy,Anxious,7.7,High
2026-03-29 04:20:00,Patherdi Phata,122,134,101,71,134,78,66,65,423,25.08,267.88,80.32,Rainy,Frustrated,9.05,High
2026-03-08 20:36:00,Trimbak Naka,90,29,92,70,14,89,131,25,327,29.58,214.49,61.77,Rainy,Frustrated,9.18,High
2026-03-07 23:15:00,Mumbai Naka,148,109,105,39,102,88,12,94,367,41.64,233.37,60.7,Overcast,Impatient,7.74,High
2026-03-04 16:02:00,Patherdi Phata,142,41,99,41,36,17,145,63,422,18.98,261.08,89.1,Overcast,Impatient,9.0,High
2026-03-08 23:47:00,Gangapur Road,100,128,51,25,70,143,77,37,298,22.9,198.37,66.34,Overcast,Frustrated,9.26,High
2026-03-18 09:13:00,Mumbai Naka,81,47,64,134,93,139,49,89,287,40.58,200.07,64.55,Rainy,Frustrated,10.0,High
2026-03-30 04:27:00,Deolali Camp,53,108,42,84,108,36,112,34,315,15.35,216.25,59.06,Clear,Neutral,4.59,Normal
2026-03-04 09:52:00,Ashok Stambh,120,128,109,93,47,42,72,26,348,14.91,229.99,57.41,Overcast,Neutral,5.07,Normal
2026-03-13 06:17:00,Mumbai Naka,62,28,83,125,93,65,54,78,292,24.83,188.1,51.47,Clear,Neutral,5.78,Normal
2026-03-24 23:02:00,Govind Nagar,40,60,126,68,16,67,34,26,216,17.96,158.2,48.62,Foggy,Neutral,5.61,Normal
2026-03-11 12:59:00,Indira Nagar,65,27,67,103,40,142,66,78,238,18.03,173.69,56.44,Clear,Impatient,4.39,Normal
2026-03-06 07:18:00,CBS Circle,38,88,60,103,86,107,73,123,257,27.67,187.32,49.87,Foggy,Impatient,5.54,Normal
2026-03-01 22:37:00,Makhmalabad,140,135,149,31,148,53,87,115,524,29.39,308.13,119.87,Foggy,Anxious,9.69,High
2026-03-05 05:05:00,Nashik Road,67,64,29,54,74,20,147,20,317,20.23,217.21,72.89,Foggy,Frustrated,8.05,High
2026-03-11 02:24:00,Makhmalabad,111,138,131,55,23,60,99,125,364,54.7,229.74,66.01,Rainy,Impatient,9.33,High
2026-03-19 22:56:00,Govind Nagar,121,141,91,20,102,56,57,55,371,12.33,226.59,80.4,Clear,Impatient,8.7,High
2026-03-23 20:03:00,Panchavati,69,59,56,106,88,89,63,122,276,22.97,186.19,54.08,Overcast,Neutral,4.69,Normal
2026-03-21 21:57:00,Dwarka Circle,34,139,98,37,81,99,127,28,340,33.29,217.54,54.7,Clear,Impatient,6.51,Normal
2026-03-12 20:12:00,Rane Nagar,59,130,133,87,84,56,53,85,329,54.94,220.01,68.62,Overcast,Impatient,7.16,High
2026-03-26 12:03:00,College Road,67,146,59,146,100,93,18,83,244,20.02,170.55,54.61,Overcast,Neutral,4.84,Normal
2026-03-16 00:36:00,Indira Nagar,23,16,128,44,116,33,17,85,284,17.35,193.51,55.09,Clear,Neutral,4.47,Normal
2026-03-29 08:31:00,Rane Nagar,44,57,140,79,141,48,54,53,379,38.42,241.05,74.28,Clear,Impatient,7.02,High
2026-03-20 00:09:00,CBS Circle,51,59,18,123,16,23,94,60,179,37.56,137.59,32.67,Clear,Impatient,4.13,Normal
2026-03-14 07:59:00,Mhasrul,135,104,127,49,132,48,31,45,425,27.85,268.07,82.18,Foggy,Anxious,8.86,High
2026-03-24 06:42:00,Trimbak Naka,101,21,74,90,28,124,137,128,340,44.79,229.82,58.04,Overcast,Neutral,6.91,Normal
2026-03-09 10:26:00,Adgaon Naka,33,113,128,142,38,32,84,33,283,12.97,187.16,62.1,Overcast,Impatient,7.73,High
2026-03-30 21:04:00,CBS Circle,58,75,89,41,141,149,54,74,342,45.31,230.64,69.95,Foggy,Impatient,8.01,High
2026-03-06 08:35:00,Adgaon Naka,75,134,19,39,74,105,71,93,239,14.21,175.23,38.57,Clear,Impatient,5.74,Normal
2026-03-24 21:09:00,Gangapur Road,134,101,132,144,87,150,119,28,472,46.41,286.48,98.88,Foggy,Frustrated,7.65,High
2026-03-25 22:35:00,Trimbak Naka,86,37,71,84,109,41,74,111,340,49.72,210.39,54.56,Clear,Impatient,4.64,Normal
2026-03-20 21:32:00,Satpur MIDC,136,115,121,103,14,85,51,27,322,56.64,203.03,59.17,Foggy,Impatient,5.06,Normal
2026-03-19 13:14:00,Satpur MIDC,107,111,19,14,140,21,48,144,314,25.17,198.03,71.93,Rainy,Frustrated,10.0,High
2026-03-11 14:36:00,Trimbak Naka,41,110,38,97,34,52,144,82,257,31.76,186.68,44.44,Foggy,Impatient,6.89,Normal
2026-03-27 14:49:00,CBS Circle,76,85,73,112,132,104,121,65,402,50.16,241.1,92.9,Clear,Anxious,7.3,High
2026-03-04 16:27:00,CBS Circle,76,135,60,137,30,26,108,115,274,24.76,182.83,52.35,Clear,Neutral,6.72,Normal
2026-03-09 18:32:00,Govind Nagar,45,16,48,49,49,45,85,92,227,30.84,169.19,42.13,Foggy,Neutral,6.33,Normal
2026-03-27 04:26:00,Satpur MIDC,83,134,54,63,38,69,14,51,189,30.13,148.76,36.77,Overcast,Impatient,5.99,Normal
2026-03-25 23:11:00,Adgaon Naka,111,127,13,73,74,110,87,133,285,17.78,196.56,52.06,Rainy,Impatient,7.49,High
2026-03-24 02:28:00,Mhasrul,83,52,128,58,111,42,40,41,362,22.76,236.61,86.23,Foggy,Anxious,8.86,High
2026-03-03 17:44:00,Indira Nagar,133,43,121,95,15,30,118,96,387,45.75,247.52,92.88,Overcast,Impatient,7.27,High
2026-03-14 03:25:00,Sinnar Phata,54,54,96,27,103,137,122,55,375,18.01,237.32,73.2,Overcast,Frustrated,9.53,High
2026-03-02 20:09:00,Nashik Road,70,42,99,44,118,103,91,54,378,28.62,238.38,73.42,Clear,Frustrated,9.87,High
2026-03-04 17:27:00,CBS Circle,13,67,46,81,129,148,95,83,283,23.03,198.64,47.46,Clear,Neutral,6.85,Normal
2026-03-15 15:40:00,Ashok Stambh,20,63,103,86,60,64,97,132,280,16.13,181.97,55.63,Foggy,Impatient,5.42,Normal
2026-03-12 11:45:00,Rane Nagar,36,84,102,19,150,99,145,143,433,26.26,273.97,76.28,Foggy,Anxious,7.13,High
2026-03-18 21:20:00,Dwarka Circle,52,136,28,56,107,30,85,36,272,23.54,194.25,55.89,Overcast,Neutral,5.72,Normal
2026-03-29 11:03:00,CBS Circle,28,89,129,93,29,120,16,116,202,37.08,146.91,33.76,Foggy,Neutral,5.85,Normal
2026-03-01 05:52:00,Adgaon Naka,50,54,144,34,38,105,18,111,250,13.62,174.92,55.67,Rainy,Impatient,7.95,High
2026-03-01 17:42:00,Govind Nagar,121,86,95,58,67,24,96,98,379,24.75,236.02,62.34,Rainy,Frustrated,10.0,High
2026-03-04 13:39:00,Sinnar Phata,87,48,53,28,114,77,45,58,299,14.67,200.12,66.51,Rainy,Frustrated,10.0,High
2026-03-12 09:58:00,Makhmalabad,74,28,40,90,80,102,71,23,265,53.42,178.99,45.94,Rainy,Impatient,5.92,Normal
2026-03-25 02:32:00,CBS Circle,24,40,68,49,12,64,81,59,185,41.66,144.0,41.06,Foggy,Impatient,4.65,Normal
2026-03-09 16:26:00,Rane Nagar,139,113,40,87,108,104,147,32,434,17.58,272.03,78.99,Foggy,Anxious,7.53,High
2026-03-05 17:00:00,Deolali Camp,93,65,36,124,133,123,126,85,388,26.87,247.78,77.7,Rainy,Frustrated,10.0,High
2026-03-16 04:13:00,Makhmalabad,143,134,121,77,98,147,73,31,435,36.18,257.57,77.44,Clear,Frustrated,7.56,High
2026-03-01 23:44:00,Nashik Road,77,81,85,62,40,109,125,150,327,18.23,222.99,72.74,Foggy,Anxious,9.94,High
2026-03-15 00:53:00,Mhasrul,117,144,105,88,24,31,148,39,394,15.31,256.3,73.28,Overcast,Anxious,8.58,High
2026-03-14 16:32:00,Dwarka Circle,29,102,107,66,33,148,32,52,201,54.17,146.07,36.94,Clear,Neutral,4.23,Normal
2026-03-18 04:33:00,Makhmalabad,137,26,79,128,134,149,36,42,386,19.02,244.05,73.09,Rainy,Anxious,10.0,High
2026-03-22 04:09:00,Nashik Road,128,73,27,77,110,118,48,101,313,30.58,200.41,61.27,Overcast,Anxious,7.42,High
2026-03-17 02:22:00,Trimbak Naka,147,123,147,134,111,72,72,86,477,16.05,285.17,104.04,Overcast,Frustrated,7.66,High
2026-03-01 13:55:00,Deolali Camp,75,106,33,130,133,62,96,124,337,46.56,215.99,54.63,Clear,Neutral,4.13,Normal
2026-03-19 20:56:00,Satpur MIDC,139,123,138,148,23,76,89,36,389,36.39,246.54,76.34,Overcast,Anxious,9.34,High
2026-03-20 00:46:00,Adgaon Naka,26,146,11,127,33,140,93,115,163,22.65,123.13,35.36,Overcast,Neutral,6.74,Normal
2026-03-08 06:27:00,Satpur MIDC,111,75,128,62,82,97,122,52,443,41.57,276.04,89.73,Overcast,Anxious,9.5,High
2026-03-27 14:39:00,Panchavati,64,23,76,79,42,86,39,17,221,44.6,167.63,36.54,Rainy,Impatient,6.34,Normal
2026-03-07 05:27:00,Deolali Camp,73,110,98,58,17,120,98,83,286,38.77,200.4,62.37,Overcast,Impatient,7.19,High
2026-03-28 09:28:00,Deolali Camp,65,10,70,96,121,65,57,66,313,56.8,216.13,58.76,Foggy,Neutral,6.89,Normal
2026-03-13 05:00:00,Mumbai Naka,62,57,97,145,26,76,110,20,295,49.26,198.0,60.27,Foggy,Anxious,8.93,High
2026-03-28 19:16:00,Bytco Point,130,126,53,134,118,35,38,71,339,15.73,228.62,68.18,Overcast,Frustrated,8.92,High
2026-03-12 20:44:00,Govind Nagar,57,18,116,47,113,137,63,141,349,45.11,228.18,65.43,Overcast,Frustrated,7.67,High
2026-03-02 21:12:00,Bytco Point,112,128,46,106,137,87,110,60,405,54.45,256.21,94.37,Overcast,Anxious,7.81,High
2026-03-25 04:44:00,Mhasrul,49,115,86,56,139,146,50,47,324,29.06,204.71,60.04,Overcast,Anxious,9.78,High
2026-03-18 15:29:00,Dwarka Circle,86,115,77,79,37,102,150,134,350,43.36,234.79,56.56,Rainy,Neutral,6.72,Normal
2026-03-04 06:02:00,Indira Nagar,133,45,43,129,122,89,24,60,322,19.27,219.94,67.13,Rainy,Impatient,10.0,High
2026-03-11 02:10:00,Makhmalabad,117,70,33,20,39,27,100,87,289,12.67,192.02,56.81,Foggy,Impatient,6.27,Normal
2026-03-20 19:08:00,Panchavati,96,135,110,103,55,124,92,42,353,30.08,220.34,70.67,Clear,Impatient,9.04,High
2026-03-28 06:53:00,Rane Nagar,12,147,117,95,38,16,135,70,302,44.74,195.93,61.34,Clear,Anxious,9.42,High
2026-03-18 09:31:00,Govind Nagar,49,118,99,56,113,11,133,17,394,37.71,256.94,88.58,Overcast,Frustrated,8.77,High
2026-03-12 19:13:00,Bytco Point,141,66,135,129,62,130,25,149,363,17.68,225.11,81.8,Overcast,Frustrated,9.92,High
2026-03-06 01:17:00,Adgaon Naka,67,11,120,62,86,83,49,112,322,43.57,201.74,53.49,Rainy,Neutral,8.2,High
2026-03-20 14:29:00,Sinnar Phata,143,30,43,25,104,76,140,84,430,34.0,274.35,78.71,Overcast,Frustrated,8.26,High
2026-03-30 23:17:00,Trimbak Naka,37,115,57,33,147,72,25,140,266,31.12,184.39,47.61,Overcast,Neutral,6.51,Normal
2026-03-13 06:57:00,Patherdi Phata,117,137,43,25,26,108,83,45,269,39.89,174.55,54.55,Rainy,Impatient,5.92,Normal
2026-03-01 11:29:00,College Road,139,135,97,43,121,132,140,145,497,14.32,292.74,117.45,Overcast,Frustrated,7.86,High
2026-03-06 05:40:00,Patherdi Phata,90,95,24,105,33,89,64,90,211,18.46,147.81,43.81,Rainy,Impatient,6.1,Normal
2026-03-06 20:27:00,Mhasrul,67,49,96,138,43,57,150,25,356,43.3,228.72,70.25,Clear,Anxious,8.74,High
2026-03-25 08:15:00,Rane Nagar,27,30,41,139,125,13,141,100,334,33.53,209.84,65.0,Foggy,Impatient,9.35,High
2026-03-24 15:18:00,Sinnar Phata,60,74,139,100,33,57,83,95,315,48.41,208.35,73.17,Overcast,Anxious,9.7,High
2026-03-05 12:34:00,College Road,48,21,28,128,37,20,22,137,135,47.88,115.31,26.92,Foggy,Satisfied,3.19,Normal
2026-03-03 16:25:00,Govind Nagar,64,16,97,135,92,141,128,110,381,21.13,233.94,85.62,Overcast,Anxious,9.65,High
2026-03-21 17:55:00,Mhasrul,43,91,49,78,123,49,11,58,226,48.47,163.49,49.37,Foggy,Impatient,5.49,Normal
2026-03-04 03:30:00,Mumbai Naka,144,42,75,77,17,62,75,118,311,30.16,203.66,67.34,Overcast,Impatient,7.24,High
2026-03-18 18:28:00,Satpur MIDC,53,132,86,66,67,127,81,139,287,44.99,203.08,59.8,Foggy,Impatient,5.96,Normal
2026-03-15 20:13:00,Deolali Camp,141,113,36,112,53,97,150,129,380,19.91,238.9,73.59,Rainy,Frustrated,10.0,High
2026-03-12 06:20:00,Patherdi Phata,61,125,58,135,34,49,53,98,206,51.76,147.18,36.73,Clear,Impatient,5.14,Normal
2026-03-27 12:51:00,Panchavati,130,64,34,38,50,135,17,37,231,15.84,157.76,44.57,Foggy,Neutral,4.41,Normal
2026-03-01 20:56:00,Gangapur Road,137,72,27,70,138,28,143,105,445,44.84,264.89,79.72,Clear,Frustrated,8.08,High
2026-03-23 15:57:00,Ashok Stambh,12,104,133,111,33,56,109,36,287,56.59,192.17,64.64,Clear,Frustrated,8.21,High
2026-03-01 17:55:00,Deolali Camp,26,106,13,100,44,44,89,129,172,15.94,144.05,30.22,Rainy,Neutral,6.3,Normal
2026-03-09 16:37:00,Patherdi Phata,123,127,26,141,69,53,53,53,271,44.04,182.98,56.45,Overcast,Impatient,6.99,Normal
2026-03-05 20:48:00,College Road,37,113,121,22,29,149,36,145,223,57.57,151.85,46.37,Rainy,Neutral,6.66,Normal
2026-03-12 03:46:00,Govind Nagar,122,61,33,85,68,96,58,55,281,23.6,196.45,47.97,Rainy,Neutral,5.8,Normal
2026-03-07 16:56:00,Govind Nagar,77,148,38,50,81,38,33,107,229,15.56,166.49,46.48,Overcast,Impatient,4.01,Normal
2026-03-03 23:25:00,Ashok Stambh,16,85,66,147,124,139,68,37,274,43.98,189.48,65.12,Clear,Impatient,9.32,High
2026-03-18 06:54:00,Adgaon Naka,55,97,112,40,111,39,107,35,385,45.78,245.14,78.22,Rainy,Frustrated,10.0,High
2026-03-21 17:07:00,Mumbai Naka,122,18,149,61,94,142,70,83,435,31.44,275.14,76.83,Rainy,Frustrated,10.0,High
2026-03-14 21:26:00,Deolali Camp,31,132,12,70,61,129,24,22,128,51.17,108.04,28.83,Foggy,Satisfied,3.9,Normal
2026-03-05 19:14:00,Gangapur Road,83,70,94,101,79,133,117,65,373,33.3,236.52,70.48,Foggy,Anxious,8.9,High
2026-03-22 12:28:00,Rane Nagar,114,38,138,33,45,118,86,150,383,53.84,241.06,77.85,Clear,Frustrated,8.19,High
2026-03-06 11:04:00,Mumbai Naka,24,24,138,115,100,60,72,26,334,23.23,219.12,66.58,Clear,Anxious,8.88,High
2026-03-15 08:15:00,Dwarka Circle,29,111,150,144,79,99,77,72,335,26.16,221.17,61.77,Clear,Frustrated,9.42,High
2026-03-24 02:52:00,Adgaon Naka,127,121,17,14,28,98,29,150,201,27.83,151.12,33.71,Rainy,Impatient,5.92,Normal
2026-03-18 21:30:00,Sinnar Phata,145,119,70,14,122,75,121,28,458,31.43,270.73,109.43,Overcast,Impatient,7.39,High
2026-03-16 05:59:00,Trimbak Naka,108,86,115,62,28,73,53,98,304,18.41,193.44,67.99,Rainy,Anxious,9.7,High
2026-03-28 07:03:00,Patherdi Phata,109,22,127,87,55,89,125,12,416,26.81,254.51,99.04,Rainy,Anxious,9.55,High
2026-03-23 23:59:00,Dwarka Circle,19,90,90,15,145,23,134,97,388,51.06,240.8,68.47,Clear,Impatient,9.22,High
2026-03-06 10:40:00,Makhmalabad,69,22,98,75,80,149,88,87,335,22.11,216.61,72.55,Rainy,Anxious,8.94,High
2026-03-20 10:53:00,Satpur MIDC,91,13,14,57,60,75,133,119,298,47.93,198.53,60.89,Clear,Anxious,7.32,High
2026-03-08 14:23:00,Sinnar Phata,37,22,81,143,13,97,48,70,179,58.07,142.57,35.41,Clear,Neutral,4.75,Normal
2026-03-16 22:29:00,Makhmalabad,133,65,43,144,106,86,125,62,407,54.29,255.05,95.68,Overcast,Frustrated,7.62,High
2026-03-18 10:04:00,Rane Nagar,114,12,24,143,124,149,12,52,274,16.44,180.48,45.52,Rainy,Neutral,6.95,Normal
2026-03-11 04:01:00,Indira Nagar,95,137,69,115,44,136,103,122,311,43.88,214.14,52.15,Foggy,Neutral,6.01,Normal
2026-03-11 19:33:00,Panchavati,150,48,147,63,99,117,66,138,462,34.52,279.8,90.03,Clear,Impatient,7.3,High
2026-03-16 12:44:00,Sinnar Phata,100,121,29,71,15,81,25,109,169,31.2,126.36,32.48,Rainy,Neutral,5.63,Normal
2026-03-12 23:27:00,Indira Nagar,53,26,76,92,43,103,24,106,196,27.58,143.92,45.54,Clear,Neutral,6.0,Normal
2026-03-18 05:06:00,Panchavati,29,142,89,49,57,22,98,122,273,27.38,182.74,59.59,Overcast,Neutral,6.4,Normal
2026-03-05 23:30:00,Gangapur Road,110,115,66,13,23,16,26,114,225,28.55,156.77,47.37,Overcast,Impatient,4.86,Normal
2026-03-11 14:03:00,Govind Nagar,17,18,23,60,17,61,17,133,74,47.3,86.96,14.76,Overcast,Neutral,2.04,Normal
2026-03-09 11:46:00,Mhasrul,136,83,150,79,11,26,26,18,323,50.73,209.61,53.88,Overcast,Neutral,5.78,Normal
2026-03-20 03:08:00,Adgaon Naka,144,18,21,10,79,25,104,36,348,46.42,226.06,64.01,Clear,Impatient,7.62,High
2026-03-09 14:14:00,Bytco Point,94,45,66,105,85,111,76,16,321,49.46,217.33,54.53,Foggy,Neutral,5.57,Normal
2026-03-13 03:16:00,Mumbai Naka,36,148,77,127,150,81,35,130,298,20.52,208.4,50.37,Overcast,Impatient,6.12,Normal
2026-03-07 16:54:00,Sinnar Phata,124,104,48,16,112,30,88,67,372,21.56,230.62,63.35,Clear,Impatient,9.82,High
2026-03-23 06:07:00,Mumbai Naka,148,136,90,24,25,120,126,108,389,46.81,249.88,87.59,Rainy,Impatient,8.78,High
2026-03-25 01:59:00,Indira Nagar,104,28,17,134,47,75,83,113,251,29.02,176.88,43.44,Rainy,Impatient,5.93,Normal
2026-03-18 15:23:00,Nashik Road,78,102,137,20,139,143,51,121,405,31.38,254.4,88.28,Overcast,Frustrated,9.03,High
2026-03-23 02:15:00,Ashok Stambh,34,71,117,141,98,56,102,132,351,27.92,230.06,58.65,Rainy,Neutral,6.6,Normal
2026-03-09 20:18:00,Indira Nagar,29,28,54,103,103,137,150,33,336,40.53,219.19,73.81,Clear,Frustrated,9.1,High
2026-03-05 04:11:00,Mhasrul,121,110,35,56,121,30,18,75,295,18.27,205.05,52.89,Overcast,Impatient,6.65,Normal
2026-03-06 05:04:00,College Road,33,97,48,72,107,19,78,108,266,20.13,179.95,48.09,Overcast,Impatient,5.16,Normal
2026-03-21 04:09:00,Govind Nagar,81,71,115,83,129,46,24,37,349,29.07,233.19,61.97,Rainy,Anxious,9.42,High
2026-03-11 00:22:00,Ashok Stambh,128,66,144,34,106,88,21,139,399,30.15,255.29,71.53,Overcast,Frustrated,7.85,High
2026-03-12 11:12:00,Panchavati,32,69,123,116,61,54,93,68,309,35.98,211.21,51.39,Foggy,Impatient,4.06,Normal
2026-03-21 21:52:00,Patherdi Phata,101,119,39,15,39,32,115,128,294,55.39,206.64,69.94,Rainy,Impatient,8.58,High
2026-03-28 14:27:00,Mumbai Naka,73,101,117,128,142,33,15,112,347,40.39,218.0,61.32,Overcast,Frustrated,9.45,High
2026-03-27 03:18:00,Patherdi Phata,67,140,53,100,37,109,106,75,263,14.36,174.49,49.35,Rainy,Neutral,7.17,High
2026-03-06 20:52:00,Govind Nagar,99,18,114,19,15,106,20,116,248,22.67,181.14,40.48,Rainy,Neutral,6.53,Normal
2026-03-03 09:56:00,Dwarka Circle,70,78,72,107,147,125,129,123,418,52.5,249.68,83.27,Overcast,Impatient,8.04,High
2026-03-21 01:52:00,Gangapur Road,71,72,63,122,140,45,150,137,424,28.73,258.44,69.82,Clear,Anxious,9.07,High
2026-03-22 06:35:00,Patherdi Phata,55,56,47,71,124,144,45,134,271,40.87,192.14,54.15,Clear,Impatient,6.25,Normal
2026-03-27 07:25:00,Bytco Point,92,131,148,91,45,138,111,106,396,28.0,254.04,73.23,Overcast,Impatient,8.21,High
2026-03-10 07:53:00,Ashok Stambh,135,120,148,144,139,67,60,129,482,27.59,284.31,86.22,Rainy,Frustrated,9.76,High
2026-03-28 04:08:00,Satpur MIDC,135,115,108,78,55,134,46,42,344,49.31,219.4,64.39,Clear,Anxious,8.89,High
2026-03-11 12:05:00,Gangapur Road,78,42,117,49,21,132,19,141,235,38.85,177.12,39.44,Foggy,Impatient,5.96,Normal
2026-03-17 17:44:00,Mhasrul,75,105,31,52,88,110,36,24,230,28.96,169.69,51.14,Overcast,Neutral,6.49,Normal
2026-03-22 15:46:00,Govind Nagar,120,16,55,103,64,149,133,38,372,16.12,243.95,64.5,Foggy,Impatient,7.34,High
2026-03-01 16:08:00,Panchavati,44,76,37,25,138,61,110,140,329,45.18,224.02,60.67,Foggy,Frustrated,7.4,High
2026-03-26 01:13:00,Patherdi Phata,18,133,41,86,127,108,34,13,220,33.35,158.57,46.54,Clear,Neutral,6.63,Normal
2026-03-21 23:56:00,Rane Nagar,15,10,20,15,46,111,116,14,197,45.5,140.7,38.46,Rainy,Impatient,8.15,High
2026-03-22 07:49:00,Adgaon Naka,46,86,131,119,81,14,114,31,372,42.15,231.02,65.81,Overcast,Anxious,7.98,High
2026-03-09 23:41:00,Dwarka Circle,96,82,124,122,104,65,70,99,394,46.89,252.85,73.84,Foggy,Anxious,9.32,High
2026-03-29 12:07:00,College Road,52,86,139,137,62,129,106,74,359,40.55,221.24,72.64,Clear,Anxious,9.9,High
2026-03-16 18:44:00,Trimbak Naka,59,64,108,32,86,150,81,146,334,33.7,211.21,79.26,Overcast,Impatient,9.75,High
2026-03-15 22:47:00,Makhmalabad,60,105,91,128,89,131,68,148,308,23.66,204.22,55.97,Rainy,Impatient,6.66,Normal
2026-03-03 09:28:00,Mhasrul,107,136,49,57,37,32,40,40,233,41.29,169.33,45.28,Clear,Neutral,4.34,Normal
2026-03-02 07:02:00,Bytco Point,112,29,70,88,85,84,37,29,304,24.36,198.73,61.91,Foggy,Impatient,8.49,High
2026-03-02 06:19:00,Makhmalabad,41,64,39,25,74,23,57,36,211,24.85,149.84,41.8,Overcast,Impatient,6.2,Normal
2026-03-02 04:56:00,CBS Circle,145,25,14,100,91,88,94,101,344,47.71,216.24,78.48,Rainy,Frustrated,10.0,High
2026-03-24 17:31:00,Govind Nagar,42,68,58,129,69,124,134,58,303,19.87,194.26,70.08,Clear,Anxious,8.34,High
2026-03-28 22:25:00,CBS Circle,11,100,35,37,144,111,138,150,328,41.64,222.37,77.38,Clear,Frustrated,8.24,High
2026-03-14 23:38:00,Mhasrul,106,103,30,105,61,91,113,95,310,50.43,198.39,65.52,Foggy,Frustrated,7.06,High
2026-03-02 00:14:00,Deolali Camp,137,125,21,89,40,53,20,149,218,23.18,158.53,37.37,Foggy,Neutral,5.58,Normal
2026-03-11 04:25:00,Satpur MIDC,64,129,22,97,91,63,134,72,311,17.81,212.67,67.18,Overcast,Anxious,8.94,High
2026-03-19 05:55:00,Patherdi Phata,65,62,102,15,82,122,140,113,389,22.2,252.98,82.6,Overcast,Anxious,9.42,High
2026-03-28 15:26:00,Makhmalabad,70,21,31,85,91,107,21,110,213,42.3,155.55,47.49,Clear,Neutral,4.59,Normal
2026-03-18 10:53:00,Panchavati,108,74,53,114,74,52,73,77,308,36.78,203.9,57.65,Overcast,Impatient,4.98,Normal
2026-03-14 15:59:00,Adgaon Naka,30,79,115,117,40,18,137,143,322,56.09,217.15,53.87,Rainy,Impatient,8.11,High
2026-03-09 17:53:00,Govind Nagar,120,59,141,40,14,96,47,12,322,12.33,202.1,69.62,Rainy,Anxious,10.0,High
2026-03-05 12:18:00,Dwarka Circle,138,54,30,32,33,91,91,41,292,39.45,200.07,58.7,Overcast,Neutral,4.65,Normal
2026-03-18 04:21:00,Ashok Stambh,143,136,52,99,110,34,131,145,436,54.64,263.06,94.72,Rainy,Impatient,9.79,High
2026-03-02 03:31:00,Rane Nagar,58,66,85,19,31,92,90,56,264,47.34,172.17,46.96,Rainy,Neutral,8.38,High
2026-03-06 12:10:00,Ashok Stambh,53,135,92,43,56,80,58,63,259,45.44,174.38,42.47,Rainy,Impatient,8.17,High
2026-03-14 11:27:00,Dwarka Circle,96,25,97,23,45,111,150,69,388,47.76,244.97,81.73,Clear,Impatient,9.91,High
2026-03-07 03:55:00,Adgaon Naka,79,144,132,113,78,49,31,114,320,16.86,214.15,72.52,Clear,Impatient,8.11,High
