timestamp,weather,rain_intensity,visibility_level,fog_flag,festival_flag,school_peak_flag,event_flag,temperature
2025-04-03 14:57:50.633444,Clear,0.0,60,0,0,1,0,15
2025-04-03 15:57:50.633444,Clear,0.0,53,0,0,0,0,41
2025-04-03 16:57:50.633444,Clear,0.0,67,0,0,0,0,24
2025-04-03 17:57:50.633444,Clear,0.0,46,0,0,0,0,32
2025-04-03 18:57:50.633444,Cloudy,0.0,54,0,0,0,0,21
2025-04-03 19:57:50.633444,Heavy Rain,18.031114018402757,68,0,0,0,0,31
2025-04-03 20:57:50.633444,Clear,0.0,44,0,0,0,0,33
2025-04-03 21:57:50.633444,Clear,0.0,68,0,0,0,0,34
2025-04-03 22:57:50.633444,Clear,0.0,84,0,0,0,0,23
2025-04-03 23:57:50.633444,Cloudy,0.0,95,0,0,0,0,26
2025-04-04 00:57:50.633444,Rain,7.826383248965084,56,0,0,0,0,34
2025-04-04 01:57:50.633444,Cloudy,0.0,70,0,0,0,1,35
2025-04-04 02:57:50.633444,Rain,8.278639927769904,70,0,0,0,0,24
2025-04-04 03:57:50.633444,Cloudy,0.0,87,0,0,0,0,21
2025-04-04 04:57:50.633444,Clear,0.0,84,0,0,0,0,32
2025-04-04 05:57:50.633444,Clear,0.0,69,0,0,0,0,30
2025-04-04 06:57:50.633444,Clear,0.0,77,0,0,0,0,23
2025-04-04 07:57:50.633444,Rain,2.1505669101884637,95,0,0,1,0,27
2025-04-04 08:57:50.633444,Clear,0.0,78,0,0,0,0,33
2025-04-04 09:57:50.633444,Clear,0.0,91,0,0,0,0,20
2025-04-04 10:57:50.633444,Clear,0.0,98,0,0,0,0,24
2025-04-04 11:57:50.633444,Clear,0.0,67,0,0,0,0,23
2025-04-04 12:57:50.633444,Cloudy,0.0,73,0,0,0,0,21
2025-04-04 13:57:50.633444,Clear,0.0,81,0,0,0,0,33
2025-04-04 14:57:50.633444,Cloudy,0.0,46,0,0,1,0,32
2025-04-04 15:57:50.633444,Cloudy,0.0,55,0,0,0,0,28
2025-04-04 16:57:50.633444,Cloudy,0.0,61,0,0,0,0,30
2025-04-04 17:57:50.633444,Rain,9.415841733890645,44,0,0,0,0,26
2025-04-04 18:57:50.633444,Cloudy,0.0,66,0,0,0,0,23
2025-04-04 19:57:50.633444,Clear,0.0,77,0,0,0,0,37
2025-04-04 20:57:50.633444,Clear,0.0,75,0,0,0,0,29
2025-04-04 21:57:50.633444,Clear,0.0,86,0,0,0,0,33
2025-04-04 22:57:50.633444,Clear,0.0,71,0,0,0,0,26
2025-04-04 23:57:50.633444,Clear,0.0,63,0,0,0,0,37
2025-04-05 00:57:50.633444,Clear,0.0,96,0,0,0,0,30
2025-04-05 01:57:50.633444,Cloudy,0.0,57,0,0,0,0,32
2025-04-05 02:57:50.633444,Clear,0.0,85,0,0,0,1,32
2025-04-05 03:57:50.633444,Clear,0.0,60,0,0,0,0,35
2025-04-05 04:57:50.633444,Clear,0.0,57,0,0,0,0,23
2025-04-05 05:57:50.633444,Cloudy,0.0,94,0,0,0,0,20
2025-04-05 06:57:50.633444,Clear,0.0,87,0,0,0,0,34
2025-04-05 07:57:50.633444,Clear,0.0,89,0,0,0,0,29
2025-04-05 08:57:50.633444,Clear,0.0,63,0,0,0,0,37
2025-04-05 09:57:50.633444,Clear,0.0,52,0,0,0,0,34
2025-04-05 10:57:50.633444,Heavy Rain,27.86774328360579,68,0,0,0,0,31
2025-04-05 11:57:50.633444,Clear,0.0,56,0,0,0,0,25
2025-04-05 12:57:50.633444,Heavy Rain,23.25202348243871,37,0,0,0,0,27
2025-04-05 13:57:50.633444,Clear,0.0,80,0,0,0,0,33
2025-04-05 14:57:50.633444,Cloudy,0.0,55,0,0,0,0,27
2025-04-05 15:57:50.633444,Heavy Rain,42.262565326452915,37,0,0,0,0,29
2025-04-05 16:57:50.633444,Clear,0.0,92,0,0,0,0,26
2025-04-05 17:57:50.633444,Clear,0.0,72,0,0,0,0,35
2025-04-05 18:57:50.633444,Clear,0.0,62,0,0,0,0,29
2025-04-05 19:57:50.633444,Clear,0.0,84,0,0,0,0,27
2025-04-05 20:57:50.633444,Clear,0.0,97,0,0,0,0,23
2025-04-05 21:57:50.633444,Heavy Rain,15.685380932023936,51,0,0,0,0,35
2025-04-05 22:57:50.633444,Clear,0.0,58,0,0,0,0,24
2025-04-05 23:57:50.633444,Cloudy,0.0,57,0,0,0,0,29
2025-04-06 00:57:50.633444,Clear,0.0,74,0,0,0,0,30
2025-04-06 01:57:50.633444,Rain,5.444145073151393,64,0,0,0,0,28
2025-04-06 02:57:50.633444,Clear,0.0,52,0,0,0,0,29
2025-04-06 03:57:50.633444,Clear,0.0,92,0,0,0,0,33
2025-04-06 04:57:50.633444,Cloudy,0.0,41,0,0,0,0,25
2025-04-06 05:57:50.633444,Cloudy,0.0,84,0,0,0,0,23
2025-04-06 06:57:50.633444,Cloudy,0.0,49,0,0,0,0,30
2025-04-06 07:57:50.633444,Clear,0.0,91,0,0,0,0,26
2025-04-06 08:57:50.633444,Cloudy,0.0,51,0,0,0,0,15
2025-04-06 09:57:50.633444,Cloudy,0.0,70,0,0,0,0,20
2025-04-06 10:57:50.633444,Clear,0.0,91,0,0,0,0,19
2025-04-06 11:57:50.633444,Clear,0.0,88,0,0,0,0,23
2025-04-06 12:57:50.633444,Clear,0.0,84,0,0,0,0,30
2025-04-06 13:57:50.633444,Rain,7.5978962871067,51,0,0,0,0,31
2025-04-06 14:57:50.633444,Rain,5.130011078309383,79,0,0,0,0,16
2025-04-06 15:57:50.633444,Clear,0.0,90,0,0,0,0,28
2025-04-06 16:57:50.633444,Clear,0.0,69,0,0,0,0,21
2025-04-06 17:57:50.633444,Clear,0.0,42,0,0,0,0,25
2025-04-06 18:57:50.633444,Clear,0.0,86,0,0,0,0,31
2025-04-06 19:57:50.633444,Rain,5.99268681920314,63,0,0,0,0,27
2025-04-06 20:57:50.633444,Clear,0.0,66,0,0,0,0,27
2025-04-06 21:57:50.633444,Clear,0.0,57,0,0,0,0,29
2025-04-06 22:57:50.633444,Clear,0.0,71,0,0,0,0,27
2025-04-06 23:57:50.633444,Clear,0.0,96,0,0,0,0,26
2025-04-07 00:57:50.633444,Clear,0.0,95,0,0,0,0,18
2025-04-07 01:57:50.633444,Clear,0.0,59,0,0,0,0,20
2025-04-07 02:57:50.633444,Cloudy,0.0,48,0,0,0,0,28
2025-04-07 03:57:50.633444,Clear,0.0,65,0,0,0,0,25
2025-04-07 04:57:50.633444,Clear,0.0,46,0,0,0,0,33
2025-04-07 05:57:50.633444,Clear,0.0,74,0,0,0,0,26
2025-04-07 06:57:50.633444,Rain,4.372009739607047,54,0,0,0,0,22
2025-04-07 07:57:50.633444,Clear,0.0,45,0,0,1,0,30
2025-04-07 08:57:50.633444,Clear,0.0,75,0,0,0,0,27
2025-04-07 09:57:50.633444,Clear,0.0,67,0,0,0,0,33
2025-04-07 10:57:50.633444,Cloudy,0.0,72,0,0,0,0,8
2025-04-07 11:57:50.633444,Clear,0.0,43,0,0,0,0,32
2025-04-07 12:57:50.633444,Rain,9.818771777440528,58,0,0,0,0,21
2025-04-07 13:57:50.633444,Clear,0.0,56,0,0,0,1,33
2025-04-07 14:57:50.633444,Clear,0.0,85,0,0,1,0,26
2025-04-07 15:57:50.633444,Clear,0.0,47,0,0,0,0,29
2025-04-07 16:57:50.633444,Clear,0.0,45,0,0,0,0,24
2025-04-07 17:57:50.633444,Cloudy,0.0,83,0,0,0,0,34
2025-04-07 18:57:50.633444,Rain,5.967032853801583,83,0,0,0,0,28
2025-04-07 19:57:50.633444,Clear,0.0,87,0,0,0,0,31
2025-04-07 20:57:50.633444,Clear,0.0,92,0,0,0,0,30
2025-04-07 21:57:50.633444,Clear,0.0,40,0,0,0,0,29
2025-04-07 22:57:50.633444,Heavy Rain,28.16277031615045,58,0,0,0,0,32
2025-04-07 23:57:50.633444,Clear,0.0,75,0,0,0,0,27
2025-04-08 00:57:50.633444,Cloudy,0.0,80,0,0,0,0,22
2025-04-08 01:57:50.633444,Clear,0.0,95,0,0,0,0,33
2025-04-08 02:57:50.633444,Clear,0.0,56,0,0,0,0,21
2025-04-08 03:57:50.633444,Clear,0.0,50,0,0,0,0,34
2025-04-08 04:57:50.633444,Cloudy,0.0,77,0,0,0,0,23
2025-04-08 05:57:50.633444,Clear,0.0,57,0,0,0,0,30
2025-04-08 06:57:50.633444,Clear,0.0,68,0,0,0,0,36
2025-04-08 07:57:50.633444,Clear,0.0,87,0,0,1,0,35
2025-04-08 08:57:50.633444,Clear,0.0,57,0,0,0,0,32
2025-04-08 09:57:50.633444,Clear,0.0,70,0,0,0,0,40
2025-04-08 10:57:50.633444,Clear,0.0,92,0,0,0,0,31
2025-04-08 11:57:50.633444,Clear,0.0,77,0,0,0,0,29
2025-04-08 12:57:50.633444,Clear,0.0,92,0,0,0,0,21
2025-04-08 13:57:50.633444,Clear,0.0,59,0,0,0,0,24
2025-04-08 14:57:50.633444,Clear,0.0,98,0,0,1,0,39
2025-04-08 15:57:50.633444,Cloudy,0.0,80,0,0,0,0,31
2025-04-08 16:57:50.633444,Heavy Rain,45.511587074016504,61,0,0,0,0,22
2025-04-08 17:57:50.633444,Clear,0.0,57,0,0,0,0,19
2025-04-08 18:57:50.633444,Rain,7.59778810512868,42,0,0,0,0,21
2025-04-08 19:57:50.633444,Clear,0.0,60,0,0,0,0,24
2025-04-08 20:57:50.633444,Cloudy,0.0,74,0,0,0,0,32
2025-04-08 21:57:50.633444,Clear,0.0,98,0,0,0,0,34
2025-04-08 22:57:50.633444,Clear,0.0,69,0,0,0,0,31
2025-04-08 23:57:50.633444,Clear,0.0,84,0,0,0,0,23
2025-04-09 00:57:50.633444,Clear,0.0,86,0,0,0,0,27
2025-04-09 01:57:50.633444,Clear,0.0,54,0,0,0,0,19
2025-04-09 02:57:50.633444,Cloudy,0.0,76,0,0,0,0,31
2025-04-09 03:57:50.633444,Cloudy,0.0,59,0,0,0,0,24
2025-04-09 04:57:50.633444,Clear,0.0,44,0,0,0,0,29
2025-04-09 05:57:50.633444,Clear,0.0,63,0,0,0,0,22
2025-04-09 06:57:50.633444,Clear,0.0,43,0,0,0,0,35
2025-04-09 07:57:50.633444,Cloudy,0.0,54,0,0,1,0,26
2025-04-09 08:57:50.633444,Clear,0.0,89,0,0,0,0,9
2025-04-09 09:57:50.633444,Cloudy,0.0,94,0,0,0,0,27
2025-04-09 10:57:50.633444,Clear,0.0,49,0,0,0,0,31
2025-04-09 11:57:50.633444,Clear,0.0,82,0,0,0,0,31
2025-04-09 12:57:50.633444,Cloudy,0.0,44,0,0,0,0,35
2025-04-09 13:57:50.633444,Cloudy,0.0,94,0,0,0,0,27
2025-04-09 14:57:50.633444,Clear,0.0,65,0,0,1,0,28
2025-04-09 15:57:50.633444,Cloudy,0.0,64,0,0,0,0,18
2025-04-09 16:57:50.633444,Clear,0.0,77,0,0,0,0,29
2025-04-09 17:57:50.633444,Clear,0.0,64,0,0,0,0,23
2025-04-09 18:57:50.633444,Clear,0.0,55,0,0,0,1,18
2025-04-09 19:57:50.633444,Clear,0.0,44,0,0,0,0,35
2025-04-09 20:57:50.633444,Clear,0.0,71,0,0,0,0,29
2025-04-09 21:57:50.633444,Cloudy,0.0,80,0,0,0,0,28
2025-04-09 22:57:50.633444,Clear,0.0,47,0,0,0,0,21
2025-04-09 23:57:50.633444,Clear,0.0,78,0,0,0,0,19
2025-04-10 00:57:50.633444,Rain,8.746992984626585,77,0,0,0,0,17
2025-04-10 01:57:50.633444,Clear,0.0,88,0,0,0,0,34
2025-04-10 02:57:50.633444,Clear,0.0,52,0,0,0,0,35
2025-04-10 03:57:50.633444,Clear,0.0,93,0,0,0,0,32
2025-04-10 04:57:50.633444,Clear,0.0,62,0,0,0,0,24
2025-04-10 05:57:50.633444,Clear,0.0,45,0,0,0,0,25
2025-04-10 06:57:50.633444,Clear,0.0,80,0,0,0,0,26
2025-04-10 07:57:50.633444,Clear,0.0,61,0,0,1,0,28
2025-04-10 08:57:50.633444,Clear,0.0,44,0,0,0,0,28
2025-04-10 09:57:50.633444,Clear,0.0,87,0,0,0,0,25
2025-04-10 10:57:50.633444,Clear,0.0,70,0,0,0,0,25
2025-04-10 11:57:50.633444,Cloudy,0.0,99,0,0,0,0,33
2025-04-10 12:57:50.633444,Clear,0.0,83,0,0,0,0,27
2025-04-10 13:57:50.633444,Clear,0.0,73,0,0,0,0,22
2025-04-10 14:57:50.633444,Cloudy,0.0,97,0,0,1,1,18
2025-04-10 15:57:50.633444,Clear,0.0,60,0,0,0,0,23
2025-04-10 16:57:50.633444,Clear,0.0,70,0,0,0,0,19
2025-04-10 17:57:50.633444,Clear,0.0,65,0,0,0,0,26
2025-04-10 18:57:50.633444,Cloudy,0.0,98,0,0,0,0,20
2025-04-10 19:57:50.633444,Clear,0.0,90,0,0,0,0,37
2025-04-10 20:57:50.633444,Cloudy,0.0,40,0,0,0,0,29
2025-04-10 21:57:50.633444,Clear,0.0,79,0,0,0,0,29
2025-04-10 22:57:50.633444,Clear,0.0,91,0,0,0,0,27
2025-04-10 23:57:50.633444,Clear,0.0,86,0,0,0,0,25
2025-04-11 00:57:50.633444,Clear,0.0,46,0,0,0,0,29
2025-04-11 01:57:50.633444,Clear,0.0,81,0,0,0,0,24
2025-04-11 02:57:50.633444,Clear,0.0,95,0,0,0,0,25
2025-04-11 03:57:50.633444,Clear,0.0,81,0,0,0,0,21
2025-04-11 04:57:50.633444,Clear,0.0,64,0,0,0,0,35
2025-04-11 05:57:50.633444,Cloudy,0.0,68,0,0,0,0,27
2025-04-11 06:57:50.633444,Clear,0.0,45,0,0,0,0,35
2025-04-11 07:57:50.633444,Cloudy,0.0,72,0,0,1,0,28
2025-04-11 08:57:50.633444,Clear,0.0,64,0,0,0,0,28
2025-04-11 09:57:50.633444,Clear,0.0,93,0,0,0,0,27
2025-04-11 10:57:50.633444,Clear,0.0,40,0,0,0,0,26
2025-04-11 11:57:50.633444,Clear,0.0,68,0,0,0,0,29
2025-04-11 12:57:50.633444,Rain,6.821519907089618,40,0,0,0,0,30
2025-04-11 13:57:50.633444,Clear,0.0,71,0,0,0,0,28
2025-04-11 14:57:50.633444,Cloudy,0.0,95,0,0,1,0,26
2025-04-11 15:57:50.633444,Clear,0.0,60,0,0,0,0,27
2025-04-11 16:57:50.633444,Clear,0.0,69,0,0,0,0,28
2025-04-11 17:57:50.633444,Cloudy,0.0,88,0,0,0,0,39
2025-04-11 18:57:50.633444,Clear,0.0,95,0,0,0,0,28
2025-04-11 19:57:50.633444,Clear,0.0,84,0,0,0,0,16
2025-04-11 20:57:50.633444,Clear,0.0,70,0,0,0,0,25
2025-04-11 21:57:50.633444,Heavy Rain,37.19654522491935,54,0,0,0,0,24
2025-04-11 22:57:50.633444,Cloudy,0.0,61,0,0,0,0,24
2025-04-11 23:57:50.633444,Cloudy,0.0,71,0,0,0,0,28
2025-04-12 00:57:50.633444,Clear,0.0,42,0,0,0,0,24
2025-04-12 01:57:50.633444,Cloudy,0.0,72,0,0,0,0,23
2025-04-12 02:57:50.633444,Clear,0.0,78,0,0,0,0,19
2025-04-12 03:57:50.633444,Clear,0.0,87,0,0,0,0,18
2025-04-12 04:57:50.633444,Clear,0.0,60,0,0,0,0,24
2025-04-12 05:57:50.633444,Clear,0.0,68,0,0,0,0,34
2025-04-12 06:57:50.633444,Cloudy,0.0,69,0,0,0,1,33
2025-04-12 07:57:50.633444,Clear,0.0,40,0,0,0,0,30
2025-04-12 08:57:50.633444,Clear,0.0,51,0,0,0,0,27
2025-04-12 09:57:50.633444,Heavy Rain,13.84128754578919,52,0,0,0,0,31
2025-04-12 10:57:50.633444,Rain,2.7861933828775705,95,0,0,0,0,21
2025-04-12 11:57:50.633444,Clear,0.0,47,0,0,0,0,29
2025-04-12 12:57:50.633444,Clear,0.0,57,0,0,0,0,27
2025-04-12 13:57:50.633444,Clear,0.0,87,0,0,0,0,31
2025-04-12 14:57:50.633444,Cloudy,0.0,63,0,0,0,0,26
2025-04-12 15:57:50.633444,Clear,0.0,93,0,0,0,0,30
2025-04-12 16:57:50.633444,Cloudy,0.0,51,0,0,0,0,29
2025-04-12 17:57:50.633444,Clear,0.0,64,0,0,0,0,22
2025-04-12 18:57:50.633444,Clear,0.0,52,0,0,0,0,26
2025-04-12 19:57:50.633444,Cloudy,0.0,63,0,0,0,0,25
2025-04-12 20:57:50.633444,Clear,0.0,56,0,0,0,0,32
2025-04-12 21:57:50.633444,Clear,0.0,40,0,0,0,0,30
2025-04-12 22:57:50.633444,Clear,0.0,98,0,0,0,0,27
2025-04-12 23:57:50.633444,Clear,0.0,57,0,0,0,0,28
2025-04-13 00:57:50.633444,Clear,0.0,84,0,0,0,0,23
2025-04-13 01:57:50.633444,Rain,7.229374436191403,46,0,0,0,0,38
2025-04-13 02:57:50.633444,Rain,4.442594599974847,85,0,0,0,0,33
2025-04-13 03:57:50.633444,Clear,0.0,76,0,0,0,0,36
2025-04-13 04:57:50.633444,Clear,0.0,91,0,0,0,0,30
2025-04-13 05:57:50.633444,Cloudy,0.0,65,0,0,0,0,36
2025-04-13 06:57:50.633444,Cloudy,0.0,81,0,0,0,0,26
2025-04-13 07:57:50.633444,Cloudy,0.0,46,0,0,0,0,34
2025-04-13 08:57:50.633444,Rain,6.234287737132708,91,0,0,0,0,36
2025-04-13 09:57:50.633444,Clear,0.0,83,0,0,0,1,27
2025-04-13 10:57:50.633444,Cloudy,0.0,88,0,0,0,0,29
2025-04-13 11:57:50.633444,Clear,0.0,52,0,0,0,0,29
2025-04-13 12:57:50.633444,Heavy Rain,33.84230685387982,23,0,0,0,0,33
2025-04-13 13:57:50.633444,Cloudy,0.0,99,0,0,0,0,39
2025-04-13 14:57:50.633444,Clear,0.0,63,0,0,0,0,37
2025-04-13 15:57:50.633444,Clear,0.0,59,0,0,0,0,23
2025-04-13 16:57:50.633444,Cloudy,0.0,44,0,0,0,1,22
2025-04-13 17:57:50.633444,Clear,0.0,84,0,0,0,0,36
2025-04-13 18:57:50.633444,Heavy Rain,13.615700234321837,61,0,0,0,0,26
2025-04-13 19:57:50.633444,Cloudy,0.0,89,0,0,0,0,30
2025-04-13 20:57:50.633444,Cloudy,0.0,72,0,0,0,0,19
2025-04-13 21:57:50.633444,Cloudy,0.0,70,0,0,0,0,24
2025-04-13 22:57:50.633444,Cloudy,0.0,76,0,0,0,0,25
2025-04-13 23:57:50.633444,Clear,0.0,68,0,0,0,0,29
2025-04-14 00:57:50.633444,Cloudy,0.0,43,0,0,0,0,27
2025-04-14 01:57:50.633444,Clear,0.0,51,0,0,0,0,25
2025-04-14 02:57:50.633444,Clear,0.0,88,0,0,0,0,25
2025-04-14 03:57:50.633444,Clear,0.0,97,0,0,0,1,29
2025-04-14 04:57:50.633444,Cloudy,0.0,57,0,0,0,0,25
2025-04-14 05:57:50.633444,Clear,0.0,42,0,0,0,0,35
2025-04-14 06:57:50.633444,Clear,0.0,79,0,0,0,0,20
2025-04-14 07:57:50.633444,Cloudy,0.0,48,0,0,1,0,33
2025-04-14 08:57:50.633444,Clear,0.0,61,0,0,0,0,31
2025-04-14 09:57:50.633444,Cloudy,0.0,82,0,0,0,0,24
2025-04-14 10:57:50.633444,Cloudy,0.0,86,0,0,0,0,24
2025-04-14 11:57:50.633444,Cloudy,0.0,50,0,0,0,0,30
2025-04-14 12:57:50.633444,Cloudy,0.0,69,0,0,0,0,30
2025-04-14 13:57:50.633444,Clear,0.0,96,0,0,0,0,29
2025-04-14 14:57:50.633444,Clear,0.0,88,0,0,1,0,29
2025-04-14 15:57:50.633444,Clear,0.0,47,0,0,0,0,20
2025-04-14 16:57:50.633444,Clear,0.0,44,0,0,0,0,23
2025-04-14 17:57:50.633444,Clear,0.0,78,0,0,0,0,21
2025-04-14 18:57:50.633444,Clear,0.0,43,0,0,0,0,27
2025-04-14 19:57:50.633444,Cloudy,0.0,86,0,0,0,0,29
2025-04-14 20:57:50.633444,Clear,0.0,69,0,0,0,0,22
2025-04-14 21:57:50.633444,Clear,0.0,48,0,0,0,0,23
2025-04-14 22:57:50.633444,Rain,9.590511920407883,62,0,0,0,0,33
2025-04-14 23:57:50.633444,Cloudy,0.0,94,0,0,0,0,33
2025-04-15 00:57:50.633444,Clear,0.0,75,0,0,0,0,31
2025-04-15 01:57:50.633444,Cloudy,0.0,95,0,0,0,0,36
2025-04-15 02:57:50.633444,Heavy Rain,21.4356666419954,63,0,0,0,0,37
2025-04-15 03:57:50.633444,Clear,0.0,73,0,0,0,0,40
2025-04-15 04:57:50.633444,Clear,0.0,83,0,0,0,0,34
2025-04-15 05:57:50.633444,Cloudy,0.0,57,0,0,0,0,21
2025-04-15 06:57:50.633444,Cloudy,0.0,99,0,0,0,0,23
2025-04-15 07:57:50.633444,Clear,0.0,46,0,0,1,0,23
2025-04-15 08:57:50.633444,Clear,0.0,78,0,0,0,0,34
2025-04-15 09:57:50.633444,Clear,0.0,99,0,0,0,0,26
2025-04-15 10:57:50.633444,Rain,5.257820896387077,89,0,0,0,0,24
2025-04-15 11:57:50.633444,Clear,0.0,49,0,0,0,0,25
2025-04-15 12:57:50.633444,Clear,0.0,43,0,0,0,0,31
2025-04-15 13:57:50.633444,Cloudy,0.0,52,0,0,0,0,29
2025-04-15 14:57:50.633444,Clear,0.0,66,0,0,1,0,29
2025-04-15 15:57:50.633444,Cloudy,0.0,47,0,0,0,0,30
2025-04-15 16:57:50.633444,Clear,0.0,93,0,0,0,0,31
2025-04-15 17:57:50.633444,Clear,0.0,97,0,0,0,1,28
2025-04-15 18:57:50.633444,Clear,0.0,52,0,0,0,0,37
2025-04-15 19:57:50.633444,Clear,0.0,76,0,0,0,0,32
2025-04-15 20:57:50.633444,Clear,0.0,93,0,0,0,0,18
2025-04-15 21:57:50.633444,Rain,3.7302589071284054,84,0,0,0,0,30
2025-04-15 22:57:50.633444,Clear,0.0,78,0,0,0,0,21
2025-04-15 23:57:50.633444,Rain,9.35464939614091,86,0,0,0,0,28
2025-04-16 00:57:50.633444,Clear,0.0,79,0,0,0,0,33
2025-04-16 01:57:50.633444,Clear,0.0,97,0,0,0,0,28
2025-04-16 02:57:50.633444,Rain,8.175760651147797,57,0,0,0,0,28
2025-04-16 03:57:50.633444,Cloudy,0.0,55,0,0,0,0,26
2025-04-16 04:57:50.633444,Clear,0.0,73,0,0,0,0,27
2025-04-16 05:57:50.633444,Clear,0.0,76,0,0,0,0,28
2025-04-16 06:57:50.633444,Rain,2.329619132282052,54,0,0,0,0,30
2025-04-16 07:57:50.633444,Cloudy,0.0,42,0,0,1,0,31
2025-04-16 08:57:50.633444,Clear,0.0,55,0,0,0,0,20
2025-04-16 09:57:50.633444,Clear,0.0,96,0,0,0,0,24
2025-04-16 10:57:50.633444,Clear,0.0,96,0,0,0,0,31
2025-04-16 11:57:50.633444,Rain,2.2511807466132367,59,0,0,0,0,28
2025-04-16 12:57:50.633444,Clear,0.0,89,0,0,0,0,26
2025-04-16 13:57:50.633444,Rain,2.561822386959581,43,0,0,0,0,29
2025-04-16 14:57:50.633444,Clear,0.0,54,0,0,1,0,28
2025-04-16 15:57:50.633444,Cloudy,0.0,87,0,0,0,0,20
2025-04-16 16:57:50.633444,Clear,0.0,42,0,0,0,0,27
2025-04-16 17:57:50.633444,Clear,0.0,55,0,0,0,0,31
2025-04-16 18:57:50.633444,Clear,0.0,80,0,0,0,0,32
2025-04-16 19:57:50.633444,Clear,0.0,79,0,0,0,0,24
2025-04-16 20:57:50.633444,Clear,0.0,44,0,0,0,0,26
2025-04-16 21:57:50.633444,Cloudy,0.0,51,0,0,0,0,22
2025-04-16 22:57:50.633444,Clear,0.0,61,0,0,0,0,26
2025-04-16 23:57:50.633444,Rain,2.5746541353354067,60,0,0,0,0,29
2025-04-17 00:57:50.633444,Clear,0.0,61,0,0,0,0,29
2025-04-17 01:57:50.633444,Rain,7.246616889941802,77,0,0,0,0,32
2025-04-17 02:57:50.633444,Clear,0.0,52,0,0,0,0,33
2025-04-17 03:57:50.633444,Clear,0.0,51,0,0,0,0,30
2025-04-17 04:57:50.633444,Clear,0.0,93,0,0,0,0,30
2025-04-17 05:57:50.633444,Clear,0.0,79,0,0,0,0,26
2025-04-17 06:57:50.633444,Clear,0.0,93,0,0,0,0,22
2025-04-17 07:57:50.633444,Clear,0.0,55,0,0,1,0,30
2025-04-17 08:57:50.633444,Rain,7.3417500508957305,77,0,0,0,0,31
2025-04-17 09:57:50.633444,Clear,0.0,71,0,0,0,0,30
2025-04-17 10:57:50.633444,Rain,5.920001588879019,79,0,0,0,0,36
2025-04-17 11:57:50.633444,Clear,0.0,79,0,0,0,0,22
2025-04-17 12:57:50.633444,Clear,0.0,78,0,0,0,0,23
2025-04-17 13:57:50.633444,Rain,5.6114847211025545,84,0,0,0,0,29
2025-04-17 14:57:50.633444,Cloudy,0.0,57,0,0,1,0,30
2025-04-17 15:57:50.633444,Clear,0.0,70,0,0,0,0,20
2025-04-17 16:57:50.633444,Cloudy,0.0,67,0,0,0,0,17
2025-04-17 17:57:50.633444,Clear,0.0,50,0,0,0,0,25
2025-04-17 18:57:50.633444,Clear,0.0,72,0,0,0,0,36
2025-04-17 19:57:50.633444,Cloudy,0.0,77,0,0,0,0,28
2025-04-17 20:57:50.633444,Cloudy,0.0,44,0,0,0,0,22
2025-04-17 21:57:50.633444,Rain,7.8886740715727095,83,0,0,0,0,33
2025-04-17 22:57:50.633444,Cloudy,0.0,88,0,0,0,0,22
2025-04-17 23:57:50.633444,Heavy Rain,32.486533690452504,68,0,0,0,0,32
2025-04-18 00:57:50.633444,Rain,6.068540492583546,77,0,0,0,0,16
2025-04-18 01:57:50.633444,Cloudy,0.0,95,0,0,0,0,28
2025-04-18 02:57:50.633444,Cloudy,0.0,45,0,0,0,0,25
2025-04-18 03:57:50.633444,Rain,4.419789646732998,90,0,0,0,0,25
2025-04-18 04:57:50.633444,Clear,0.0,80,0,0,0,0,28
2025-04-18 05:57:50.633444,Clear,0.0,87,0,0,0,0,31
2025-04-18 06:57:50.633444,Cloudy,0.0,77,0,0,0,0,29
2025-04-18 07:57:50.633444,Clear,0.0,51,0,0,1,0,23
2025-04-18 08:57:50.633444,Cloudy,0.0,58,0,0,0,0,23
2025-04-18 09:57:50.633444,Cloudy,0.0,88,0,0,0,0,27
2025-04-18 10:57:50.633444,Clear,0.0,76,0,0,0,0,38
2025-04-18 11:57:50.633444,Cloudy,0.0,48,0,0,0,0,31
2025-04-18 12:57:50.633444,Clear,0.0,96,0,0,0,0,24
2025-04-18 13:57:50.633444,Clear,0.0,74,0,0,0,0,30
2025-04-18 14:57:50.633444,Clear,0.0,72,0,0,1,0,32
2025-04-18 15:57:50.633444,Clear,0.0,89,0,0,0,0,33
2025-04-18 16:57:50.633444,Clear,0.0,84,0,0,0,0,26
2025-04-18 17:57:50.633444,Clear,0.0,84,0,0,0,0,24
2025-04-18 18:57:50.633444,Clear,0.0,47,0,0,0,0,40
2025-04-18 19:57:50.633444,Clear,0.0,52,0,0,0,0,24
2025-04-18 20:57:50.633444,Clear,0.0,67,0,0,0,0,33
2025-04-18 21:57:50.633444,Clear,0.0,80,0,0,0,0,32
2025-04-18 22:57:50.633444,Cloudy,0.0,83,0,0,0,0,21
2025-04-18 23:57:50.633444,Rain,4.549138136943566,91,0,0,0,0,26
2025-04-19 00:57:50.633444,Clear,0.0,88,0,0,0,0,24
2025-04-19 01:57:50.633444,Clear,0.0,55,0,0,0,0,26
2025-04-19 02:57:50.633444,Clear,0.0,58,0,0,0,0,25
2025-04-19 03:57:50.633444,Rain,7.042488576004384,68,0,0,0,0,22
2025-04-19 04:57:50.633444,Clear,0.0,93,0,0,0,0,30
2025-04-19 05:57:50.633444,Cloudy,0.0,67,0,0,0,0,34
2025-04-19 06:57:50.633444,Cloudy,0.0,62,0,0,0,0,28
2025-04-19 07:57:50.633444,Cloudy,0.0,86,0,0,0,0,29
2025-04-19 08:57:50.633444,Clear,0.0,90,0,0,0,0,33
2025-04-19 09:57:50.633444,Clear,0.0,97,0,0,0,0,30
2025-04-19 10:57:50.633444,Clear,0.0,96,0,0,0,0,26
2025-04-19 11:57:50.633444,Cloudy,0.0,93,0,0,0,0,25
2025-04-19 12:57:50.633444,Cloudy,0.0,40,0,0,0,0,36
2025-04-19 13:57:50.633444,Cloudy,0.0,88,0,0,0,0,31
2025-04-19 14:57:50.633444,Clear,0.0,40,0,0,0,0,24
2025-04-19 15:57:50.633444,Clear,0.0,40,0,0,0,0,20
2025-04-19 16:57:50.633444,Clear,0.0,68,0,0,0,0,26
2025-04-19 17:57:50.633444,Rain,7.72454907087482,84,0,0,0,0,31
2025-04-19 18:57:50.633444,Clear,0.0,41,0,0,0,0,36
2025-04-19 19:57:50.633444,Clear,0.0,55,0,0,0,0,22
2025-04-19 20:57:50.633444,Cloudy,0.0,83,0,0,0,0,28
2025-04-19 21:57:50.633444,Cloudy,0.0,75,0,0,0,0,26
2025-04-19 22:57:50.633444,Heavy Rain,44.47587690283847,65,0,0,0,0,30
2025-04-19 23:57:50.633444,Clear,0.0,49,0,0,0,0,27
2025-04-20 00:57:50.633444,Clear,0.0,96,0,0,0,0,29
2025-04-20 01:57:50.633444,Clear,0.0,40,0,0,0,0,22
2025-04-20 02:57:50.633444,Clear,0.0,95,0,0,0,0,33
2025-04-20 03:57:50.633444,Cloudy,0.0,48,0,0,0,0,35
2025-04-20 04:57:50.633444,Cloudy,0.0,66,0,0,0,0,20
2025-04-20 05:57:50.633444,Clear,0.0,50,0,0,0,0,34
2025-04-20 06:57:50.633444,Cloudy,0.0,64,0,0,0,0,29
2025-04-20 07:57:50.633444,Clear,0.0,97,0,0,0,0,30
2025-04-20 08:57:50.633444,Clear,0.0,62,0,0,0,0,20
2025-04-20 09:57:50.633444,Clear,0.0,98,0,0,0,0,31
2025-04-20 10:57:50.633444,Clear,0.0,72,0,0,0,0,19
2025-04-20 11:57:50.633444,Heavy Rain,10.13061536274629,49,0,0,0,0,26
2025-04-20 12:57:50.633444,Clear,0.0,65,0,0,0,0,38
2025-04-20 13:57:50.633444,Clear,0.0,88,0,0,0,0,30
2025-04-20 14:57:50.633444,Clear,0.0,87,0,0,0,1,31
2025-04-20 15:57:50.633444,Clear,0.0,77,0,0,0,0,22
2025-04-20 16:57:50.633444,Cloudy,0.0,75,0,0,0,0,32
2025-04-20 17:57:50.633444,Clear,0.0,97,0,0,0,0,31
2025-04-20 18:57:50.633444,Clear,0.0,71,0,0,0,0,30
2025-04-20 19:57:50.633444,Cloudy,0.0,84,0,0,0,0,24
2025-04-20 20:57:50.633444,Cloudy,0.0,62,0,0,0,0,22
2025-04-20 21:57:50.633444,Clear,0.0,77,0,0,0,0,23
2025-04-20 22:57:50.633444,Rain,6.567587484328617,46,0,0,0,0,29
2025-04-20 23:57:50.633444,Clear,0.0,86,0,0,0,0,27
2025-04-21 00:57:50.633444,Cloudy,0.0,53,0,0,0,0,21
2025-04-21 01:57:50.633444,Rain,2.3962255020708456,54,0,0,0,0,25
2025-04-21 02:57:50.633444,Clear,0.0,69,0,0,0,0,22
2025-04-21 03:57:50.633444,Heavy Rain,12.860078154877446,64,0,0,0,0,29
2025-04-21 04:57:50.633444,Rain,2.127384417530462,54,0,0,0,0,31
2025-04-21 05:57:50.633444,Rain,8.74149541132816,95,0,0,0,0,29
2025-04-21 06:57:50.633444,Rain,4.110207183210536,69,0,0,0,0,30
2025-04-21 07:57:50.633444,Clear,0.0,43,0,0,1,0,39
2025-04-21 08:57:50.633444,Clear,0.0,57,0,0,0,0,35
2025-04-21 09:57:50.633444,Cloudy,0.0,57,0,0,0,0,22
2025-04-21 10:57:50.633444,Clear,0.0,79,0,0,0,0,30
2025-04-21 11:57:50.633444,Cloudy,0.0,87,0,0,0,0,27
2025-04-21 12:57:50.633444,Clear,0.0,75,0,0,0,0,29
2025-04-21 13:57:50.633444,Cloudy,0.0,61,0,0,0,0,33
2025-04-21 14:57:50.633444,Clear,0.0,52,0,0,1,0,33
2025-04-21 15:57:50.633444,Cloudy,0.0,66,0,0,0,0,24
2025-04-21 16:57:50.633444,Clear,0.0,86,0,0,0,0,32
2025-04-21 17:57:50.633444,Clear,0.0,68,0,0,0,0,34
2025-04-21 18:57:50.633444,Rain,7.197442618694267,65,0,0,0,0,29
2025-04-21 19:57:50.633444,Cloudy,0.0,85,0,0,0,0,33
2025-04-21 20:57:50.633444,Clear,0.0,73,0,0,0,0,28
2025-04-21 21:57:50.633444,Cloudy,0.0,76,0,0,0,0,29
2025-04-21 22:57:50.633444,Clear,0.0,88,0,0,0,0,23
2025-04-21 23:57:50.633444,Clear,0.0,41,0,0,0,0,29
2025-04-22 00:57:50.633444,Clear,0.0,63,0,0,0,0,21
2025-04-22 01:57:50.633444,Cloudy,0.0,55,0,0,0,0,34
2025-04-22 02:57:50.633444,Cloudy,0.0,86,0,0,0,0,24
2025-04-22 03:57:50.633444,Cloudy,0.0,43,0,0,0,0,30
2025-04-22 04:57:50.633444,Clear,0.0,73,0,0,0,0,29
2025-04-22 05:57:50.633444,Clear,0.0,92,0,0,0,0,21
2025-04-22 06:57:50.633444,Cloudy,0.0,58,0,0,0,0,34
2025-04-22 07:57:50.633444,Clear,0.0,82,0,0,1,0,30
2025-04-22 08:57:50.633444,Clear,0.0,49,0,0,0,0,29
2025-04-22 09:57:50.633444,Heavy Rain,45.0631861725875,12,0,0,0,0,23
2025-04-22 10:57:50.633444,Clear,0.0,71,0,0,0,0,35
2025-04-22 11:57:50.633444,Clear,0.0,68,0,0,0,0,24
2025-04-22 12:57:50.633444,Clear,0.0,62,0,0,0,0,24
2025-04-22 13:57:50.633444,Clear,0.0,73,0,0,0,0,26
2025-04-22 14:57:50.633444,Cloudy,0.0,56,0,0,1,0,35
2025-04-22 15:57:50.633444,Heavy Rain,26.99164081496116,23,0,0,0,0,27
2025-04-22 16:57:50.633444,Clear,0.0,51,0,0,0,0,30
2025-04-22 17:57:50.633444,Clear,0.0,91,0,0,0,0,22
2025-04-22 18:57:50.633444,Clear,0.0,50,0,0,0,0,24
2025-04-22 19:57:50.633444,Heavy Rain,38.46279945480951,27,0,0,0,0,29
2025-04-22 20:57:50.633444,Rain,3.393419188296707,98,0,0,0,0,26
2025-04-22 21:57:50.633444,Clear,0.0,42,0,0,0,0,25
2025-04-22 22:57:50.633444,Cloudy,0.0,86,0,0,0,0,26
2025-04-22 23:57:50.633444,Clear,0.0,65,0,0,0,0,40
2025-04-23 00:57:50.633444,Cloudy,0.0,85,0,0,0,0,28
2025-04-23 01:57:50.633444,Cloudy,0.0,89,0,0,0,0,28
2025-04-23 02:57:50.633444,Rain,9.491457716154487,75,0,0,0,0,27
2025-04-23 03:57:50.633444,Clear,0.0,76,0,0,0,0,18
2025-04-23 04:57:50.633444,Cloudy,0.0,99,0,0,0,0,30
2025-04-23 05:57:50.633444,Clear,0.0,52,0,0,0,0,28
2025-04-23 06:57:50.633444,Clear,0.0,66,0,0,0,0,24
2025-04-23 07:57:50.633444,Clear,0.0,49,0,0,1,0,25
2025-04-23 08:57:50.633444,Cloudy,0.0,44,0,0,0,0,36
2025-04-23 09:57:50.633444,Clear,0.0,46,0,0,0,0,34
2025-04-23 10:57:50.633444,Cloudy,0.0,53,0,0,0,0,24
2025-04-23 11:57:50.633444,Rain,5.044688176404675,66,0,0,0,0,27
2025-04-23 12:57:50.633444,Clear,0.0,99,0,0,0,0,20
2025-04-23 13:57:50.633444,Rain,3.733873292207247,88,0,0,0,0,29
2025-04-23 14:57:50.633444,Clear,0.0,80,0,0,1,0,25
2025-04-23 15:57:50.633444,Clear,0.0,57,0,0,0,0,29
2025-04-23 16:57:50.633444,Clear,0.0,53,0,0,0,0,28
2025-04-23 17:57:50.633444,Clear,0.0,52,0,0,0,0,20
2025-04-23 18:57:50.633444,Clear,0.0,97,0,0,0,0,35
2025-04-23 19:57:50.633444,Clear,0.0,86,0,0,0,0,31
2025-04-23 20:57:50.633444,Clear,0.0,58,0,0,0,0,25
2025-04-23 21:57:50.633444,Cloudy,0.0,84,0,0,0,0,25
2025-04-23 22:57:50.633444,Clear,0.0,54,0,0,0,1,32
2025-04-23 23:57:50.633444,Clear,0.0,90,0,0,0,0,26
2025-04-24 00:57:50.633444,Cloudy,0.0,92,0,0,0,0,24
2025-04-24 01:57:50.633444,Clear,0.0,64,0,0,0,0,33
2025-04-24 02:57:50.633444,Heavy Rain,45.84699784683865,21,0,0,0,0,24
2025-04-24 03:57:50.633444,Clear,0.0,70,0,0,0,0,36
2025-04-24 04:57:50.633444,Clear,0.0,46,0,0,0,0,33
2025-04-24 05:57:50.633444,Clear,0.0,63,0,0,0,0,39
2025-04-24 06:57:50.633444,Cloudy,0.0,88,0,0,0,0,30
2025-04-24 07:57:50.633444,Clear,0.0,80,0,0,1,0,21
2025-04-24 08:57:50.633444,Clear,0.0,66,0,0,0,0,31
2025-04-24 09:57:50.633444,Clear,0.0,81,0,0,0,0,30
2025-04-24 10:57:50.633444,Rain,2.5212011574829196,74,0,0,0,0,33
2025-04-24 11:57:50.633444,Clear,0.0,65,0,0,0,0,26
2025-04-24 12:57:50.633444,Clear,0.0,86,0,0,0,0,25
2025-04-24 13:57:50.633444,Clear,0.0,61,0,0,0,0,37
2025-04-24 14:57:50.633444,Clear,0.0,97,0,0,1,0,28
2025-04-24 15:57:50.633444,Heavy Rain,49.27360591985633,12,0,0,0,0,36
2025-04-24 16:57:50.633444,Clear,0.0,56,0,0,0,0,21
2025-04-24 17:57:50.633444,Clear,0.0,44,0,0,0,0,29
2025-04-24 18:57:50.633444,Clear,0.0,94,0,0,0,0,32
2025-04-24 19:57:50.633444,Clear,0.0,49,0,0,0,0,23
2025-04-24 20:57:50.633444,Clear,0.0,55,0,0,0,0,30
2025-04-24 21:57:50.633444,Clear,0.0,63,0,0,0,0,27
2025-04-24 22:57:50.633444,Heavy Rain,20.70451451825402,52,0,0,0,0,21
2025-04-24 23:57:50.633444,Rain,8.643589168709132,54,0,0,0,0,32
2025-04-25 00:57:50.633444,Clear,0.0,93,0,0,0,0,26
2025-04-25 01:57:50.633444,Clear,0.0,82,0,0,0,0,37
2025-04-25 02:57:50.633444,Clear,0.0,94,0,0,0,0,29
2025-04-25 03:57:50.633444,Clear,0.0,40,0,0,0,0,33
2025-04-25 04:57:50.633444,Clear,0.0,57,0,0,0,0,22
2025-04-25 05:57:50.633444,Clear,0.0,63,0,0,0,0,30
2025-04-25 06:57:50.633444,Cloudy,0.0,56,0,0,0,0,24
2025-04-25 07:57:50.633444,Clear,0.0,91,0,0,1,0,25
2025-04-25 08:57:50.633444,Cloudy,0.0,84,0,0,0,0,28
2025-04-25 09:57:50.633444,Cloudy,0.0,97,0,0,0,0,27
2025-04-25 10:57:50.633444,Heavy Rain,46.45405064590876,59,0,0,0,0,26
2025-04-25 11:57:50.633444,Clear,0.0,73,0,0,0,0,26
2025-04-25 12:57:50.633444,Cloudy,0.0,90,0,0,0,0,32
2025-04-25 13:57:50.633444,Clear,0.0,87,0,0,0,0,21
2025-04-25 14:57:50.633444,Clear,0.0,74,0,0,1,0,15
2025-04-25 15:57:50.633444,Clear,0.0,60,0,0,0,0,28
2025-04-25 16:57:50.633444,Clear,0.0,78,0,0,0,0,27
2025-04-25 17:57:50.633444,Clear,0.0,83,0,0,0,0,21
2025-04-25 18:57:50.633444,Clear,0.0,45,0,0,0,0,28
2025-04-25 19:57:50.633444,Clear,0.0,96,0,0,0,0,29
2025-04-25 20:57:50.633444,Clear,0.0,80,0,0,0,0,22
2025-04-25 21:57:50.633444,Clear,0.0,80,0,0,0,0,27
2025-04-25 22:57:50.633444,Rain,3.4334874333798693,67,0,0,0,0,29
2025-04-25 23:57:50.633444,Clear,0.0,94,0,0,0,0,31
2025-04-26 00:57:50.633444,Clear,0.0,50,0,0,0,0,26
2025-04-26 01:57:50.633444,Cloudy,0.0,59,0,0,0,0,30
2025-04-26 02:57:50.633444,Clear,0.0,92,0,0,0,0,37
2025-04-26 03:57:50.633444,Clear,0.0,62,0,0,0,0,38
2025-04-26 04:57:50.633444,Clear,0.0,58,0,0,0,0,29
2025-04-26 05:57:50.633444,Clear,0.0,50,0,0,0,0,21
2025-04-26 06:57:50.633444,Clear,0.0,72,0,0,0,0,33
2025-04-26 07:57:50.633444,Rain,9.884868341519184,61,0,0,0,0,23
2025-04-26 08:57:50.633444,Clear,0.0,60,0,0,0,0,25
2025-04-26 09:57:50.633444,Clear,0.0,89,0,0,0,0,28
2025-04-26 10:57:50.633444,Cloudy,0.0,84,0,0,0,0,30
2025-04-26 11:57:50.633444,Cloudy,0.0,47,0,0,0,0,20
2025-04-26 12:57:50.633444,Clear,0.0,71,0,0,0,0,26
2025-04-26 13:57:50.633444,Clear,0.0,57,0,0,0,0,21
2025-04-26 14:57:50.633444,Cloudy,0.0,97,0,0,0,0,30
2025-04-26 15:57:50.633444,Clear,0.0,62,0,0,0,0,29
2025-04-26 16:57:50.633444,Clear,0.0,62,0,0,0,0,28
2025-04-26 17:57:50.633444,Cloudy,0.0,63,0,0,0,0,31
2025-04-26 18:57:50.633444,Cloudy,0.0,70,0,0,0,0,26
2025-04-26 19:57:50.633444,Clear,0.0,45,0,0,0,0,30
2025-04-26 20:57:50.633444,Cloudy,0.0,48,0,0,0,0,21
2025-04-26 21:57:50.633444,Heavy Rain,30.791523800675428,14,0,0,0,0,35
2025-04-26 22:57:50.633444,Rain,6.87875220502199,86,0,0,0,0,32
2025-04-26 23:57:50.633444,Clear,0.0,51,0,0,0,0,27
2025-04-27 00:57:50.633444,Clear,0.0,69,0,0,0,0,15
2025-04-27 01:57:50.633444,Rain,8.22823283673073,59,0,0,0,0,36
2025-04-27 02:57:50.633444,Clear,0.0,84,0,0,0,0,37
2025-04-27 03:57:50.633444,Clear,0.0,91,0,0,0,0,27
2025-04-27 04:57:50.633444,Clear,0.0,40,0,0,0,0,27
2025-04-27 05:57:50.633444,Clear,0.0,76,0,0,0,0,23
2025-04-27 06:57:50.633444,Clear,0.0,81,0,0,0,0,27
2025-04-27 07:57:50.633444,Clear,0.0,89,0,0,0,1,25
2025-04-27 08:57:50.633444,Cloudy,0.0,87,0,0,0,0,26
2025-04-27 09:57:50.633444,Cloudy,0.0,45,0,0,0,0,31
2025-04-27 10:57:50.633444,Clear,0.0,53,0,0,0,0,31
2025-04-27 11:57:50.633444,Clear,0.0,73,0,0,0,0,26
2025-04-27 12:57:50.633444,Cloudy,0.0,98,0,0,0,0,23
2025-04-27 13:57:50.633444,Clear,0.0,72,0,0,0,0,22
2025-04-27 14:57:50.633444,Clear,0.0,88,0,0,0,0,35
2025-04-27 15:57:50.633444,Clear,0.0,43,0,0,0,0,30
2025-04-27 16:57:50.633444,Heavy Rain,16.502099029230216,59,0,0,0,0,30
2025-04-27 17:57:50.633444,Clear,0.0,75,0,0,0,0,35
2025-04-27 18:57:50.633444,Rain,2.0155925372034496,55,0,0,0,0,27
2025-04-27 19:57:50.633444,Clear,0.0,78,0,0,0,0,29
2025-04-27 20:57:50.633444,Clear,0.0,65,0,0,0,0,31
2025-04-27 21:57:50.633444,Clear,0.0,79,0,0,0,0,24
2025-04-27 22:57:50.633444,Cloudy,0.0,73,0,0,0,0,28
2025-04-27 23:57:50.633444,Cloudy,0.0,87,0,0,0,0,20
2025-04-28 00:57:50.633444,Rain,8.244508801228283,88,0,0,0,0,30
2025-04-28 01:57:50.633444,Clear,0.0,95,0,0,0,0,36
2025-04-28 02:57:50.633444,Cloudy,0.0,42,0,0,0,0,27
2025-04-28 03:57:50.633444,Clear,0.0,97,0,0,0,1,24
2025-04-28 04:57:50.633444,Rain,8.554353625268739,85,0,0,0,0,28
2025-04-28 05:57:50.633444,Clear,0.0,43,0,0,0,0,22
2025-04-28 06:57:50.633444,Heavy Rain,22.9471811118386,20,0,0,0,0,34
2025-04-28 07:57:50.633444,Cloudy,0.0,67,0,0,1,0,23
2025-04-28 08:57:50.633444,Clear,0.0,83,0,0,0,0,32
2025-04-28 09:57:50.633444,Cloudy,0.0,41,0,0,0,0,27
2025-04-28 10:57:50.633444,Clear,0.0,97,0,0,0,0,24
2025-04-28 11:57:50.633444,Cloudy,0.0,55,0,0,0,0,27
2025-04-28 12:57:50.633444,Clear,0.0,87,0,0,0,0,23
2025-04-28 13:57:50.633444,Clear,0.0,75,0,0,0,0,25
2025-04-28 14:57:50.633444,Clear,0.0,91,0,0,1,0,25
2025-04-28 15:57:50.633444,Cloudy,0.0,94,0,0,0,0,33
2025-04-28 16:57:50.633444,Clear,0.0,50,0,0,0,0,31
2025-04-28 17:57:50.633444,Clear,0.0,70,0,0,0,0,26
2025-04-28 18:57:50.633444,Clear,0.0,48,0,0,0,0,24
2025-04-28 19:57:50.633444,Clear,0.0,89,0,0,0,0,28
2025-04-28 20:57:50.633444,Rain,2.26946973293912,94,0,0,0,0,14
2025-04-28 21:57:50.633444,Clear,0.0,74,0,0,0,0,24
2025-04-28 22:57:50.633444,Rain,6.048868716715596,77,0,0,0,0,19
2025-04-28 23:57:50.633444,Rain,3.403593335974703,94,0,0,0,0,21
2025-04-29 00:57:50.633444,Clear,0.0,79,0,0,0,0,27
2025-04-29 01:57:50.633444,Cloudy,0.0,54,0,0,0,0,29
2025-04-29 02:57:50.633444,Clear,0.0,54,0,0,0,0,31
2025-04-29 03:57:50.633444,Cloudy,0.0,52,0,0,0,0,25
2025-04-29 04:57:50.633444,Clear,0.0,41,0,0,0,0,32
2025-04-29 05:57:50.633444,Clear,0.0,66,0,0,0,0,22
2025-04-29 06:57:50.633444,Clear,0.0,75,0,0,0,1,30
2025-04-29 07:57:50.633444,Clear,0.0,87,0,0,1,0,26
2025-04-29 08:57:50.633444,Clear,0.0,40,0,0,0,0,24
2025-04-29 09:57:50.633444,Cloudy,0.0,47,0,0,0,0,19
2025-04-29 10:57:50.633444,Cloudy,0.0,70,0,0,0,0,24
2025-04-29 11:57:50.633444,Cloudy,0.0,80,0,0,0,0,27
2025-04-29 12:57:50.633444,Clear,0.0,48,0,0,0,0,31
2025-04-29 13:57:50.633444,Clear,0.0,80,0,0,0,0,30
2025-04-29 14:57:50.633444,Clear,0.0,45,0,0,1,0,35
2025-04-29 15:57:50.633444,Clear,0.0,41,0,0,0,0,25
2025-04-29 16:57:50.633444,Clear,0.0,87,0,0,0,0,25
2025-04-29 17:57:50.633444,Cloudy,0.0,50,0,0,0,0,20
2025-04-29 18:57:50.633444,Clear,0.0,68,0,0,0,0,26
2025-04-29 19:57:50.633444,Heavy Rain,29.404058853581724,14,0,0,0,0,27
2025-04-29 20:57:50.633444,Rain,7.89325665401208,48,0,0,0,0,25
2025-04-29 21:57:50.633444,Clear,0.0,49,0,0,0,0,23
2025-04-29 22:57:50.633444,Clear,0.0,91,0,0,0,0,37
2025-04-29 23:57:50.633444,Clear,0.0,68,0,0,0,0,29
2025-04-30 00:57:50.633444,Cloudy,0.0,44,0,0,0,0,32
2025-04-30 01:57:50.633444,Clear,0.0,85,0,0,0,0,31
2025-04-30 02:57:50.633444,Cloudy,0.0,81,0,0,0,0,31
2025-04-30 03:57:50.633444,Clear,0.0,51,0,0,0,0,25
2025-04-30 04:57:50.633444,Rain,2.291485662230869,68,0,0,0,0,30
2025-04-30 05:57:50.633444,Clear,0.0,67,0,0,0,0,33
2025-04-30 06:57:50.633444,Clear,0.0,88,0,0,0,0,30
2025-04-30 07:57:50.633444,Clear,0.0,45,0,0,1,0,25
2025-04-30 08:57:50.633444,Clear,0.0,96,0,0,0,0,28
2025-04-30 09:57:50.633444,Cloudy,0.0,45,0,0,0,0,23
2025-04-30 10:57:50.633444,Rain,6.590877617642617,48,0,0,0,0,20
2025-04-30 11:57:50.633444,Clear,0.0,75,0,0,0,0,28
2025-04-30 12:57:50.633444,Clear,0.0,52,0,0,0,0,30
2025-04-30 13:57:50.633444,Clear,0.0,97,0,0,0,0,34
2025-04-30 14:57:50.633444,Cloudy,0.0,78,0,0,1,0,23
2025-04-30 15:57:50.633444,Clear,0.0,90,0,0,0,0,25
2025-04-30 16:57:50.633444,Clear,0.0,93,0,0,0,0,24
2025-04-30 17:57:50.633444,Cloudy,0.0,42,0,0,0,0,22
2025-04-30 18:57:50.633444,Clear,0.0,97,0,0,0,0,36
2025-04-30 19:57:50.633444,Clear,0.0,84,0,0,0,0,17
2025-04-30 20:57:50.633444,Cloudy,0.0,47,0,0,0,0,24
2025-04-30 21:57:50.633444,Cloudy,0.0,89,0,0,0,0,23
2025-04-30 22:57:50.633444,Cloudy,0.0,93,0,0,0,0,18
2025-04-30 23:57:50.633444,Clear,0.0,63,0,0,0,0,21
2025-05-01 00:57:50.633444,Clear,0.0,41,0,0,0,0,22
2025-05-01 01:57:50.633444,Cloudy,0.0,97,0,0,0,1,25
2025-05-01 02:57:50.633444,Cloudy,0.0,55,0,0,0,0,28
2025-05-01 03:57:50.633444,Clear,0.0,44,0,0,0,0,37
2025-05-01 04:57:50.633444,Rain,3.4968976477468843,58,0,0,0,0,36
2025-05-01 05:57:50.633444,Clear,0.0,93,0,0,0,0,29
2025-05-01 06:57:50.633444,Cloudy,0.0,98,0,0,0,0,24
2025-05-01 07:57:50.633444,Clear,0.0,47,0,0,1,0,18
2025-05-01 08:57:50.633444,Clear,0.0,69,0,0,0,0,23
2025-05-01 09:57:50.633444,Clear,0.0,97,0,0,0,0,31
2025-05-01 10:57:50.633444,Clear,0.0,49,0,0,0,0,35
2025-05-01 11:57:50.633444,Clear,0.0,87,0,0,0,0,30
2025-05-01 12:57:50.633444,Clear,0.0,40,0,0,0,0,32
2025-05-01 13:57:50.633444,Heavy Rain,15.720282633686544,21,0,0,0,0,34
2025-05-01 14:57:50.633444,Clear,0.0,69,0,0,1,0,22
2025-05-01 15:57:50.633444,Cloudy,0.0,51,0,0,0,0,25
2025-05-01 16:57:50.633444,Clear,0.0,95,0,0,0,0,28
2025-05-01 17:57:50.633444,Cloudy,0.0,40,0,0,0,0,30
2025-05-01 18:57:50.633444,Clear,0.0,98,0,0,0,0,24
2025-05-01 19:57:50.633444,Clear,0.0,64,0,0,0,0,32
2025-05-01 20:57:50.633444,Clear,0.0,56,0,0,0,0,32
2025-05-01 21:57:50.633444,Clear,0.0,57,0,0,0,0,21
2025-05-01 22:57:50.633444,Clear,0.0,95,0,0,0,0,22
2025-05-01 23:57:50.633444,Cloudy,0.0,98,0,0,0,0,29
2025-05-02 00:57:50.633444,Cloudy,0.0,43,0,0,0,0,22
2025-05-02 01:57:50.633444,Clear,0.0,95,0,0,0,0,24
2025-05-02 02:57:50.633444,Clear,0.0,51,0,0,0,0,38
2025-05-02 03:57:50.633444,Cloudy,0.0,75,0,0,0,0,29
2025-05-02 04:57:50.633444,Rain,7.8711537106950615,63,0,0,0,0,24
2025-05-02 05:57:50.633444,Clear,0.0,91,0,0,0,0,21
2025-05-02 06:57:50.633444,Cloudy,0.0,79,0,0,0,0,24
2025-05-02 07:57:50.633444,Clear,0.0,58,0,0,1,0,26
2025-05-02 08:57:50.633444,Rain,2.577526306560416,78,0,0,0,0,31
2025-05-02 09:57:50.633444,Cloudy,0.0,59,0,0,0,0,29
2025-05-02 10:57:50.633444,Rain,2.9704942928135747,76,0,0,0,0,19
2025-05-02 11:57:50.633444,Clear,0.0,57,0,0,0,0,29
2025-05-02 12:57:50.633444,Clear,0.0,98,0,0,0,0,24
2025-05-02 13:57:50.633444,Cloudy,0.0,44,0,0,0,0,19
2025-05-02 14:57:50.633444,Clear,0.0,72,0,0,1,0,29
2025-05-02 15:57:50.633444,Clear,0.0,49,0,0,0,0,32
2025-05-02 16:57:50.633444,Rain,4.3086201195660445,66,0,0,0,0,31
2025-05-02 17:57:50.633444,Cloudy,0.0,79,0,0,0,0,21
2025-05-02 18:57:50.633444,Cloudy,0.0,66,0,0,0,0,22
2025-05-02 19:57:50.633444,Clear,0.0,54,0,0,0,0,27
2025-05-02 20:57:50.633444,Rain,2.570796212242567,48,0,0,0,0,30
2025-05-02 21:57:50.633444,Clear,0.0,53,0,0,0,0,18
2025-05-02 22:57:50.633444,Clear,0.0,82,0,0,0,0,29
2025-05-02 23:57:50.633444,Cloudy,0.0,57,0,0,0,0,31
2025-05-03 00:57:50.633444,Clear,0.0,95,0,0,0,0,20
2025-05-03 01:57:50.633444,Cloudy,0.0,80,0,0,0,0,23
2025-05-03 02:57:50.633444,Clear,0.0,93,0,0,0,0,24
2025-05-03 03:57:50.633444,Clear,0.0,46,0,0,0,0,25
2025-05-03 04:57:50.633444,Cloudy,0.0,84,0,0,0,0,18
2025-05-03 05:57:50.633444,Cloudy,0.0,40,0,0,0,0,22
2025-05-03 06:57:50.633444,Cloudy,0.0,80,0,0,0,0,35
2025-05-03 07:57:50.633444,Cloudy,0.0,68,0,0,0,0,27
2025-05-03 08:57:50.633444,Clear,0.0,53,0,0,0,0,19
2025-05-03 09:57:50.633444,Clear,0.0,92,0,0,0,0,18
2025-05-03 10:57:50.633444,Clear,0.0,63,0,0,0,1,29
2025-05-03 11:57:50.633444,Clear,0.0,42,0,0,0,0,26
2025-05-03 12:57:50.633444,Clear,0.0,55,0,0,0,0,32
2025-05-03 13:57:50.633444,Heavy Rain,34.770058049528366,22,0,0,0,0,31
2025-05-03 14:57:50.633444,Clear,0.0,85,0,0,0,0,30
2025-05-03 15:57:50.633444,Clear,0.0,45,0,0,0,0,35
2025-05-03 16:57:50.633444,Clear,0.0,59,0,0,0,0,23
2025-05-03 17:57:50.633444,Cloudy,0.0,40,0,0,0,0,22
2025-05-03 18:57:50.633444,Clear,0.0,55,0,0,0,0,25
2025-05-03 19:57:50.633444,Clear,0.0,44,0,0,0,0,29
2025-05-03 20:57:50.633444,Cloudy,0.0,43,0,0,0,0,32
2025-05-03 21:57:50.633444,Clear,0.0,90,0,0,0,0,36
2025-05-03 22:57:50.633444,Clear,0.0,65,0,0,0,0,34
2025-05-03 23:57:50.633444,Clear,0.0,50,0,0,0,0,29
2025-05-04 00:57:50.633444,Clear,0.0,94,0,0,0,0,22
2025-05-04 01:57:50.633444,Cloudy,0.0,52,0,0,0,0,27
2025-05-04 02:57:50.633444,Clear,0.0,93,0,0,0,0,34
2025-05-04 03:57:50.633444,Rain,8.450993714846557,94,0,0,0,0,16
2025-05-04 04:57:50.633444,Clear,0.0,82,0,0,0,0,32
2025-05-04 05:57:50.633444,Cloudy,0.0,45,0,0,0,0,36
2025-05-04 06:57:50.633444,Cloudy,0.0,91,0,0,0,0,24
2025-05-04 07:57:50.633444,Cloudy,0.0,59,0,0,0,0,29
2025-05-04 08:57:50.633444,Rain,6.468384919894141,89,0,0,0,0,28
2025-05-04 09:57:50.633444,Clear,0.0,90,0,0,0,0,29
2025-05-04 10:57:50.633444,Cloudy,0.0,44,0,0,0,1,32
2025-05-04 11:57:50.633444,Clear,0.0,46,0,0,0,0,18
2025-05-04 12:57:50.633444,Clear,0.0,64,0,0,0,0,31
2025-05-04 13:57:50.633444,Cloudy,0.0,90,0,0,0,0,35
2025-05-04 14:57:50.633444,Clear,0.0,69,0,0,0,0,31
2025-05-04 15:57:50.633444,Clear,0.0,84,0,0,0,0,29
2025-05-04 16:57:50.633444,Rain,5.6849616144623685,54,0,0,0,0,27
2025-05-04 17:57:50.633444,Clear,0.0,53,0,0,0,0,26
2025-05-04 18:57:50.633444,Rain,5.826596949323343,91,0,0,0,0,19
2025-05-04 19:57:50.633444,Heavy Rain,35.906049981184196,16,0,0,0,0,30
2025-05-04 20:57:50.633444,Cloudy,0.0,52,0,0,0,0,33
2025-05-04 21:57:50.633444,Clear,0.0,71,0,0,0,0,19
2025-05-04 22:57:50.633444,Rain,9.45963297882415,64,0,0,0,0,30
2025-05-04 23:57:50.633444,Clear,0.0,47,0,0,0,0,30
2025-05-05 00:57:50.633444,Rain,3.392890375265087,41,0,0,0,0,33
2025-05-05 01:57:50.633444,Clear,0.0,59,0,0,0,0,30
2025-05-05 02:57:50.633444,Clear,0.0,96,0,0,0,0,32
2025-05-05 03:57:50.633444,Clear,0.0,98,0,0,0,0,23
2025-05-05 04:57:50.633444,Clear,0.0,56,0,0,0,0,23
2025-05-05 05:57:50.633444,Clear,0.0,40,0,0,0,0,24
2025-05-05 06:57:50.633444,Clear,0.0,65,0,0,0,0,28
2025-05-05 07:57:50.633444,Clear,0.0,61,0,0,1,0,24
2025-05-05 08:57:50.633444,Cloudy,0.0,84,0,0,0,0,39
2025-05-05 09:57:50.633444,Rain,2.8133996165145305,70,0,0,0,0,31
2025-05-05 10:57:50.633444,Cloudy,0.0,89,0,0,0,0,33
2025-05-05 11:57:50.633444,Clear,0.0,80,0,0,0,0,25
2025-05-05 12:57:50.633444,Rain,9.28721853332568,80,0,0,0,0,24
2025-05-05 13:57:50.633444,Clear,0.0,43,0,0,0,0,30
2025-05-05 14:57:50.633444,Clear,0.0,99,0,0,1,0,26
2025-05-05 15:57:50.633444,Heavy Rain,43.846188071661174,58,0,0,0,0,29
2025-05-05 16:57:50.633444,Clear,0.0,51,0,0,0,0,31
2025-05-05 17:57:50.633444,Clear,0.0,41,0,0,0,0,29
2025-05-05 18:57:50.633444,Clear,0.0,71,0,0,0,0,36
2025-05-05 19:57:50.633444,Clear,0.0,69,0,0,0,0,25
2025-05-05 20:57:50.633444,Cloudy,0.0,48,0,0,0,0,29
2025-05-05 21:57:50.633444,Clear,0.0,47,0,0,0,0,19
2025-05-05 22:57:50.633444,Clear,0.0,86,0,0,0,0,17
2025-05-05 23:57:50.633444,Cloudy,0.0,57,0,0,0,0,28
2025-05-06 00:57:50.633444,Clear,0.0,52,0,0,0,0,37
2025-05-06 01:57:50.633444,Cloudy,0.0,74,0,0,0,1,28
2025-05-06 02:57:50.633444,Clear,0.0,90,0,0,0,0,26
2025-05-06 03:57:50.633444,Cloudy,0.0,66,0,0,0,0,28
2025-05-06 04:57:50.633444,Rain,6.088998403618016,90,0,0,0,0,39
2025-05-06 05:57:50.633444,Clear,0.0,60,0,0,0,0,27
2025-05-06 06:57:50.633444,Clear,0.0,99,0,0,0,0,29
2025-05-06 07:57:50.633444,Clear,0.0,99,0,0,1,0,33
2025-05-06 08:57:50.633444,Cloudy,0.0,90,0,0,0,0,24
2025-05-06 09:57:50.633444,Cloudy,0.0,69,0,0,0,0,32
2025-05-06 10:57:50.633444,Clear,0.0,58,0,0,0,0,24
2025-05-06 11:57:50.633444,Cloudy,0.0,40,0,0,0,0,32
2025-05-06 12:57:50.633444,Heavy Rain,22.653389945761372,57,0,0,0,0,34
2025-05-06 13:57:50.633444,Clear,0.0,98,0,0,0,0,30
2025-05-06 14:57:50.633444,Clear,0.0,81,0,0,1,0,15
2025-05-06 15:57:50.633444,Clear,0.0,95,0,0,0,0,33
2025-05-06 16:57:50.633444,Clear,0.0,44,0,0,0,0,38
2025-05-06 17:57:50.633444,Clear,0.0,79,0,0,0,0,25
2025-05-06 18:57:50.633444,Clear,0.0,50,0,0,0,0,21
2025-05-06 19:57:50.633444,Clear,0.0,79,0,0,0,0,29
2025-05-06 20:57:50.633444,Rain,4.405688341156922,58,0,0,0,0,24
2025-05-06 21:57:50.633444,Clear,0.0,78,0,0,0,0,27
2025-05-06 22:57:50.633444,Clear,0.0,74,0,0,0,0,23
2025-05-06 23:57:50.633444,Clear,0.0,72,0,0,0,0,21
2025-05-07 00:57:50.633444,Clear,0.0,88,0,0,0,0,34
2025-05-07 01:57:50.633444,Clear,0.0,64,0,0,0,0,31
2025-05-07 02:57:50.633444,Cloudy,0.0,86,0,0,0,0,35
2025-05-07 03:57:50.633444,Clear,0.0,50,0,0,0,0,30
2025-05-07 04:57:50.633444,Clear,0.0,89,0,0,0,0,22
2025-05-07 05:57:50.633444,Clear,0.0,63,0,0,0,0,26
2025-05-07 06:57:50.633444,Cloudy,0.0,90,0,0,0,0,24
2025-05-07 07:57:50.633444,Clear,0.0,93,0,0,1,0,31
2025-05-07 08:57:50.633444,Clear,0.0,94,0,0,0,0,31
2025-05-07 09:57:50.633444,Rain,2.7357905804433384,95,0,0,0,1,23
2025-05-07 10:57:50.633444,Clear,0.0,91,0,0,0,0,29
2025-05-07 11:57:50.633444,Clear,0.0,67,0,0,0,0,25
2025-05-07 12:57:50.633444,Clear,0.0,44,0,0,0,0,26
2025-05-07 13:57:50.633444,Cloudy,0.0,76,0,0,0,0,29
2025-05-07 14:57:50.633444,Rain,7.567272317186427,76,0,0,1,0,25
2025-05-07 15:57:50.633444,Clear,0.0,44,0,0,0,0,29
2025-05-07 16:57:50.633444,Clear,0.0,85,0,0,0,0,24
2025-05-07 17:57:50.633444,Clear,0.0,54,0,0,0,0,30
2025-05-07 18:57:50.633444,Cloudy,0.0,88,0,0,0,0,36
2025-05-07 19:57:50.633444,Clear,0.0,67,0,0,0,0,25
2025-05-07 20:57:50.633444,Clear,0.0,69,0,0,0,0,23
2025-05-07 21:57:50.633444,Clear,0.0,84,0,0,0,0,22
2025-05-07 22:57:50.633444,Clear,0.0,98,0,0,0,0,18
2025-05-07 23:57:50.633444,Clear,0.0,52,0,0,0,0,35
2025-05-08 00:57:50.633444,Cloudy,0.0,50,0,0,0,0,22
2025-05-08 01:57:50.633444,Clear,0.0,96,0,0,0,0,34
2025-05-08 02:57:50.633444,Clear,0.0,90,0,0,0,0,22
2025-05-08 03:57:50.633444,Clear,0.0,97,0,0,0,0,21
2025-05-08 04:57:50.633444,Rain,8.431958498767411,61,0,0,0,0,33
2025-05-08 05:57:50.633444,Clear,0.0,45,0,0,0,0,29
2025-05-08 06:57:50.633444,Clear,0.0,89,0,0,0,0,33
2025-05-08 07:57:50.633444,Clear,0.0,52,0,0,1,0,30
2025-05-08 08:57:50.633444,Clear,0.0,41,0,0,0,0,26
2025-05-08 09:57:50.633444,Clear,0.0,71,0,0,0,0,27
2025-05-08 10:57:50.633444,Clear,0.0,75,0,0,0,0,32
2025-05-08 11:57:50.633444,Clear,0.0,95,0,0,0,0,24
2025-05-08 12:57:50.633444,Clear,0.0,47,0,0,0,0,26
2025-05-08 13:57:50.633444,Cloudy,0.0,64,0,0,0,0,28
2025-05-08 14:57:50.633444,Clear,0.0,49,0,0,1,0,29
2025-05-08 15:57:50.633444,Heavy Rain,21.377461445524823,56,0,0,0,0,37
2025-05-08 16:57:50.633444,Clear,0.0,82,0,0,0,0,29
2025-05-08 17:57:50.633444,Clear,0.0,63,0,0,0,0,26
2025-05-08 18:57:50.633444,Clear,0.0,78,0,0,0,0,32
2025-05-08 19:57:50.633444,Rain,9.36498652274777,75,0,0,0,0,31
2025-05-08 20:57:50.633444,Clear,0.0,92,0,0,0,1,24
2025-05-08 21:57:50.633444,Cloudy,0.0,74,0,0,0,0,26
2025-05-08 22:57:50.633444,Cloudy,0.0,91,0,0,0,0,20
2025-05-08 23:57:50.633444,Clear,0.0,99,0,0,0,0,33
2025-05-09 00:57:50.633444,Clear,0.0,96,0,0,0,0,30
2025-05-09 01:57:50.633444,Cloudy,0.0,93,0,0,0,0,28
2025-05-09 02:57:50.633444,Heavy Rain,35.10964047630409,20,0,0,0,0,27
2025-05-09 03:57:50.633444,Rain,8.746137161421911,60,0,0,0,0,32
2025-05-09 04:57:50.633444,Clear,0.0,43,0,0,0,0,31
2025-05-09 05:57:50.633444,Cloudy,0.0,74,0,0,0,0,33
2025-05-09 06:57:50.633444,Clear,0.0,56,0,0,0,0,29
2025-05-09 07:57:50.633444,Clear,0.0,46,0,0,1,0,32
2025-05-09 08:57:50.633444,Cloudy,0.0,49,0,0,0,0,30
2025-05-09 09:57:50.633444,Clear,0.0,54,0,0,0,0,29
2025-05-09 10:57:50.633444,Cloudy,0.0,44,0,0,0,0,31
2025-05-09 11:57:50.633444,Clear,0.0,56,0,0,0,1,28
2025-05-09 12:57:50.633444,Rain,4.9277379336540506,60,0,0,0,0,30
2025-05-09 13:57:50.633444,Clear,0.0,67,0,0,0,0,31
2025-05-09 14:57:50.633444,Clear,0.0,71,0,0,1,0,26
2025-05-09 15:57:50.633444,Cloudy,0.0,90,0,0,0,0,32
2025-05-09 16:57:50.633444,Clear,0.0,85,0,0,0,0,26
2025-05-09 17:57:50.633444,Clear,0.0,66,0,0,0,0,35
2025-05-09 18:57:50.633444,Heavy Rain,40.89156846255259,65,0,0,0,0,38
2025-05-09 19:57:50.633444,Clear,0.0,88,0,0,0,0,26
2025-05-09 20:57:50.633444,Clear,0.0,75,0,0,0,0,21
2025-05-09 21:57:50.633444,Cloudy,0.0,67,0,0,0,0,36
2025-05-09 22:57:50.633444,Clear,0.0,51,0,0,0,0,22
2025-05-09 23:57:50.633444,Cloudy,0.0,45,0,0,0,0,35
2025-05-10 00:57:50.633444,Clear,0.0,67,0,0,0,0,21
2025-05-10 01:57:50.633444,Clear,0.0,85,0,0,0,0,24
2025-05-10 02:57:50.633444,Clear,0.0,72,0,0,0,0,36
2025-05-10 03:57:50.633444,Clear,0.0,77,0,0,0,0,26
2025-05-10 04:57:50.633444,Rain,8.936515336545046,93,0,0,0,0,20
2025-05-10 05:57:50.633444,Cloudy,0.0,93,0,0,0,0,30
2025-05-10 06:57:50.633444,Clear,0.0,81,0,0,0,0,19
2025-05-10 07:57:50.633444,Clear,0.0,94,0,0,0,0,29
2025-05-10 08:57:50.633444,Clear,0.0,98,0,0,0,0,31
2025-05-10 09:57:50.633444,Clear,0.0,72,0,0,0,0,26
2025-05-10 10:57:50.633444,Clear,0.0,48,0,0,0,0,32
2025-05-10 11:57:50.633444,Rain,3.6957316277188754,44,0,0,0,0,34
2025-05-10 12:57:50.633444,Clear,0.0,66,0,0,0,0,25
2025-05-10 13:57:50.633444,Clear,0.0,77,0,0,0,0,31
2025-05-10 14:57:50.633444,Cloudy,0.0,78,0,0,0,0,23
2025-05-10 15:57:50.633444,Clear,0.0,74,0,0,0,0,25
2025-05-10 16:57:50.633444,Clear,0.0,92,0,0,0,0,25
2025-05-10 17:57:50.633444,Clear,0.0,98,0,0,0,0,28
2025-05-10 18:57:50.633444,Clear,0.0,70,0,0,0,0,42
2025-05-10 19:57:50.633444,Clear,0.0,90,0,0,0,0,27
2025-05-10 20:57:50.633444,Cloudy,0.0,76,0,0,0,0,31
2025-05-10 21:57:50.633444,Clear,0.0,76,0,0,0,0,31
2025-05-10 22:57:50.633444,Clear,0.0,51,0,0,0,0,37
2025-05-10 23:57:50.633444,Heavy Rain,26.274006398155244,24,0,0,0,0,18
2025-05-11 00:57:50.633444,Cloudy,0.0,49,0,0,0,0,30
2025-05-11 01:57:50.633444,Rain,5.217704399864712,45,0,0,0,0,19
2025-05-11 02:57:50.633444,Cloudy,0.0,74,0,0,0,0,23
2025-05-11 03:57:50.633444,Clear,0.0,54,0,0,0,0,32
2025-05-11 04:57:50.633444,Clear,0.0,56,0,0,0,0,23
2025-05-11 05:57:50.633444,Clear,0.0,46,0,0,0,0,18
2025-05-11 06:57:50.633444,Clear,0.0,57,0,0,0,0,26
2025-05-11 07:57:50.633444,Cloudy,0.0,48,0,0,0,0,29
2025-05-11 08:57:50.633444,Clear,0.0,65,0,0,0,0,40
2025-05-11 09:57:50.633444,Clear,0.0,74,0,0,0,0,33
2025-05-11 10:57:50.633444,Clear,0.0,94,0,0,0,0,17
2025-05-11 11:57:50.633444,Clear,0.0,73,0,0,0,0,36
2025-05-11 12:57:50.633444,Rain,3.4740125588832163,74,0,0,0,0,28
2025-05-11 13:57:50.633444,Clear,0.0,49,0,0,0,0,26
2025-05-11 14:57:50.633444,Cloudy,0.0,62,0,0,0,0,26
2025-05-11 15:57:50.633444,Clear,0.0,61,0,0,0,0,28
2025-05-11 16:57:50.633444,Rain,4.223344487440349,60,0,0,0,0,26
2025-05-11 17:57:50.633444,Cloudy,0.0,69,0,0,0,0,30
2025-05-11 18:57:50.633444,Clear,0.0,84,0,0,0,0,27
2025-05-11 19:57:50.633444,Cloudy,0.0,69,0,0,0,0,24
2025-05-11 20:57:50.633444,Clear,0.0,77,0,0,0,0,27
2025-05-11 21:57:50.633444,Clear,0.0,89,0,0,0,0,35
2025-05-11 22:57:50.633444,Clear,0.0,61,0,0,0,0,36
2025-05-11 23:57:50.633444,Clear,0.0,58,0,0,0,0,33
2025-05-12 00:57:50.633444,Clear,0.0,65,0,0,0,0,22
2025-05-12 01:57:50.633444,Clear,0.0,43,0,0,0,0,32
2025-05-12 02:57:50.633444,Rain,8.836624677971997,44,0,0,0,0,27
2025-05-12 03:57:50.633444,Clear,0.0,77,0,0,0,0,29
2025-05-12 04:57:50.633444,Rain,7.0384907995159605,82,0,0,0,0,27
2025-05-12 05:57:50.633444,Clear,0.0,60,0,0,0,0,25
2025-05-12 06:57:50.633444,Clear,0.0,79,0,0,0,0,31
2025-05-12 07:57:50.633444,Heavy Rain,23.670878269348492,50,0,0,1,0,25
2025-05-12 08:57:50.633444,Clear,0.0,86,0,0,0,0,27
2025-05-12 09:57:50.633444,Clear,0.0,41,0,0,0,0,28
2025-05-12 10:57:50.633444,Clear,0.0,82,0,0,0,0,32
2025-05-12 11:57:50.633444,Clear,0.0,43,0,0,0,0,35
2025-05-12 12:57:50.633444,Cloudy,0.0,76,0,0,0,0,26
2025-05-12 13:57:50.633444,Cloudy,0.0,85,0,0,0,0,34
2025-05-12 14:57:50.633444,Clear,0.0,79,0,0,1,0,35
2025-05-12 15:57:50.633444,Clear,0.0,93,0,0,0,0,34
2025-05-12 16:57:50.633444,Cloudy,0.0,47,0,0,0,0,30
2025-05-12 17:57:50.633444,Clear,0.0,52,0,0,0,0,32
2025-05-12 18:57:50.633444,Clear,0.0,59,0,0,0,0,30
2025-05-12 19:57:50.633444,Clear,0.0,97,0,0,0,0,33
2025-05-12 20:57:50.633444,Clear,0.0,81,0,0,0,0,24
2025-05-12 21:57:50.633444,Heavy Rain,26.921545580723926,41,0,0,0,0,37
2025-05-12 22:57:50.633444,Clear,0.0,63,0,0,0,0,27
2025-05-12 23:57:50.633444,Cloudy,0.0,66,0,0,0,0,44
2025-05-13 00:57:50.633444,Clear,0.0,68,0,0,0,0,23
2025-05-13 01:57:50.633444,Rain,2.150116941646978,66,0,0,0,0,31
2025-05-13 02:57:50.633444,Cloudy,0.0,97,0,0,0,0,35
2025-05-13 03:57:50.633444,Cloudy,0.0,61,0,0,0,0,31
2025-05-13 04:57:50.633444,Clear,0.0,92,0,0,0,0,28
2025-05-13 05:57:50.633444,Clear,0.0,86,0,0,0,0,26
2025-05-13 06:57:50.633444,Clear,0.0,52,0,0,0,0,29
2025-05-13 07:57:50.633444,Clear,0.0,86,0,0,1,0,21
2025-05-13 08:57:50.633444,Clear,0.0,52,0,0,0,0,33
2025-05-13 09:57:50.633444,Clear,0.0,46,0,0,0,0,31
2025-05-13 10:57:50.633444,Clear,0.0,52,0,0,0,0,31
2025-05-13 11:57:50.633444,Clear,0.0,63,0,0,0,0,31
2025-05-13 12:57:50.633444,Clear,0.0,93,0,0,0,0,32
2025-05-13 13:57:50.633444,Clear,0.0,47,0,0,0,0,28
2025-05-13 14:57:50.633444,Rain,8.629095402616972,56,0,0,1,0,35
2025-05-13 15:57:50.633444,Cloudy,0.0,64,0,0,0,0,22
2025-05-13 16:57:50.633444,Clear,0.0,54,0,0,0,0,24
2025-05-13 17:57:50.633444,Clear,0.0,45,0,0,0,0,23
2025-05-13 18:57:50.633444,Clear,0.0,43,0,0,0,0,35
2025-05-13 19:57:50.633444,Clear,0.0,99,0,0,0,0,32
2025-05-13 20:57:50.633444,Rain,5.549523823400929,92,0,0,0,0,35
2025-05-13 21:57:50.633444,Rain,3.193275693410354,89,0,0,0,0,28
2025-05-13 22:57:50.633444,Cloudy,0.0,68,0,0,0,0,25
2025-05-13 23:57:50.633444,Clear,0.0,40,0,0,0,0,25
2025-05-14 00:57:50.633444,Clear,0.0,81,0,0,0,0,21
2025-05-14 01:57:50.633444,Cloudy,0.0,61,0,0,0,0,40
2025-05-14 02:57:50.633444,Clear,0.0,71,0,0,0,0,28
2025-05-14 03:57:50.633444,Cloudy,0.0,43,0,0,0,0,27
2025-05-14 04:57:50.633444,Clear,0.0,57,0,0,0,0,30
2025-05-14 05:57:50.633444,Clear,0.0,61,0,0,0,0,22
2025-05-14 06:57:50.633444,Clear,0.0,77,0,0,0,0,29
2025-05-14 07:57:50.633444,Heavy Rain,44.45914109497143,44,0,0,1,0,34
2025-05-14 08:57:50.633444,Clear,0.0,44,0,0,0,0,24
2025-05-14 09:57:50.633444,Clear,0.0,71,0,0,0,0,26
2025-05-14 10:57:50.633444,Clear,0.0,64,0,0,0,0,17
2025-05-14 11:57:50.633444,Cloudy,0.0,95,0,0,0,0,29
2025-05-14 12:57:50.633444,Clear,0.0,41,0,0,0,0,27
2025-05-14 13:57:50.633444,Cloudy,0.0,88,0,0,0,0,30
2025-05-14 14:57:50.633444,Cloudy,0.0,93,0,0,1,0,25
2025-05-14 15:57:50.633444,Clear,0.0,73,0,0,0,0,21
2025-05-14 16:57:50.633444,Cloudy,0.0,99,0,0,0,0,22
2025-05-14 17:57:50.633444,Rain,2.913991158241882,56,0,0,0,0,31
2025-05-14 18:57:50.633444,Cloudy,0.0,82,0,0,0,0,24
2025-05-14 19:57:50.633444,Clear,0.0,69,0,0,0,0,18
2025-05-14 20:57:50.633444,Rain,7.759699488868002,78,0,0,0,0,23
2025-05-14 21:57:50.633444,Rain,4.2186594688414445,76,0,0,0,0,33
2025-05-14 22:57:50.633444,Clear,0.0,97,0,0,0,0,28
2025-05-14 23:57:50.633444,Clear,0.0,63,0,0,0,0,24
2025-05-15 00:57:50.633444,Cloudy,0.0,53,0,0,0,0,26
2025-05-15 01:57:50.633444,Heavy Rain,46.61888919576528,21,0,0,0,0,24
2025-05-15 02:57:50.633444,Cloudy,0.0,58,0,0,0,0,29
2025-05-15 03:57:50.633444,Clear,0.0,97,0,0,0,0,30
2025-05-15 04:57:50.633444,Clear,0.0,72,0,0,0,0,41
2025-05-15 05:57:50.633444,Clear,0.0,69,0,0,0,0,22
2025-05-15 06:57:50.633444,Clear,0.0,51,0,0,0,0,26
2025-05-15 07:57:50.633444,Clear,0.0,57,0,0,1,0,29
2025-05-15 08:57:50.633444,Clear,0.0,53,0,0,0,0,28
2025-05-15 09:57:50.633444,Clear,0.0,73,0,0,0,0,27
2025-05-15 10:57:50.633444,Clear,0.0,45,0,0,0,0,30
2025-05-15 11:57:50.633444,Rain,6.0423166471292635,97,0,0,0,0,27
2025-05-15 12:57:50.633444,Clear,0.0,83,0,0,0,0,31
2025-05-15 13:57:50.633444,Clear,0.0,65,0,0,0,0,32
2025-05-15 14:57:50.633444,Cloudy,0.0,90,0,0,1,0,26
2025-05-15 15:57:50.633444,Clear,0.0,98,0,0,0,0,27
2025-05-15 16:57:50.633444,Clear,0.0,59,0,0,0,0,26
2025-05-15 17:57:50.633444,Cloudy,0.0,47,0,0,0,0,40
2025-05-15 18:57:50.633444,Cloudy,0.0,51,0,0,0,0,31
2025-05-15 19:57:50.633444,Clear,0.0,69,0,0,0,0,27
2025-05-15 20:57:50.633444,Clear,0.0,64,0,0,0,0,25
2025-05-15 21:57:50.633444,Cloudy,0.0,86,0,0,0,0,35
2025-05-15 22:57:50.633444,Cloudy,0.0,94,0,0,0,0,23
2025-05-15 23:57:50.633444,Clear,0.0,78,0,0,0,0,19
2025-05-16 00:57:50.633444,Clear,0.0,68,0,0,0,0,33
2025-05-16 01:57:50.633444,Clear,0.0,59,0,0,0,0,33
2025-05-16 02:57:50.633444,Cloudy,0.0,67,0,0,0,0,23
2025-05-16 03:57:50.633444,Rain,2.560032395396541,53,0,0,0,0,24
2025-05-16 04:57:50.633444,Clear,0.0,45,0,0,0,0,24
2025-05-16 05:57:50.633444,Clear,0.0,75,0,0,0,0,29
2025-05-16 06:57:50.633444,Cloudy,0.0,63,0,0,0,0,24
2025-05-16 07:57:50.633444,Clear,0.0,51,0,0,1,0,35
2025-05-16 08:57:50.633444,Clear,0.0,78,0,0,0,0,23
2025-05-16 09:57:50.633444,Clear,0.0,43,0,0,0,0,25
2025-05-16 10:57:50.633444,Cloudy,0.0,50,0,0,0,0,25
2025-05-16 11:57:50.633444,Clear,0.0,94,0,0,0,0,36
2025-05-16 12:57:50.633444,Clear,0.0,49,0,0,0,0,21
2025-05-16 13:57:50.633444,Cloudy,0.0,61,0,0,0,0,22
2025-05-16 14:57:50.633444,Clear,0.0,53,0,0,1,0,24
2025-05-16 15:57:50.633444,Rain,3.7304501466803615,97,0,0,0,0,21
2025-05-16 16:57:50.633444,Heavy Rain,42.55335111001869,47,0,0,0,0,29
2025-05-16 17:57:50.633444,Clear,0.0,75,0,0,0,0,25
2025-05-16 18:57:50.633444,Clear,0.0,71,0,0,0,0,24
2025-05-16 19:57:50.633444,Clear,0.0,48,0,0,0,0,23
2025-05-16 20:57:50.633444,Clear,0.0,51,0,0,0,0,31
2025-05-16 21:57:50.633444,Clear,0.0,83,0,0,0,0,26
2025-05-16 22:57:50.633444,Clear,0.0,91,0,0,0,0,29
2025-05-16 23:57:50.633444,Clear,0.0,64,0,0,0,0,28
2025-05-17 00:57:50.633444,Clear,0.0,74,0,0,0,0,30
2025-05-17 01:57:50.633444,Clear,0.0,87,0,0,0,0,20
2025-05-17 02:57:50.633444,Clear,0.0,59,0,0,0,0,25
2025-05-17 03:57:50.633444,Clear,0.0,69,0,0,0,0,28
2025-05-17 04:57:50.633444,Rain,3.7407403354813047,93,0,0,0,0,23
2025-05-17 05:57:50.633444,Clear,0.0,59,0,0,0,0,32
2025-05-17 06:57:50.633444,Clear,0.0,44,0,0,0,0,29
2025-05-17 07:57:50.633444,Clear,0.0,79,0,0,0,0,30
2025-05-17 08:57:50.633444,Clear,0.0,88,0,0,0,0,29
2025-05-17 09:57:50.633444,Clear,0.0,71,0,0,0,0,24
2025-05-17 10:57:50.633444,Heavy Rain,39.94875439488541,48,0,0,0,0,17
2025-05-17 11:57:50.633444,Clear,0.0,59,0,0,0,0,30
2025-05-17 12:57:50.633444,Clear,0.0,61,0,0,0,0,21
2025-05-17 13:57:50.633444,Clear,0.0,81,0,0,0,0,26
2025-05-17 14:57:50.633444,Cloudy,0.0,63,0,0,0,0,28
2025-05-17 15:57:50.633444,Rain,7.1719887388734795,68,0,0,0,0,28
2025-05-17 16:57:50.633444,Clear,0.0,57,0,0,0,0,33
2025-05-17 17:57:50.633444,Clear,0.0,77,0,0,0,0,28
2025-05-17 18:57:50.633444,Cloudy,0.0,42,0,0,0,0,29
2025-05-17 19:57:50.633444,Clear,0.0,41,0,0,0,0,27
2025-05-17 20:57:50.633444,Cloudy,0.0,98,0,0,0,0,34
2025-05-17 21:57:50.633444,Clear,0.0,45,0,0,0,0,33
2025-05-17 22:57:50.633444,Cloudy,0.0,76,0,0,0,0,25
2025-05-17 23:57:50.633444,Clear,0.0,99,0,0,0,0,25
2025-05-18 00:57:50.633444,Rain,6.583108657558234,41,0,0,0,0,28
2025-05-18 01:57:50.633444,Rain,3.5531158424427076,75,0,0,0,0,22
2025-05-18 02:57:50.633444,Heavy Rain,48.61267643588256,60,0,0,0,0,25
2025-05-18 03:57:50.633444,Clear,0.0,76,0,0,0,0,34
2025-05-18 04:57:50.633444,Rain,2.6423003186675116,55,0,0,0,0,32
2025-05-18 05:57:50.633444,Cloudy,0.0,85,0,0,0,0,39
2025-05-18 06:57:50.633444,Clear,0.0,68,0,0,0,0,33
2025-05-18 07:57:50.633444,Clear,0.0,79,0,0,0,0,33
2025-05-18 08:57:50.633444,Clear,0.0,59,0,0,0,0,34
2025-05-18 09:57:50.633444,Clear,0.0,42,0,0,0,0,24
2025-05-18 10:57:50.633444,Clear,0.0,77,0,0,0,0,25
2025-05-18 11:57:50.633444,Heavy Rain,26.424398096079955,38,0,0,0,0,25
2025-05-18 12:57:50.633444,Cloudy,0.0,78,0,0,0,0,32
2025-05-18 13:57:50.633444,Cloudy,0.0,63,0,0,0,0,35
2025-05-18 14:57:50.633444,Clear,0.0,54,0,0,0,0,25
2025-05-18 15:57:50.633444,Rain,8.840675582393779,90,0,0,0,0,24
2025-05-18 16:57:50.633444,Cloudy,0.0,42,0,0,0,0,26
2025-05-18 17:57:50.633444,Cloudy,0.0,81,0,0,0,0,21
2025-05-18 18:57:50.633444,Clear,0.0,63,0,0,0,0,34
2025-05-18 19:57:50.633444,Rain,2.4743599715815536,48,0,0,0,0,23
2025-05-18 20:57:50.633444,Clear,0.0,86,0,0,0,0,29
2025-05-18 21:57:50.633444,Cloudy,0.0,98,0,0,0,0,27
2025-05-18 22:57:50.633444,Cloudy,0.0,66,0,0,0,0,34
2025-05-18 23:57:50.633444,Heavy Rain,28.45008259275722,16,0,0,0,0,28
2025-05-19 00:57:50.633444,Clear,0.0,48,0,0,0,0,30
2025-05-19 01:57:50.633444,Clear,0.0,43,0,0,0,0,23
2025-05-19 02:57:50.633444,Clear,0.0,56,0,0,0,0,45
2025-05-19 03:57:50.633444,Clear,0.0,83,0,0,0,0,31
2025-05-19 04:57:50.633444,Clear,0.0,86,0,0,0,0,28
2025-05-19 05:57:50.633444,Clear,0.0,66,0,0,0,0,26
2025-05-19 06:57:50.633444,Rain,8.996391632158858,92,0,0,0,0,35
2025-05-19 07:57:50.633444,Clear,0.0,57,0,0,1,0,28
2025-05-19 08:57:50.633444,Clear,0.0,81,0,0,0,0,27
2025-05-19 09:57:50.633444,Clear,0.0,64,0,0,0,0,30
2025-05-19 10:57:50.633444,Rain,5.035832840528055,46,0,0,0,0,32
2025-05-19 11:57:50.633444,Clear,0.0,66,0,0,0,0,22
2025-05-19 12:57:50.633444,Cloudy,0.0,59,0,0,0,0,23
2025-05-19 13:57:50.633444,Clear,0.0,94,0,0,0,0,27
2025-05-19 14:57:50.633444,Cloudy,0.0,53,0,0,1,0,26
2025-05-19 15:57:50.633444,Cloudy,0.0,44,0,0,0,0,22
2025-05-19 16:57:50.633444,Clear,0.0,44,0,0,0,0,19
2025-05-19 17:57:50.633444,Rain,8.091185974522318,47,0,0,0,0,24
2025-05-19 18:57:50.633444,Clear,0.0,72,0,0,0,0,21
2025-05-19 19:57:50.633444,Clear,0.0,51,0,0,0,0,36
2025-05-19 20:57:50.633444,Clear,0.0,59,0,0,0,0,29
2025-05-19 21:57:50.633444,Cloudy,0.0,63,0,0,0,0,27
2025-05-19 22:57:50.633444,Cloudy,0.0,93,0,0,0,0,28
2025-05-19 23:57:50.633444,Clear,0.0,69,0,0,0,0,30
2025-05-20 00:57:50.633444,Clear,0.0,99,0,0,0,0,19
2025-05-20 01:57:50.633444,Clear,0.0,40,0,0,0,0,29
2025-05-20 02:57:50.633444,Clear,0.0,83,0,0,0,0,24
2025-05-20 03:57:50.633444,Clear,0.0,86,0,0,0,0,28
2025-05-20 04:57:50.633444,Clear,0.0,91,0,0,0,1,31
2025-05-20 05:57:50.633444,Clear,0.0,96,0,0,0,0,25
2025-05-20 06:57:50.633444,Clear,0.0,75,0,0,0,0,26
2025-05-20 07:57:50.633444,Cloudy,0.0,59,0,0,1,0,27
2025-05-20 08:57:50.633444,Clear,0.0,68,0,0,0,0,35
2025-05-20 09:57:50.633444,Clear,0.0,79,0,0,0,1,32
2025-05-20 10:57:50.633444,Rain,9.943812910690873,41,0,0,0,0,24
2025-05-20 11:57:50.633444,Clear,0.0,40,0,0,0,0,27
2025-05-20 12:57:50.633444,Clear,0.0,48,0,0,0,0,26
2025-05-20 13:57:50.633444,Clear,0.0,42,0,0,0,0,26
2025-05-20 14:57:50.633444,Rain,8.57194989730993,42,0,0,1,0,29
2025-05-20 15:57:50.633444,Clear,0.0,74,0,0,0,0,23
2025-05-20 16:57:50.633444,Clear,0.0,91,0,0,0,0,23
2025-05-20 17:57:50.633444,Clear,0.0,77,0,0,0,0,30
2025-05-20 18:57:50.633444,Cloudy,0.0,81,0,0,0,0,32
2025-05-20 19:57:50.633444,Rain,6.173437974783432,77,0,0,0,0,28
2025-05-20 20:57:50.633444,Clear,0.0,50,0,0,0,0,32
2025-05-20 21:57:50.633444,Clear,0.0,89,0,0,0,0,24
2025-05-20 22:57:50.633444,Clear,0.0,86,0,0,0,0,21
2025-05-20 23:57:50.633444,Clear,0.0,85,0,0,0,0,39
2025-05-21 00:57:50.633444,Cloudy,0.0,59,0,0,0,0,27
2025-05-21 01:57:50.633444,Clear,0.0,48,0,0,0,0,25
2025-05-21 02:57:50.633444,Clear,0.0,76,0,0,0,0,26
2025-05-21 03:57:50.633444,Clear,0.0,88,0,0,0,0,25
2025-05-21 04:57:50.633444,Clear,0.0,84,0,0,0,0,26
2025-05-21 05:57:50.633444,Clear,0.0,92,0,0,0,0,22
2025-05-21 06:57:50.633444,Clear,0.0,77,0,0,0,0,25
2025-05-21 07:57:50.633444,Rain,2.6058098666377614,62,0,0,1,0,27
2025-05-21 08:57:50.633444,Cloudy,0.0,50,0,0,0,0,22
2025-05-21 09:57:50.633444,Clear,0.0,63,0,0,0,0,32
2025-05-21 10:57:50.633444,Clear,0.0,74,0,0,0,0,25
2025-05-21 11:57:50.633444,Clear,0.0,51,0,0,0,0,30
2025-05-21 12:57:50.633444,Heavy Rain,38.071141219994665,35,0,0,0,0,29
2025-05-21 13:57:50.633444,Clear,0.0,93,0,0,0,0,22
2025-05-21 14:57:50.633444,Clear,0.0,54,0,0,1,0,21
2025-05-21 15:57:50.633444,Clear,0.0,73,0,0,0,0,28
2025-05-21 16:57:50.633444,Clear,0.0,77,0,0,0,0,36
2025-05-21 17:57:50.633444,Clear,0.0,63,0,0,0,0,22
2025-05-21 18:57:50.633444,Clear,0.0,69,0,0,0,0,28
2025-05-21 19:57:50.633444,Clear,0.0,95,0,0,0,0,25
2025-05-21 20:57:50.633444,Clear,0.0,40,0,0,0,0,25
2025-05-21 21:57:50.633444,Cloudy,0.0,89,0,0,0,0,33
2025-05-21 22:57:50.633444,Clear,0.0,59,0,0,0,0,22
2025-05-21 23:57:50.633444,Cloudy,0.0,91,0,0,0,0,25
2025-05-22 00:57:50.633444,Cloudy,0.0,45,0,0,0,0,26
2025-05-22 01:57:50.633444,Cloudy,0.0,79,0,0,0,0,28
2025-05-22 02:57:50.633444,Clear,0.0,47,0,0,0,0,34
2025-05-22 03:57:50.633444,Clear,0.0,74,0,0,0,0,29
2025-05-22 04:57:50.633444,Cloudy,0.0,63,0,0,0,0,29
2025-05-22 05:57:50.633444,Clear,0.0,95,0,0,0,0,30
2025-05-22 06:57:50.633444,Cloudy,0.0,40,0,0,0,0,23
2025-05-22 07:57:50.633444,Cloudy,0.0,47,0,0,1,0,29
2025-05-22 08:57:50.633444,Clear,0.0,61,0,0,0,0,28
2025-05-22 09:57:50.633444,Clear,0.0,85,0,0,0,0,25
2025-05-22 10:57:50.633444,Rain,2.233958066981682,82,0,0,0,0,27
2025-05-22 11:57:50.633444,Heavy Rain,30.940671691401676,38,0,0,0,0,33
2025-05-22 12:57:50.633444,Clear,0.0,96,0,0,0,0,36
2025-05-22 13:57:50.633444,Clear,0.0,91,0,0,0,0,14
2025-05-22 14:57:50.633444,Rain,5.68563427395928,55,0,0,1,0,23
2025-05-22 15:57:50.633444,Clear,0.0,47,0,0,0,0,27
2025-05-22 16:57:50.633444,Clear,0.0,96,0,0,0,0,36
2025-05-22 17:57:50.633444,Rain,8.015660432205163,66,0,0,0,0,23
2025-05-22 18:57:50.633444,Rain,6.221257987763323,82,0,0,0,0,28
2025-05-22 19:57:50.633444,Clear,0.0,66,0,0,0,0,30
2025-05-22 20:57:50.633444,Rain,9.472957504554419,51,0,0,0,0,23
2025-05-22 21:57:50.633444,Clear,0.0,63,0,0,0,0,27
2025-05-22 22:57:50.633444,Clear,0.0,97,0,0,0,0,31
2025-05-22 23:57:50.633444,Clear,0.0,96,0,0,0,0,25
2025-05-23 00:57:50.633444,Clear,0.0,95,0,0,0,0,35
2025-05-23 01:57:50.633444,Clear,0.0,98,0,0,0,0,26
2025-05-23 02:57:50.633444,Clear,0.0,80,0,0,0,0,27
2025-05-23 03:57:50.633444,Clear,0.0,89,0,0,0,0,35
2025-05-23 04:57:50.633444,Cloudy,0.0,47,0,0,0,0,28
2025-05-23 05:57:50.633444,Clear,0.0,62,0,0,0,0,27
2025-05-23 06:57:50.633444,Clear,0.0,46,0,0,0,0,21
2025-05-23 07:57:50.633444,Clear,0.0,71,0,0,1,0,24
2025-05-23 08:57:50.633444,Cloudy,0.0,83,0,0,0,0,20
2025-05-23 09:57:50.633444,Cloudy,0.0,87,0,0,0,0,21
2025-05-23 10:57:50.633444,Cloudy,0.0,54,0,0,0,0,28
2025-05-23 11:57:50.633444,Cloudy,0.0,50,0,0,0,0,27
2025-05-23 12:57:50.633444,Clear,0.0,52,0,0,0,0,24
2025-05-23 13:57:50.633444,Cloudy,0.0,45,0,0,0,0,27
2025-05-23 14:57:50.633444,Clear,0.0,79,0,0,1,0,25
2025-05-23 15:57:50.633444,Clear,0.0,94,0,0,0,0,24
2025-05-23 16:57:50.633444,Cloudy,0.0,85,0,0,0,0,39
2025-05-23 17:57:50.633444,Clear,0.0,99,0,0,0,0,30
2025-05-23 18:57:50.633444,Clear,0.0,76,0,0,0,0,30
2025-05-23 19:57:50.633444,Cloudy,0.0,73,0,0,0,0,25
2025-05-23 20:57:50.633444,Cloudy,0.0,76,0,0,0,0,25
2025-05-23 21:57:50.633444,Clear,0.0,75,0,0,0,0,31
2025-05-23 22:57:50.633444,Clear,0.0,99,0,0,0,0,22
2025-05-23 23:57:50.633444,Clear,0.0,41,0,0,0,0,28
2025-05-24 00:57:50.633444,Cloudy,0.0,43,0,0,0,0,37
2025-05-24 01:57:50.633444,Cloudy,0.0,76,0,0,0,0,31
2025-05-24 02:57:50.633444,Clear,0.0,83,0,0,0,0,24
2025-05-24 03:57:50.633444,Clear,0.0,99,0,0,0,0,35
2025-05-24 04:57:50.633444,Clear,0.0,75,0,0,0,0,32
2025-05-24 05:57:50.633444,Cloudy,0.0,90,0,0,0,0,28
2025-05-24 06:57:50.633444,Clear,0.0,55,0,0,0,0,34
2025-05-24 07:57:50.633444,Cloudy,0.0,41,0,0,0,0,29
2025-05-24 08:57:50.633444,Clear,0.0,97,0,0,0,0,33
2025-05-24 09:57:50.633444,Clear,0.0,74,0,0,0,0,27
2025-05-24 10:57:50.633444,Cloudy,0.0,97,0,0,0,0,31
2025-05-24 11:57:50.633444,Clear,0.0,57,0,0,0,0,35
2025-05-24 12:57:50.633444,Cloudy,0.0,83,0,0,0,0,20
2025-05-24 13:57:50.633444,Clear,0.0,76,0,0,0,0,18
2025-05-24 14:57:50.633444,Clear,0.0,92,0,0,0,0,26
2025-05-24 15:57:50.633444,Clear,0.0,72,0,0,0,0,26
2025-05-24 16:57:50.633444,Rain,4.7618382783036655,55,0,0,0,0,23
2025-05-24 17:57:50.633444,Clear,0.0,97,0,0,0,0,23
2025-05-24 18:57:50.633444,Clear,0.0,55,0,0,0,0,33
2025-05-24 19:57:50.633444,Clear,0.0,60,0,0,0,0,23
2025-05-24 20:57:50.633444,Clear,0.0,87,0,0,0,0,26
2025-05-24 21:57:50.633444,Clear,0.0,78,0,0,0,0,27
2025-05-24 22:57:50.633444,Clear,0.0,89,0,0,0,0,20
2025-05-24 23:57:50.633444,Cloudy,0.0,61,0,0,0,0,29
2025-05-25 00:57:50.633444,Clear,0.0,48,0,0,0,0,25
2025-05-25 01:57:50.633444,Cloudy,0.0,63,0,0,0,0,25
2025-05-25 02:57:50.633444,Clear,0.0,69,0,0,0,0,29
2025-05-25 03:57:50.633444,Clear,0.0,96,0,0,0,0,25
2025-05-25 04:57:50.633444,Heavy Rain,44.07297543502841,50,0,0,0,0,33
2025-05-25 05:57:50.633444,Rain,2.377221030380473,95,0,0,0,0,29
2025-05-25 06:57:50.633444,Clear,0.0,99,0,0,0,0,32
2025-05-25 07:57:50.633444,Clear,0.0,82,0,0,0,0,31
2025-05-25 08:57:50.633444,Clear,0.0,90,0,0,0,0,29
2025-05-25 09:57:50.633444,Clear,0.0,97,0,0,0,0,30
2025-05-25 10:57:50.633444,Clear,0.0,95,0,0,0,0,28
2025-05-25 11:57:50.633444,Clear,0.0,81,0,0,0,0,27
2025-05-25 12:57:50.633444,Clear,0.0,53,0,0,0,0,21
2025-05-25 13:57:50.633444,Clear,0.0,86,0,0,0,0,21
2025-05-25 14:57:50.633444,Heavy Rain,14.437803928015462,35,0,0,0,0,32
2025-05-25 15:57:50.633444,Clear,0.0,51,0,0,0,0,28
2025-05-25 16:57:50.633444,Clear,0.0,79,0,0,0,0,30
2025-05-25 17:57:50.633444,Clear,0.0,52,0,0,0,0,25
2025-05-25 18:57:50.633444,Clear,0.0,87,0,0,0,0,34
2025-05-25 19:57:50.633444,Clear,0.0,42,0,0,0,0,28
2025-05-25 20:57:50.633444,Clear,0.0,80,0,0,0,0,38
2025-05-25 21:57:50.633444,Clear,0.0,87,0,0,0,1,24
2025-05-25 22:57:50.633444,Clear,0.0,66,0,0,0,0,35
2025-05-25 23:57:50.633444,Cloudy,0.0,77,0,0,0,0,31
2025-05-26 00:57:50.633444,Clear,0.0,66,0,0,0,0,24
2025-05-26 01:57:50.633444,Rain,7.9184344128108295,74,0,0,0,0,34
2025-05-26 02:57:50.633444,Clear,0.0,82,0,0,0,0,30
2025-05-26 03:57:50.633444,Cloudy,0.0,47,0,0,0,0,24
2025-05-26 04:57:50.633444,Clear,0.0,81,0,0,0,0,22
2025-05-26 05:57:50.633444,Clear,0.0,80,0,0,0,0,25
2025-05-26 06:57:50.633444,Clear,0.0,87,0,0,0,0,24
2025-05-26 07:57:50.633444,Cloudy,0.0,79,0,0,1,0,25
2025-05-26 08:57:50.633444,Clear,0.0,95,0,0,0,0,34
2025-05-26 09:57:50.633444,Clear,0.0,88,0,0,0,0,22
2025-05-26 10:57:50.633444,Clear,0.0,90,0,0,0,0,25
2025-05-26 11:57:50.633444,Cloudy,0.0,81,0,0,0,0,31
2025-05-26 12:57:50.633444,Clear,0.0,60,0,0,0,0,11
2025-05-26 13:57:50.633444,Clear,0.0,75,0,0,0,0,33
2025-05-26 14:57:50.633444,Clear,0.0,70,0,0,1,0,29
2025-05-26 15:57:50.633444,Cloudy,0.0,93,0,0,0,0,26
2025-05-26 16:57:50.633444,Cloudy,0.0,92,0,0,0,0,26
2025-05-26 17:57:50.633444,Cloudy,0.0,75,0,0,0,0,31
2025-05-26 18:57:50.633444,Clear,0.0,85,0,0,0,0,30
2025-05-26 19:57:50.633444,Cloudy,0.0,62,0,0,0,0,30
2025-05-26 20:57:50.633444,Cloudy,0.0,47,0,0,0,0,31
2025-05-26 21:57:50.633444,Cloudy,0.0,48,0,0,0,0,28
2025-05-26 22:57:50.633444,Cloudy,0.0,40,0,0,0,0,27
2025-05-26 23:57:50.633444,Cloudy,0.0,78,0,0,0,0,28
2025-05-27 00:57:50.633444,Clear,0.0,72,0,0,0,0,23
2025-05-27 01:57:50.633444,Clear,0.0,84,0,0,0,0,34
2025-05-27 02:57:50.633444,Clear,0.0,99,0,0,0,0,30
2025-05-27 03:57:50.633444,Cloudy,0.0,71,0,0,0,0,27
2025-05-27 04:57:50.633444,Cloudy,0.0,83,0,0,0,0,25
2025-05-27 05:57:50.633444,Clear,0.0,55,0,0,0,0,33
2025-05-27 06:57:50.633444,Clear,0.0,65,0,0,0,0,26
2025-05-27 07:57:50.633444,Cloudy,0.0,80,0,0,1,0,25
2025-05-27 08:57:50.633444,Cloudy,0.0,98,0,0,0,0,18
2025-05-27 09:57:50.633444,Clear,0.0,98,0,0,0,0,26
2025-05-27 10:57:50.633444,Cloudy,0.0,78,0,0,0,0,27
2025-05-27 11:57:50.633444,Cloudy,0.0,64,0,0,0,0,24
2025-05-27 12:57:50.633444,Clear,0.0,90,0,0,0,0,22
2025-05-27 13:57:50.633444,Cloudy,0.0,67,0,0,0,0,33
2025-05-27 14:57:50.633444,Cloudy,0.0,96,0,0,1,0,20
2025-05-27 15:57:50.633444,Clear,0.0,80,0,0,0,0,31
2025-05-27 16:57:50.633444,Clear,0.0,96,0,0,0,0,32
2025-05-27 17:57:50.633444,Cloudy,0.0,63,0,0,0,0,30
2025-05-27 18:57:50.633444,Clear,0.0,61,0,0,0,0,25
2025-05-27 19:57:50.633444,Cloudy,0.0,85,0,0,0,0,29
2025-05-27 20:57:50.633444,Clear,0.0,59,0,0,0,0,29
2025-05-27 21:57:50.633444,Clear,0.0,69,0,0,0,0,26
2025-05-27 22:57:50.633444,Clear,0.0,51,0,0,0,0,26
2025-05-27 23:57:50.633444,Clear,0.0,43,0,0,0,0,25
2025-05-28 00:57:50.633444,Clear,0.0,83,0,0,0,0,23
2025-05-28 01:57:50.633444,Clear,0.0,97,0,0,0,0,28
2025-05-28 02:57:50.633444,Clear,0.0,86,0,0,0,0,35
2025-05-28 03:57:50.633444,Clear,0.0,62,0,0,0,0,32
2025-05-28 04:57:50.633444,Clear,0.0,47,0,0,0,0,24
2025-05-28 05:57:50.633444,Clear,0.0,55,0,0,0,1,28
2025-05-28 06:57:50.633444,Clear,0.0,41,0,0,0,0,23
2025-05-28 07:57:50.633444,Clear,0.0,79,0,0,1,0,20
2025-05-28 08:57:50.633444,Heavy Rain,46.23956006672835,64,0,0,0,0,34
2025-05-28 09:57:50.633444,Clear,0.0,97,0,0,0,0,33
2025-05-28 10:57:50.633444,Cloudy,0.0,90,0,0,0,0,34
2025-05-28 11:57:50.633444,Cloudy,0.0,78,0,0,0,0,32
2025-05-28 12:57:50.633444,Clear,0.0,56,0,0,0,0,36
2025-05-28 13:57:50.633444,Clear,0.0,52,0,0,0,0,35
2025-05-28 14:57:50.633444,Clear,0.0,62,0,0,1,0,23
2025-05-28 15:57:50.633444,Cloudy,0.0,56,0,0,0,0,30
2025-05-28 16:57:50.633444,Clear,0.0,46,0,0,0,0,32
2025-05-28 17:57:50.633444,Clear,0.0,81,0,0,0,0,35
2025-05-28 18:57:50.633444,Rain,2.962960366473669,70,0,0,0,0,28
2025-05-28 19:57:50.633444,Clear,0.0,65,0,0,0,0,25
2025-05-28 20:57:50.633444,Clear,0.0,47,0,0,0,0,29
2025-05-28 21:57:50.633444,Cloudy,0.0,71,0,0,0,0,30
2025-05-28 22:57:50.633444,Clear,0.0,56,0,0,0,0,22
2025-05-28 23:57:50.633444,Clear,0.0,97,0,0,0,0,23
2025-05-29 00:57:50.633444,Clear,0.0,82,0,0,0,0,26
2025-05-29 01:57:50.633444,Heavy Rain,21.640000467221867,60,0,0,0,0,34
2025-05-29 02:57:50.633444,Rain,7.495859000147419,55,0,0,0,0,22
2025-05-29 03:57:50.633444,Clear,0.0,93,0,0,0,0,22
2025-05-29 04:57:50.633444,Cloudy,0.0,63,0,0,0,0,31
2025-05-29 05:57:50.633444,Cloudy,0.0,85,0,0,0,0,24
2025-05-29 06:57:50.633444,Clear,0.0,81,0,0,0,0,18
2025-05-29 07:57:50.633444,Clear,0.0,44,0,0,1,0,21
2025-05-29 08:57:50.633444,Rain,9.964721663216467,78,0,0,0,0,24
2025-05-29 09:57:50.633444,Clear,0.0,94,0,0,0,0,31
2025-05-29 10:57:50.633444,Clear,0.0,41,0,0,0,0,23
2025-05-29 11:57:50.633444,Clear,0.0,75,0,0,0,0,25
2025-05-29 12:57:50.633444,Cloudy,0.0,98,0,0,0,0,23
2025-05-29 13:57:50.633444,Cloudy,0.0,65,0,0,0,0,28
2025-05-29 14:57:50.633444,Clear,0.0,80,0,0,1,0,16
2025-05-29 15:57:50.633444,Clear,0.0,51,0,0,0,0,23
2025-05-29 16:57:50.633444,Cloudy,0.0,80,0,0,0,0,34
2025-05-29 17:57:50.633444,Rain,3.0704489573674865,70,0,0,0,0,25
2025-05-29 18:57:50.633444,Clear,0.0,99,0,0,0,0,30
2025-05-29 19:57:50.633444,Cloudy,0.0,98,0,0,0,0,26
2025-05-29 20:57:50.633444,Cloudy,0.0,96,0,0,0,0,24
2025-05-29 21:57:50.633444,Cloudy,0.0,63,0,0,0,0,26
2025-05-29 22:57:50.633444,Clear,0.0,46,0,0,0,0,34
2025-05-29 23:57:50.633444,Clear,0.0,93,0,0,0,0,29
2025-05-30 00:57:50.633444,Cloudy,0.0,73,0,0,0,0,26
2025-05-30 01:57:50.633444,Clear,0.0,57,0,0,0,0,29
2025-05-30 02:57:50.633444,Cloudy,0.0,82,0,0,0,0,21
2025-05-30 03:57:50.633444,Clear,0.0,94,0,0,0,0,31
2025-05-30 04:57:50.633444,Clear,0.0,60,0,0,0,0,27
2025-05-30 05:57:50.633444,Clear,0.0,45,0,0,0,0,27
2025-05-30 06:57:50.633444,Clear,0.0,64,0,0,0,0,26
2025-05-30 07:57:50.633444,Cloudy,0.0,58,0,0,1,0,29
2025-05-30 08:57:50.633444,Heavy Rain,34.22905640626571,46,0,0,0,0,31
2025-05-30 09:57:50.633444,Clear,0.0,59,0,0,0,0,28
2025-05-30 10:57:50.633444,Clear,0.0,59,0,0,0,1,28
2025-05-30 11:57:50.633444,Clear,0.0,91,0,0,0,0,26
2025-05-30 12:57:50.633444,Rain,2.648237011753623,69,0,0,0,0,27
2025-05-30 13:57:50.633444,Cloudy,0.0,79,0,0,0,0,31
2025-05-30 14:57:50.633444,Clear,0.0,66,0,0,1,0,25
2025-05-30 15:57:50.633444,Clear,0.0,82,0,0,0,0,28
2025-05-30 16:57:50.633444,Cloudy,0.0,59,0,0,0,0,24
2025-05-30 17:57:50.633444,Clear,0.0,54,0,0,0,0,35
2025-05-30 18:57:50.633444,Clear,0.0,80,0,0,0,0,31
2025-05-30 19:57:50.633444,Cloudy,0.0,45,0,0,0,0,26
2025-05-30 20:57:50.633444,Clear,0.0,74,0,0,0,0,24
2025-05-30 21:57:50.633444,Cloudy,0.0,65,0,0,0,0,25
2025-05-30 22:57:50.633444,Clear,0.0,59,0,0,0,0,27
2025-05-30 23:57:50.633444,Clear,0.0,96,0,0,0,0,25
2025-05-31 00:57:50.633444,Rain,6.00271430214946,47,0,0,0,0,37
2025-05-31 01:57:50.633444,Clear,0.0,98,0,0,0,0,30
2025-05-31 02:57:50.633444,Rain,9.591931951921952,99,0,0,0,0,24
2025-05-31 03:57:50.633444,Cloudy,0.0,64,0,0,0,0,29
2025-05-31 04:57:50.633444,Clear,0.0,59,0,0,0,0,32
2025-05-31 05:57:50.633444,Clear,0.0,76,0,0,0,0,29
2025-05-31 06:57:50.633444,Rain,2.908836741986944,98,0,0,0,0,31
2025-05-31 07:57:50.633444,Clear,0.0,65,0,0,0,0,22
2025-05-31 08:57:50.633444,Cloudy,0.0,94,0,0,0,0,30
2025-05-31 09:57:50.633444,Clear,0.0,58,0,0,0,0,28
2025-05-31 10:57:50.633444,Heavy Rain,33.13067448171365,65,0,0,0,0,26
2025-05-31 11:57:50.633444,Rain,9.345542393062498,77,0,0,0,0,25
2025-05-31 12:57:50.633444,Rain,4.426803220247247,77,0,0,0,0,30
2025-05-31 13:57:50.633444,Cloudy,0.0,93,0,0,0,0,32
2025-05-31 14:57:50.633444,Clear,0.0,59,0,0,0,0,34
2025-05-31 15:57:50.633444,Cloudy,0.0,91,0,0,0,0,30
2025-05-31 16:57:50.633444,Cloudy,0.0,89,0,0,0,0,26
2025-05-31 17:57:50.633444,Clear,0.0,75,0,0,0,0,33
2025-05-31 18:57:50.633444,Cloudy,0.0,93,0,0,0,0,38
2025-05-31 19:57:50.633444,Clear,0.0,80,0,0,0,0,26
2025-05-31 20:57:50.633444,Heavy Rain,32.759895958465655,37,0,0,0,0,38
2025-05-31 21:57:50.633444,Clear,0.0,75,0,0,0,0,32
2025-05-31 22:57:50.633444,Clear,0.0,79,0,0,0,0,32
2025-05-31 23:57:50.633444,Clear,0.0,43,0,0,0,0,18
2025-06-01 00:57:50.633444,Clear,0.0,42,0,0,0,0,26
2025-06-01 01:57:50.633444,Clear,0.0,61,0,0,0,0,32
2025-06-01 02:57:50.633444,Clear,0.0,83,0,0,0,0,29
2025-06-01 03:57:50.633444,Cloudy,0.0,84,0,0,0,0,23
2025-06-01 04:57:50.633444,Cloudy,0.0,59,0,0,0,0,24
2025-06-01 05:57:50.633444,Clear,0.0,93,0,0,0,0,30
2025-06-01 06:57:50.633444,Clear,0.0,97,0,0,0,0,29
2025-06-01 07:57:50.633444,Rain,4.04801054164747,88,0,0,0,0,22
2025-06-01 08:57:50.633444,Clear,0.0,78,0,0,0,0,35
2025-06-01 09:57:50.633444,Clear,0.0,92,0,0,0,0,29
2025-06-01 10:57:50.633444,Clear,0.0,70,0,0,0,0,27
2025-06-01 11:57:50.633444,Cloudy,0.0,49,0,0,0,0,27
2025-06-01 12:57:50.633444,Cloudy,0.0,70,0,0,0,0,27
2025-06-01 13:57:50.633444,Clear,0.0,59,0,0,0,0,23
2025-06-01 14:57:50.633444,Clear,0.0,47,0,0,0,0,30
2025-06-01 15:57:50.633444,Clear,0.0,41,0,0,0,0,28
2025-06-01 16:57:50.633444,Clear,0.0,74,0,0,0,0,21
2025-06-01 17:57:50.633444,Heavy Rain,35.790531314500775,16,0,0,0,0,27
2025-06-01 18:57:50.633444,Heavy Rain,36.014718555990314,64,0,0,0,0,35
2025-06-01 19:57:50.633444,Cloudy,0.0,69,0,0,0,0,25
2025-06-01 20:57:50.633444,Rain,6.931939235381097,82,0,0,0,0,27
2025-06-01 21:57:50.633444,Heavy Rain,30.93509763545243,49,0,0,0,0,31
2025-06-01 22:57:50.633444,Cloudy,0.0,41,0,0,0,0,35
2025-06-01 23:57:50.633444,Heavy Rain,28.145899373096842,26,0,0,0,0,33
2025-06-02 00:57:50.633444,Cloudy,0.0,62,0,0,0,0,29
2025-06-02 01:57:50.633444,Clear,0.0,42,0,0,0,0,34
2025-06-02 02:57:50.633444,Rain,3.757294459342945,87,0,0,0,0,31
2025-06-02 03:57:50.633444,Clear,0.0,79,0,0,0,0,29
2025-06-02 04:57:50.633444,Clear,0.0,74,0,0,0,0,26
2025-06-02 05:57:50.633444,Rain,9.718886110436458,41,0,0,0,0,33
2025-06-02 06:57:50.633444,Cloudy,0.0,89,0,0,0,0,32
2025-06-02 07:57:50.633444,Clear,0.0,61,0,0,1,0,35
2025-06-02 08:57:50.633444,Heavy Rain,14.933028256035858,46,0,0,0,0,28
2025-06-02 09:57:50.633444,Clear,0.0,96,0,0,0,0,33
2025-06-02 10:57:50.633444,Cloudy,0.0,96,0,0,0,0,31
2025-06-02 11:57:50.633444,Clear,0.0,70,0,0,0,0,24
2025-06-02 12:57:50.633444,Cloudy,0.0,82,0,0,0,0,27
2025-06-02 13:57:50.633444,Clear,0.0,92,0,0,0,0,25
2025-06-02 14:57:50.633444,Cloudy,0.0,79,0,0,1,0,31
2025-06-02 15:57:50.633444,Clear,0.0,43,0,0,0,0,38
2025-06-02 16:57:50.633444,Heavy Rain,16.953867450733814,67,0,0,0,0,25
2025-06-02 17:57:50.633444,Clear,0.0,81,0,0,0,0,30
2025-06-02 18:57:50.633444,Cloudy,0.0,46,0,0,0,0,29
2025-06-02 19:57:50.633444,Clear,0.0,88,0,0,0,0,22
2025-06-02 20:57:50.633444,Clear,0.0,89,0,0,0,0,33
2025-06-02 21:57:50.633444,Clear,0.0,92,0,0,0,0,30
2025-06-02 22:57:50.633444,Cloudy,0.0,72,0,0,0,0,34
2025-06-02 23:57:50.633444,Rain,8.34228014329996,84,0,0,0,0,24
2025-06-03 00:57:50.633444,Heavy Rain,27.37011151892301,37,0,0,0,0,35
2025-06-03 01:57:50.633444,Clear,0.0,56,0,0,0,0,23
2025-06-03 02:57:50.633444,Clear,0.0,47,0,0,0,0,29
2025-06-03 03:57:50.633444,Cloudy,0.0,89,0,0,0,0,33
2025-06-03 04:57:50.633444,Cloudy,0.0,47,0,0,0,0,25
2025-06-03 05:57:50.633444,Clear,0.0,94,0,0,0,0,26
2025-06-03 06:57:50.633444,Cloudy,0.0,63,0,0,0,0,32
2025-06-03 07:57:50.633444,Clear,0.0,54,0,0,1,0,27
2025-06-03 08:57:50.633444,Clear,0.0,71,0,0,0,0,25
2025-06-03 09:57:50.633444,Cloudy,0.0,91,0,0,0,0,30
2025-06-03 10:57:50.633444,Clear,0.0,96,0,0,0,0,29
2025-06-03 11:57:50.633444,Clear,0.0,58,0,0,0,0,33
2025-06-03 12:57:50.633444,Clear,0.0,47,0,0,0,0,39
2025-06-03 13:57:50.633444,Rain,3.640551356500337,61,0,0,0,0,14
2025-06-03 14:57:50.633444,Clear,0.0,86,0,0,1,1,25
2025-06-03 15:57:50.633444,Rain,5.179416625353708,97,0,0,0,0,27
2025-06-03 16:57:50.633444,Clear,0.0,80,0,0,0,0,32
2025-06-03 17:57:50.633444,Clear,0.0,49,0,0,0,0,27
2025-06-03 18:57:50.633444,Clear,0.0,86,0,0,0,0,24
2025-06-03 19:57:50.633444,Clear,0.0,90,0,0,0,0,35
2025-06-03 20:57:50.633444,Clear,0.0,45,0,0,0,0,35
2025-06-03 21:57:50.633444,Clear,0.0,51,0,0,0,0,33
2025-06-03 22:57:50.633444,Clear,0.0,46,0,0,0,0,20
2025-06-03 23:57:50.633444,Clear,0.0,69,0,0,0,0,25
2025-06-04 00:57:50.633444,Clear,0.0,50,0,0,0,0,25
2025-06-04 01:57:50.633444,Clear,0.0,47,0,0,0,0,24
2025-06-04 02:57:50.633444,Clear,0.0,95,0,0,0,0,34
2025-06-04 03:57:50.633444,Clear,0.0,62,0,0,0,0,24
2025-06-04 04:57:50.633444,Rain,8.411196834476112,45,0,0,0,0,31
2025-06-04 05:57:50.633444,Clear,0.0,61,0,0,0,0,34
2025-06-04 06:57:50.633444,Cloudy,0.0,81,0,0,0,0,29
2025-06-04 07:57:50.633444,Clear,0.0,75,0,0,1,0,33
2025-06-04 08:57:50.633444,Cloudy,0.0,74,0,0,0,0,34
2025-06-04 09:57:50.633444,Clear,0.0,98,0,0,0,0,28
2025-06-04 10:57:50.633444,Cloudy,0.0,93,0,0,0,0,25
2025-06-04 11:57:50.633444,Cloudy,0.0,61,0,0,0,0,21
2025-06-04 12:57:50.633444,Clear,0.0,67,0,0,0,0,32
2025-06-04 13:57:50.633444,Clear,0.0,77,0,0,0,0,27
2025-06-04 14:57:50.633444,Clear,0.0,44,0,0,1,0,26
2025-06-04 15:57:50.633444,Clear,0.0,81,0,0,0,0,25
2025-06-04 16:57:50.633444,Heavy Rain,22.359695242790707,58,0,0,0,0,22
2025-06-04 17:57:50.633444,Clear,0.0,73,0,0,0,0,23
2025-06-04 18:57:50.633444,Heavy Rain,10.3437709635433,60,0,0,0,0,31
2025-06-04 19:57:50.633444,Clear,0.0,96,0,0,0,0,25
2025-06-04 20:57:50.633444,Clear,0.0,82,0,0,0,0,25
2025-06-04 21:57:50.633444,Clear,0.0,92,0,0,0,0,28
2025-06-04 22:57:50.633444,Clear,0.0,58,0,0,0,0,36
2025-06-04 23:57:50.633444,Clear,0.0,43,0,0,0,0,25
2025-06-05 00:57:50.633444,Clear,0.0,68,0,0,0,0,27
2025-06-05 01:57:50.633444,Clear,0.0,48,0,0,0,0,19
2025-06-05 02:57:50.633444,Cloudy,0.0,41,0,0,0,0,25
2025-06-05 03:57:50.633444,Clear,0.0,76,0,0,0,0,25
2025-06-05 04:57:50.633444,Clear,0.0,56,0,0,0,0,21
2025-06-05 05:57:50.633444,Clear,0.0,75,0,0,0,0,24
2025-06-05 06:57:50.633444,Clear,0.0,73,0,0,0,0,22
2025-06-05 07:57:50.633444,Clear,0.0,78,0,0,1,0,29
2025-06-05 08:57:50.633444,Clear,0.0,53,0,0,0,0,35
2025-06-05 09:57:50.633444,Clear,0.0,81,0,0,0,0,29
2025-06-05 10:57:50.633444,Cloudy,0.0,87,0,0,0,0,38
2025-06-05 11:57:50.633444,Clear,0.0,75,0,0,0,0,24
2025-06-05 12:57:50.633444,Clear,0.0,69,0,0,0,0,25
2025-06-05 13:57:50.633444,Cloudy,0.0,51,0,0,0,0,20
2025-06-05 14:57:50.633444,Clear,0.0,56,0,0,1,0,25
2025-06-05 15:57:50.633444,Rain,6.398956152955269,73,0,0,0,0,30
2025-06-05 16:57:50.633444,Cloudy,0.0,82,0,0,0,0,24
2025-06-05 17:57:50.633444,Rain,2.0676842378638547,65,0,0,0,0,25
2025-06-05 18:57:50.633444,Clear,0.0,48,0,0,0,0,24
2025-06-05 19:57:50.633444,Cloudy,0.0,91,0,0,0,0,14
2025-06-05 20:57:50.633444,Clear,0.0,50,0,0,0,0,21
2025-06-05 21:57:50.633444,Cloudy,0.0,46,0,0,0,0,27
2025-06-05 22:57:50.633444,Clear,0.0,98,0,0,0,0,28
2025-06-05 23:57:50.633444,Cloudy,0.0,96,0,0,0,0,30
2025-06-06 00:57:50.633444,Cloudy,0.0,95,0,0,0,0,17
2025-06-06 01:57:50.633444,Cloudy,0.0,96,0,0,0,0,30
2025-06-06 02:57:50.633444,Clear,0.0,91,0,0,0,0,21
2025-06-06 03:57:50.633444,Cloudy,0.0,59,0,0,0,0,29
2025-06-06 04:57:50.633444,Clear,0.0,55,0,0,0,0,32
2025-06-06 05:57:50.633444,Clear,0.0,81,0,0,0,0,26
2025-06-06 06:57:50.633444,Clear,0.0,70,0,0,0,0,15
2025-06-06 07:57:50.633444,Clear,0.0,86,0,0,1,0,33
2025-06-06 08:57:50.633444,Cloudy,0.0,88,0,0,0,0,34
2025-06-06 09:57:50.633444,Clear,0.0,48,0,0,0,0,23
2025-06-06 10:57:50.633444,Clear,0.0,49,0,0,0,0,20
2025-06-06 11:57:50.633444,Clear,0.0,87,0,0,0,0,23
2025-06-06 12:57:50.633444,Rain,4.732048133058109,40,0,0,0,1,31
2025-06-06 13:57:50.633444,Cloudy,0.0,78,0,0,0,0,35
2025-06-06 14:57:50.633444,Clear,0.0,97,0,0,1,0,24
2025-06-06 15:57:50.633444,Rain,8.131763411005736,83,0,0,0,0,38
2025-06-06 16:57:50.633444,Clear,0.0,73,0,0,0,0,31
2025-06-06 17:57:50.633444,Clear,0.0,71,0,0,0,0,30
2025-06-06 18:57:50.633444,Clear,0.0,63,0,0,0,0,28
2025-06-06 19:57:50.633444,Rain,5.417132346764218,82,0,0,0,0,28
2025-06-06 20:57:50.633444,Clear,0.0,44,0,0,0,0,27
2025-06-06 21:57:50.633444,Cloudy,0.0,84,0,0,0,0,29
2025-06-06 22:57:50.633444,Heavy Rain,38.98066216624501,41,0,0,0,0,22
2025-06-06 23:57:50.633444,Cloudy,0.0,78,0,0,0,0,32
2025-06-07 00:57:50.633444,Clear,0.0,80,0,0,0,0,32
2025-06-07 01:57:50.633444,Heavy Rain,10.741504496231089,46,0,0,0,0,22
2025-06-07 02:57:50.633444,Rain,2.8242570163066256,48,0,0,0,0,28
2025-06-07 03:57:50.633444,Cloudy,0.0,89,0,0,0,0,23
2025-06-07 04:57:50.633444,Clear,0.0,46,0,0,0,0,25
2025-06-07 05:57:50.633444,Clear,0.0,92,0,0,0,0,30
2025-06-07 06:57:50.633444,Clear,0.0,90,0,0,0,0,33
2025-06-07 07:57:50.633444,Clear,0.0,60,0,0,0,0,30
2025-06-07 08:57:50.633444,Cloudy,0.0,42,0,0,0,0,20
2025-06-07 09:57:50.633444,Clear,0.0,56,0,0,0,0,22
2025-06-07 10:57:50.633444,Cloudy,0.0,92,0,0,0,0,26
2025-06-07 11:57:50.633444,Cloudy,0.0,53,0,0,0,0,29
2025-06-07 12:57:50.633444,Clear,0.0,73,0,0,0,0,32
2025-06-07 13:57:50.633444,Clear,0.0,49,0,0,0,0,28
2025-06-07 14:57:50.633444,Clear,0.0,58,0,0,0,0,37
2025-06-07 15:57:50.633444,Clear,0.0,53,0,0,0,0,32
2025-06-07 16:57:50.633444,Clear,0.0,64,0,0,0,0,20
2025-06-07 17:57:50.633444,Clear,0.0,99,0,0,0,0,35
2025-06-07 18:57:50.633444,Rain,2.9859578324820877,50,0,0,0,0,23
2025-06-07 19:57:50.633444,Clear,0.0,71,0,0,0,0,31
2025-06-07 20:57:50.633444,Clear,0.0,66,0,0,0,0,40
2025-06-07 21:57:50.633444,Clear,0.0,67,0,0,0,0,29
2025-06-07 22:57:50.633444,Clear,0.0,67,0,0,0,0,24
2025-06-07 23:57:50.633444,Rain,7.592692745225552,96,0,0,0,0,25
2025-06-08 00:57:50.633444,Clear,0.0,55,0,0,0,0,28
2025-06-08 01:57:50.633444,Rain,3.3721450041413785,40,0,0,0,0,26
2025-06-08 02:57:50.633444,Clear,0.0,63,0,0,0,0,26
2025-06-08 03:57:50.633444,Clear,0.0,94,0,0,0,0,30
2025-06-08 04:57:50.633444,Clear,0.0,98,0,0,0,0,31
2025-06-08 05:57:50.633444,Heavy Rain,43.30886278047557,37,0,0,0,0,22
2025-06-08 06:57:50.633444,Clear,0.0,97,0,0,0,0,32
2025-06-08 07:57:50.633444,Clear,0.0,87,0,0,0,0,28
2025-06-08 08:57:50.633444,Clear,0.0,98,0,0,0,0,40
2025-06-08 09:57:50.633444,Clear,0.0,87,0,0,0,0,31
2025-06-08 10:57:50.633444,Clear,0.0,70,0,0,0,0,24
2025-06-08 11:57:50.633444,Heavy Rain,32.02848532291415,15,0,0,0,0,29
2025-06-08 12:57:50.633444,Cloudy,0.0,85,0,0,0,0,25
2025-06-08 13:57:50.633444,Heavy Rain,46.72721504577805,51,0,0,0,1,38
2025-06-08 14:57:50.633444,Cloudy,0.0,69,0,0,0,0,23
2025-06-08 15:57:50.633444,Clear,0.0,66,0,0,0,0,28
2025-06-08 16:57:50.633444,Clear,0.0,72,0,0,0,0,38
2025-06-08 17:57:50.633444,Cloudy,0.0,74,0,0,0,0,21
2025-06-08 18:57:50.633444,Clear,0.0,68,0,0,0,0,24
2025-06-08 19:57:50.633444,Cloudy,0.0,81,0,0,0,1,26
2025-06-08 20:57:50.633444,Clear,0.0,50,0,0,0,1,31
2025-06-08 21:57:50.633444,Clear,0.0,65,0,0,0,0,15
2025-06-08 22:57:50.633444,Clear,0.0,90,0,0,0,0,29
2025-06-08 23:57:50.633444,Clear,0.0,80,0,0,0,0,23
2025-06-09 00:57:50.633444,Clear,0.0,84,0,0,0,0,24
2025-06-09 01:57:50.633444,Clear,0.0,85,0,0,0,0,23
2025-06-09 02:57:50.633444,Clear,0.0,48,0,0,0,0,22
2025-06-09 03:57:50.633444,Cloudy,0.0,54,0,0,0,0,23
2025-06-09 04:57:50.633444,Clear,0.0,76,0,0,0,0,23
2025-06-09 05:57:50.633444,Rain,7.676970919026255,71,0,0,0,0,30
2025-06-09 06:57:50.633444,Cloudy,0.0,76,0,0,0,0,29
2025-06-09 07:57:50.633444,Rain,2.832656392812158,54,0,0,1,0,28
2025-06-09 08:57:50.633444,Clear,0.0,68,0,0,0,0,28
2025-06-09 09:57:50.633444,Clear,0.0,64,0,0,0,0,26
2025-06-09 10:57:50.633444,Rain,5.582484492744781,63,0,0,0,0,22
2025-06-09 11:57:50.633444,Clear,0.0,72,0,0,0,0,32
2025-06-09 12:57:50.633444,Cloudy,0.0,64,0,0,0,0,22
2025-06-09 13:57:50.633444,Clear,0.0,62,0,0,0,0,33
2025-06-09 14:57:50.633444,Heavy Rain,18.515565767863368,34,0,0,1,0,31
2025-06-09 15:57:50.633444,Cloudy,0.0,66,0,0,0,0,24
2025-06-09 16:57:50.633444,Cloudy,0.0,50,0,0,0,0,31
2025-06-09 17:57:50.633444,Cloudy,0.0,53,0,0,0,0,29
2025-06-09 18:57:50.633444,Cloudy,0.0,62,0,0,0,0,29
2025-06-09 19:57:50.633444,Cloudy,0.0,73,0,0,0,0,23
2025-06-09 20:57:50.633444,Clear,0.0,96,0,0,0,0,29
2025-06-09 21:57:50.633444,Cloudy,0.0,81,0,0,0,0,30
2025-06-09 22:57:50.633444,Cloudy,0.0,43,0,0,0,0,41
2025-06-09 23:57:50.633444,Cloudy,0.0,57,0,0,0,0,29
2025-06-10 00:57:50.633444,Clear,0.0,93,0,0,0,0,34
2025-06-10 01:57:50.633444,Cloudy,0.0,49,0,0,0,0,26
2025-06-10 02:57:50.633444,Clear,0.0,81,0,0,0,0,22
2025-06-10 03:57:50.633444,Rain,4.762781853819466,68,0,0,0,0,31
2025-06-10 04:57:50.633444,Clear,0.0,71,0,0,0,0,27
2025-06-10 05:57:50.633444,Cloudy,0.0,57,0,0,0,0,16
2025-06-10 06:57:50.633444,Clear,0.0,58,0,0,0,0,26
2025-06-10 07:57:50.633444,Heavy Rain,25.92647064136277,64,0,0,1,0,40
2025-06-10 08:57:50.633444,Clear,0.0,50,0,0,0,0,29
2025-06-10 09:57:50.633444,Clear,0.0,47,0,0,0,0,31
2025-06-10 10:57:50.633444,Cloudy,0.0,47,0,0,0,0,32
2025-06-10 11:57:50.633444,Cloudy,0.0,50,0,0,0,0,26
2025-06-10 12:57:50.633444,Cloudy,0.0,93,0,0,0,0,27
2025-06-10 13:57:50.633444,Cloudy,0.0,95,0,0,0,0,27
2025-06-10 14:57:50.633444,Cloudy,0.0,87,0,0,1,0,21
2025-06-10 15:57:50.633444,Clear,0.0,81,0,0,0,0,24
2025-06-10 16:57:50.633444,Cloudy,0.0,82,0,0,0,1,24
2025-06-10 17:57:50.633444,Clear,0.0,53,0,0,0,0,28
2025-06-10 18:57:50.633444,Clear,0.0,63,0,0,0,0,29
2025-06-10 19:57:50.633444,Clear,0.0,95,0,0,0,0,30
2025-06-10 20:57:50.633444,Clear,0.0,52,0,0,0,0,23
2025-06-10 21:57:50.633444,Clear,0.0,86,0,0,0,0,31
2025-06-10 22:57:50.633444,Clear,0.0,58,0,0,0,0,24
2025-06-10 23:57:50.633444,Clear,0.0,41,0,0,0,0,28
2025-06-11 00:57:50.633444,Clear,0.0,50,0,0,0,0,31
2025-06-11 01:57:50.633444,Clear,0.0,94,0,0,0,0,25
2025-06-11 02:57:50.633444,Cloudy,0.0,73,0,0,0,0,31
2025-06-11 03:57:50.633444,Clear,0.0,73,0,0,0,0,27
2025-06-11 04:57:50.633444,Rain,7.12732323433211,87,0,0,0,0,24
2025-06-11 05:57:50.633444,Clear,0.0,89,0,0,0,0,31
2025-06-11 06:57:50.633444,Rain,7.017786508091731,59,0,0,0,0,27
2025-06-11 07:57:50.633444,Clear,0.0,68,0,0,1,0,32
2025-06-11 08:57:50.633444,Cloudy,0.0,92,0,0,0,0,21
2025-06-11 09:57:50.633444,Rain,2.082721046788926,65,0,0,0,0,25
2025-06-11 10:57:50.633444,Clear,0.0,41,0,0,0,0,29
2025-06-11 11:57:50.633444,Clear,0.0,46,0,0,0,0,33
2025-06-11 12:57:50.633444,Clear,0.0,65,0,0,0,0,28
2025-06-11 13:57:50.633444,Cloudy,0.0,52,0,0,0,0,30
2025-06-11 14:57:50.633444,Clear,0.0,41,0,0,1,0,29
2025-06-11 15:57:50.633444,Clear,0.0,57,0,0,0,0,22
2025-06-11 16:57:50.633444,Heavy Rain,47.72666775992194,10,0,0,0,0,34
2025-06-11 17:57:50.633444,Rain,5.236577283330237,88,0,0,0,0,21
2025-06-11 18:57:50.633444,Cloudy,0.0,46,0,0,0,0,22
2025-06-11 19:57:50.633444,Cloudy,0.0,77,0,0,0,0,22
2025-06-11 20:57:50.633444,Clear,0.0,58,0,0,0,0,18
2025-06-11 21:57:50.633444,Clear,0.0,58,0,0,0,0,18
2025-06-11 22:57:50.633444,Cloudy,0.0,84,0,0,0,0,35
2025-06-11 23:57:50.633444,Cloudy,0.0,62,0,0,0,0,26
2025-06-12 00:57:50.633444,Clear,0.0,77,0,0,0,0,29
2025-06-12 01:57:50.633444,Heavy Rain,37.2875271916773,22,0,0,0,0,29
2025-06-12 02:57:50.633444,Clear,0.0,40,0,0,0,0,26
2025-06-12 03:57:50.633444,Clear,0.0,88,0,0,0,0,27
2025-06-12 04:57:50.633444,Clear,0.0,40,0,0,0,0,28
2025-06-12 05:57:50.633444,Clear,0.0,65,0,0,0,0,21
2025-06-12 06:57:50.633444,Rain,6.861931751118949,42,0,0,0,0,21
2025-06-12 07:57:50.633444,Rain,4.16351497606608,40,0,0,1,0,25
2025-06-12 08:57:50.633444,Clear,0.0,43,0,0,0,0,28
2025-06-12 09:57:50.633444,Cloudy,0.0,90,0,0,0,0,27
2025-06-12 10:57:50.633444,Clear,0.0,45,0,0,0,0,22
2025-06-12 11:57:50.633444,Clear,0.0,56,0,0,0,0,22
2025-06-12 12:57:50.633444,Rain,8.115924069370966,50,0,0,0,0,29
2025-06-12 13:57:50.633444,Cloudy,0.0,93,0,0,0,0,28
2025-06-12 14:57:50.633444,Clear,0.0,42,0,0,1,0,28
2025-06-12 15:57:50.633444,Rain,2.6190805489231517,77,0,0,0,0,28
2025-06-12 16:57:50.633444,Cloudy,0.0,98,0,0,0,0,22
2025-06-12 17:57:50.633444,Heavy Rain,17.81311369779409,39,0,0,0,0,27
2025-06-12 18:57:50.633444,Clear,0.0,56,0,0,0,0,32
2025-06-12 19:57:50.633444,Clear,0.0,71,0,0,0,0,28
2025-06-12 20:57:50.633444,Cloudy,0.0,87,0,0,0,0,22
2025-06-12 21:57:50.633444,Cloudy,0.0,62,0,0,0,0,40
2025-06-12 22:57:50.633444,Clear,0.0,95,0,0,0,0,38
2025-06-12 23:57:50.633444,Clear,0.0,93,0,0,0,0,24
2025-06-13 00:57:50.633444,Clear,0.0,92,0,0,0,0,28
2025-06-13 01:57:50.633444,Clear,0.0,43,0,0,0,0,30
2025-06-13 02:57:50.633444,Clear,0.0,44,0,0,0,0,28
2025-06-13 03:57:50.633444,Clear,0.0,92,0,0,0,0,29
2025-06-13 04:57:50.633444,Clear,0.0,68,0,0,0,0,26
2025-06-13 05:57:50.633444,Cloudy,0.0,80,0,0,0,0,26
2025-06-13 06:57:50.633444,Cloudy,0.0,86,0,0,0,0,38
2025-06-13 07:57:50.633444,Rain,5.951346819377381,73,0,0,1,0,24
2025-06-13 08:57:50.633444,Clear,0.0,46,0,0,0,0,24
2025-06-13 09:57:50.633444,Rain,9.007193200980574,83,0,0,0,0,31
2025-06-13 10:57:50.633444,Cloudy,0.0,67,0,0,0,0,23
2025-06-13 11:57:50.633444,Clear,0.0,56,0,0,0,0,31
2025-06-13 12:57:50.633444,Clear,0.0,59,0,0,0,0,38
2025-06-13 13:57:50.633444,Clear,0.0,79,0,0,0,0,27
2025-06-13 14:57:50.633444,Rain,3.7550778738249813,65,0,0,1,0,26
2025-06-13 15:57:50.633444,Cloudy,0.0,70,0,0,0,0,24
2025-06-13 16:57:50.633444,Heavy Rain,13.301187759779785,25,0,0,0,0,29
2025-06-13 17:57:50.633444,Clear,0.0,64,0,0,0,0,25
2025-06-13 18:57:50.633444,Clear,0.0,54,0,0,0,0,26
2025-06-13 19:57:50.633444,Clear,0.0,79,0,0,0,0,27
2025-06-13 20:57:50.633444,Clear,0.0,50,0,0,0,0,21
2025-06-13 21:57:50.633444,Clear,0.0,41,0,0,0,0,32
2025-06-13 22:57:50.633444,Cloudy,0.0,95,0,0,0,0,31
2025-06-13 23:57:50.633444,Clear,0.0,55,0,0,0,0,24
2025-06-14 00:57:50.633444,Rain,5.8633118492982295,71,0,0,0,0,31
2025-06-14 01:57:50.633444,Clear,0.0,71,0,0,0,0,31
2025-06-14 02:57:50.633444,Clear,0.0,97,0,0,0,0,31
2025-06-14 03:57:50.633444,Cloudy,0.0,70,0,0,0,1,34
2025-06-14 04:57:50.633444,Clear,0.0,69,0,0,0,0,25
2025-06-14 05:57:50.633444,Cloudy,0.0,95,0,0,0,0,22
2025-06-14 06:57:50.633444,Clear,0.0,72,0,0,0,0,24
2025-06-14 07:57:50.633444,Rain,4.358233378754134,73,0,0,0,0,34
2025-06-14 08:57:50.633444,Heavy Rain,45.95369071778927,12,0,0,0,0,31
2025-06-14 09:57:50.633444,Rain,2.7788762361601558,81,0,0,0,0,27
2025-06-14 10:57:50.633444,Rain,3.110899883239864,75,0,0,0,0,23
2025-06-14 11:57:50.633444,Clear,0.0,79,0,0,0,0,23
2025-06-14 12:57:50.633444,Cloudy,0.0,47,0,0,0,0,34
2025-06-14 13:57:50.633444,Cloudy,0.0,67,0,0,0,0,28
2025-06-14 14:57:50.633444,Clear,0.0,57,0,0,0,0,24
2025-06-14 15:57:50.633444,Clear,0.0,42,0,0,0,0,21
2025-06-14 16:57:50.633444,Clear,0.0,75,0,0,0,0,32
2025-06-14 17:57:50.633444,Clear,0.0,93,0,0,0,0,19
2025-06-14 18:57:50.633444,Cloudy,0.0,87,0,0,0,0,36
2025-06-14 19:57:50.633444,Heavy Rain,46.656633381843434,59,0,0,0,0,26
2025-06-14 20:57:50.633444,Clear,0.0,53,0,0,0,0,30
2025-06-14 21:57:50.633444,Clear,0.0,82,0,0,0,0,29
2025-06-14 22:57:50.633444,Clear,0.0,67,0,0,0,0,19
2025-06-14 23:57:50.633444,Clear,0.0,98,0,0,0,0,33
2025-06-15 00:57:50.633444,Clear,0.0,57,0,0,0,0,26
2025-06-15 01:57:50.633444,Cloudy,0.0,64,0,0,0,0,24
2025-06-15 02:57:50.633444,Clear,0.0,59,0,0,0,0,33
2025-06-15 03:57:50.633444,Clear,0.0,63,0,0,0,0,33
2025-06-15 04:57:50.633444,Cloudy,0.0,80,0,0,0,0,23
2025-06-15 05:57:50.633444,Clear,0.0,64,0,0,0,0,33
2025-06-15 06:57:50.633444,Cloudy,0.0,40,0,0,0,0,30
2025-06-15 07:57:50.633444,Cloudy,0.0,81,0,0,0,0,28
2025-06-15 08:57:50.633444,Rain,3.1952085531704464,65,0,0,0,1,33
2025-06-15 09:57:50.633444,Rain,5.36407699953789,99,0,0,0,0,24
2025-06-15 10:57:50.633444,Cloudy,0.0,92,0,0,0,0,25
2025-06-15 11:57:50.633444,Clear,0.0,62,0,0,0,0,20
2025-06-15 12:57:50.633444,Cloudy,0.0,75,0,0,0,0,26
2025-06-15 13:57:50.633444,Clear,0.0,61,0,0,0,0,29
2025-06-15 14:57:50.633444,Clear,0.0,47,0,0,0,0,25
2025-06-15 15:57:50.633444,Rain,6.392771737624507,96,0,0,0,0,28
2025-06-15 16:57:50.633444,Clear,0.0,91,0,0,0,0,28
2025-06-15 17:57:50.633444,Cloudy,0.0,82,0,0,0,0,18
2025-06-15 18:57:50.633444,Rain,7.656642923163897,74,0,0,0,0,25
2025-06-15 19:57:50.633444,Clear,0.0,77,0,0,0,0,22
2025-06-15 20:57:50.633444,Cloudy,0.0,46,0,0,0,0,28
2025-06-15 21:57:50.633444,Clear,0.0,53,0,0,0,0,37
2025-06-15 22:57:50.633444,Clear,0.0,41,0,0,0,0,24
2025-06-15 23:57:50.633444,Clear,0.0,79,0,0,0,0,35
2025-06-16 00:57:50.633444,Cloudy,0.0,89,0,0,0,0,30
2025-06-16 01:57:50.633444,Clear,0.0,99,0,0,0,0,27
2025-06-16 02:57:50.633444,Clear,0.0,42,0,0,0,0,30
2025-06-16 03:57:50.633444,Clear,0.0,83,0,0,0,0,39
2025-06-16 04:57:50.633444,Clear,0.0,72,0,0,0,0,34
2025-06-16 05:57:50.633444,Cloudy,0.0,78,0,0,0,0,29
2025-06-16 06:57:50.633444,Heavy Rain,26.790400706186354,18,0,0,0,0,32
2025-06-16 07:57:50.633444,Cloudy,0.0,61,0,0,1,1,29
2025-06-16 08:57:50.633444,Clear,0.0,45,0,0,0,0,23
2025-06-16 09:57:50.633444,Rain,4.303556114153871,64,0,0,0,0,21
2025-06-16 10:57:50.633444,Rain,5.978646829623046,64,0,0,0,0,23
2025-06-16 11:57:50.633444,Heavy Rain,31.021181062840796,24,0,0,0,0,38
2025-06-16 12:57:50.633444,Cloudy,0.0,44,0,0,0,0,31
2025-06-16 13:57:50.633444,Rain,9.245768316190397,45,0,0,0,0,23
2025-06-16 14:57:50.633444,Clear,0.0,59,0,0,1,0,28
2025-06-16 15:57:50.633444,Clear,0.0,51,0,0,0,0,25
2025-06-16 16:57:50.633444,Rain,6.431248138168984,94,0,0,0,0,19
2025-06-16 17:57:50.633444,Rain,7.98087720750564,84,0,0,0,0,33
2025-06-16 18:57:50.633444,Clear,0.0,51,0,0,0,0,31
2025-06-16 19:57:50.633444,Clear,0.0,76,0,0,0,0,24
2025-06-16 20:57:50.633444,Clear,0.0,45,0,0,0,0,28
2025-06-16 21:57:50.633444,Clear,0.0,88,0,0,0,0,32
2025-06-16 22:57:50.633444,Clear,0.0,98,0,0,0,0,32
2025-06-16 23:57:50.633444,Cloudy,0.0,83,0,0,0,0,23
2025-06-17 00:57:50.633444,Cloudy,0.0,40,0,0,0,0,33
2025-06-17 01:57:50.633444,Clear,0.0,50,0,0,0,0,20
2025-06-17 02:57:50.633444,Cloudy,0.0,79,0,0,0,0,29
2025-06-17 03:57:50.633444,Rain,7.851681025860595,70,0,0,0,0,12
2025-06-17 04:57:50.633444,Cloudy,0.0,71,0,0,0,0,33
2025-06-17 05:57:50.633444,Rain,6.499872371889001,92,0,0,0,0,30
2025-06-17 06:57:50.633444,Clear,0.0,66,0,0,0,0,27
2025-06-17 07:57:50.633444,Clear,0.0,40,0,0,1,0,27
2025-06-17 08:57:50.633444,Cloudy,0.0,96,0,0,0,0,32
2025-06-17 09:57:50.633444,Clear,0.0,48,0,0,0,0,23
2025-06-17 10:57:50.633444,Clear,0.0,96,0,0,0,0,22
2025-06-17 11:57:50.633444,Clear,0.0,72,0,0,0,1,18
2025-06-17 12:57:50.633444,Clear,0.0,80,0,0,0,0,21
2025-06-17 13:57:50.633444,Clear,0.0,61,0,0,0,0,21
2025-06-17 14:57:50.633444,Heavy Rain,15.258670701081027,47,0,0,1,0,31
2025-06-17 15:57:50.633444,Cloudy,0.0,65,0,0,0,0,27
2025-06-17 16:57:50.633444,Clear,0.0,77,0,0,0,0,31
2025-06-17 17:57:50.633444,Cloudy,0.0,61,0,0,0,0,27
2025-06-17 18:57:50.633444,Clear,0.0,70,0,0,0,1,26
2025-06-17 19:57:50.633444,Clear,0.0,78,0,0,0,0,28
2025-06-17 20:57:50.633444,Cloudy,0.0,41,0,0,0,0,34
2025-06-17 21:57:50.633444,Clear,0.0,65,0,0,0,0,23
2025-06-17 22:57:50.633444,Clear,0.0,68,0,0,0,0,23
2025-06-17 23:57:50.633444,Clear,0.0,81,0,0,0,0,26
2025-06-18 00:57:50.633444,Cloudy,0.0,87,0,0,0,0,29
2025-06-18 01:57:50.633444,Clear,0.0,62,0,0,0,0,26
2025-06-18 02:57:50.633444,Clear,0.0,79,0,0,0,0,32
2025-06-18 03:57:50.633444,Cloudy,0.0,97,0,0,0,0,36
2025-06-18 04:57:50.633444,Rain,7.482109028453598,57,0,0,0,0,28
2025-06-18 05:57:50.633444,Clear,0.0,92,0,0,0,0,27
2025-06-18 06:57:50.633444,Clear,0.0,98,0,0,0,0,26
2025-06-18 07:57:50.633444,Clear,0.0,76,0,0,1,0,29
2025-06-18 08:57:50.633444,Clear,0.0,45,0,0,0,0,24
2025-06-18 09:57:50.633444,Clear,0.0,92,0,0,0,0,26
2025-06-18 10:57:50.633444,Clear,0.0,44,0,0,0,0,36
2025-06-18 11:57:50.633444,Cloudy,0.0,86,0,0,0,0,24
2025-06-18 12:57:50.633444,Clear,0.0,85,0,0,0,0,24
2025-06-18 13:57:50.633444,Clear,0.0,67,0,0,0,0,38
2025-06-18 14:57:50.633444,Clear,0.0,87,0,0,1,0,28
2025-06-18 15:57:50.633444,Clear,0.0,44,0,0,0,0,23
2025-06-18 16:57:50.633444,Clear,0.0,54,0,0,0,0,16
2025-06-18 17:57:50.633444,Clear,0.0,85,0,0,0,0,24
2025-06-18 18:57:50.633444,Clear,0.0,51,0,0,0,0,26
2025-06-18 19:57:50.633444,Cloudy,0.0,75,0,0,0,0,26
2025-06-18 20:57:50.633444,Clear,0.0,86,0,0,0,0,30
2025-06-18 21:57:50.633444,Cloudy,0.0,98,0,0,0,0,29
2025-06-18 22:57:50.633444,Cloudy,0.0,80,0,0,0,0,35
2025-06-18 23:57:50.633444,Cloudy,0.0,53,0,0,0,0,22
2025-06-19 00:57:50.633444,Clear,0.0,63,0,0,0,0,31
2025-06-19 01:57:50.633444,Rain,8.722801946933895,89,0,0,0,0,25
2025-06-19 02:57:50.633444,Heavy Rain,20.963274771271436,63,0,0,0,0,24
2025-06-19 03:57:50.633444,Cloudy,0.0,56,0,0,0,0,25
2025-06-19 04:57:50.633444,Clear,0.0,84,0,0,0,0,30
2025-06-19 05:57:50.633444,Clear,0.0,82,0,0,0,0,28
2025-06-19 06:57:50.633444,Clear,0.0,99,0,0,0,0,28
2025-06-19 07:57:50.633444,Clear,0.0,81,0,0,1,0,26
2025-06-19 08:57:50.633444,Clear,0.0,74,0,0,0,0,34
2025-06-19 09:57:50.633444,Clear,0.0,80,0,0,0,0,24
2025-06-19 10:57:50.633444,Clear,0.0,65,0,0,0,0,26
2025-06-19 11:57:50.633444,Rain,3.043138142382827,62,0,0,0,0,30
2025-06-19 12:57:50.633444,Cloudy,0.0,94,0,0,0,0,32
2025-06-19 13:57:50.633444,Clear,0.0,51,0,0,0,0,25
2025-06-19 14:57:50.633444,Heavy Rain,27.69565560469234,68,0,0,1,0,19
2025-06-19 15:57:50.633444,Clear,0.0,93,0,0,0,0,26
2025-06-19 16:57:50.633444,Cloudy,0.0,74,0,0,0,0,28
2025-06-19 17:57:50.633444,Clear,0.0,46,0,0,0,0,25
2025-06-19 18:57:50.633444,Clear,0.0,67,0,0,0,0,25
2025-06-19 19:57:50.633444,Clear,0.0,70,0,0,0,0,31
2025-06-19 20:57:50.633444,Clear,0.0,83,0,0,0,0,34
2025-06-19 21:57:50.633444,Rain,9.820697522195838,83,0,0,0,0,25
2025-06-19 22:57:50.633444,Cloudy,0.0,56,0,0,0,0,27
2025-06-19 23:57:50.633444,Clear,0.0,63,0,0,0,0,36
2025-06-20 00:57:50.633444,Clear,0.0,53,0,0,0,0,33
2025-06-20 01:57:50.633444,Cloudy,0.0,56,0,0,0,0,34
2025-06-20 02:57:50.633444,Rain,7.450154712305946,57,0,0,0,0,30
2025-06-20 03:57:50.633444,Clear,0.0,50,0,0,0,1,37
2025-06-20 04:57:50.633444,Clear,0.0,65,0,0,0,0,26
2025-06-20 05:57:50.633444,Clear,0.0,54,0,0,0,0,32
2025-06-20 06:57:50.633444,Clear,0.0,85,0,0,0,0,31
2025-06-20 07:57:50.633444,Clear,0.0,42,0,0,1,0,21
2025-06-20 08:57:50.633444,Clear,0.0,79,0,0,0,0,33
2025-06-20 09:57:50.633444,Clear,0.0,83,0,0,0,0,34
2025-06-20 10:57:50.633444,Rain,5.207993607961256,70,0,0,0,0,22
2025-06-20 11:57:50.633444,Rain,6.40666506999334,57,0,0,0,0,25
2025-06-20 12:57:50.633444,Clear,0.0,87,0,0,0,0,32
2025-06-20 13:57:50.633444,Clear,0.0,97,0,0,0,0,32
2025-06-20 14:57:50.633444,Heavy Rain,10.837749570471914,26,0,0,1,0,34
2025-06-20 15:57:50.633444,Clear,0.0,67,0,0,0,0,23
2025-06-20 16:57:50.633444,Cloudy,0.0,46,0,0,0,0,33
2025-06-20 17:57:50.633444,Clear,0.0,96,0,0,0,0,25
2025-06-20 18:57:50.633444,Clear,0.0,77,0,0,0,0,31
2025-06-20 19:57:50.633444,Clear,0.0,93,0,0,0,0,30
2025-06-20 20:57:50.633444,Clear,0.0,49,0,0,0,0,26
2025-06-20 21:57:50.633444,Clear,0.0,71,0,0,0,0,31
2025-06-20 22:57:50.633444,Clear,0.0,44,0,0,0,0,25
2025-06-20 23:57:50.633444,Clear,0.0,78,0,0,0,0,25
2025-06-21 00:57:50.633444,Clear,0.0,57,0,0,0,0,26
2025-06-21 01:57:50.633444,Rain,7.340719240958505,64,0,0,0,0,26
2025-06-21 02:57:50.633444,Clear,0.0,91,0,0,0,0,27
2025-06-21 03:57:50.633444,Clear,0.0,51,0,0,0,0,24
2025-06-21 04:57:50.633444,Clear,0.0,97,0,0,0,0,20
2025-06-21 05:57:50.633444,Cloudy,0.0,93,0,0,0,0,27
2025-06-21 06:57:50.633444,Clear,0.0,41,0,0,0,0,32
2025-06-21 07:57:50.633444,Clear,0.0,89,0,0,0,1,24
2025-06-21 08:57:50.633444,Clear,0.0,75,0,0,0,0,30
2025-06-21 09:57:50.633444,Cloudy,0.0,91,0,0,0,0,29
2025-06-21 10:57:50.633444,Rain,7.460706408795173,70,0,0,0,0,19
2025-06-21 11:57:50.633444,Clear,0.0,75,0,0,0,0,25
2025-06-21 12:57:50.633444,Cloudy,0.0,65,0,0,0,0,32
2025-06-21 13:57:50.633444,Clear,0.0,78,0,0,0,0,22
2025-06-21 14:57:50.633444,Clear,0.0,51,0,0,0,0,27
2025-06-21 15:57:50.633444,Clear,0.0,92,0,0,0,0,32
2025-06-21 16:57:50.633444,Clear,0.0,46,0,0,0,0,24
2025-06-21 17:57:50.633444,Rain,7.005604022582453,63,0,0,0,1,30
2025-06-21 18:57:50.633444,Cloudy,0.0,95,0,0,0,0,27
2025-06-21 19:57:50.633444,Clear,0.0,51,0,0,0,0,22
2025-06-21 20:57:50.633444,Clear,0.0,75,0,0,0,0,26
2025-06-21 21:57:50.633444,Clear,0.0,47,0,0,0,0,30
2025-06-21 22:57:50.633444,Clear,0.0,84,0,0,0,0,30
2025-06-21 23:57:50.633444,Clear,0.0,79,0,0,0,0,28
2025-06-22 00:57:50.633444,Clear,0.0,73,0,0,0,0,25
2025-06-22 01:57:50.633444,Clear,0.0,69,0,0,0,0,25
2025-06-22 02:57:50.633444,Clear,0.0,80,0,0,0,0,22
2025-06-22 03:57:50.633444,Clear,0.0,76,0,0,0,0,32
2025-06-22 04:57:50.633444,Clear,0.0,56,0,0,0,0,22
2025-06-22 05:57:50.633444,Clear,0.0,73,0,0,0,0,26
2025-06-22 06:57:50.633444,Clear,0.0,77,0,0,0,0,31
2025-06-22 07:57:50.633444,Cloudy,0.0,83,0,0,0,0,27
2025-06-22 08:57:50.633444,Clear,0.0,96,0,0,0,0,35
2025-06-22 09:57:50.633444,Clear,0.0,50,0,0,0,0,19
2025-06-22 10:57:50.633444,Clear,0.0,96,0,0,0,0,23
2025-06-22 11:57:50.633444,Clear,0.0,40,0,0,0,0,31
2025-06-22 12:57:50.633444,Clear,0.0,48,0,0,0,0,27
2025-06-22 13:57:50.633444,Clear,0.0,88,0,0,0,0,36
2025-06-22 14:57:50.633444,Cloudy,0.0,72,0,0,0,0,28
2025-06-22 15:57:50.633444,Cloudy,0.0,78,0,0,0,0,25
2025-06-22 16:57:50.633444,Clear,0.0,80,0,0,0,0,28
2025-06-22 17:57:50.633444,Cloudy,0.0,56,0,0,0,0,27
2025-06-22 18:57:50.633444,Clear,0.0,92,0,0,0,1,37
2025-06-22 19:57:50.633444,Rain,5.719276060755763,56,0,0,0,0,25
2025-06-22 20:57:50.633444,Clear,0.0,83,0,0,0,0,25
2025-06-22 21:57:50.633444,Clear,0.0,85,0,0,0,0,29
2025-06-22 22:57:50.633444,Heavy Rain,40.52162380105594,45,0,0,0,0,24
2025-06-22 23:57:50.633444,Clear,0.0,94,0,0,0,0,29
2025-06-23 00:57:50.633444,Cloudy,0.0,66,0,0,0,0,24
2025-06-23 01:57:50.633444,Clear,0.0,60,0,0,0,0,26
2025-06-23 02:57:50.633444,Clear,0.0,62,0,0,0,0,38
2025-06-23 03:57:50.633444,Clear,0.0,64,0,0,0,0,26
2025-06-23 04:57:50.633444,Clear,0.0,81,0,0,0,0,33
2025-06-23 05:57:50.633444,Cloudy,0.0,55,0,0,0,0,27
2025-06-23 06:57:50.633444,Clear,0.0,77,0,0,0,0,27
2025-06-23 07:57:50.633444,Clear,0.0,56,0,0,1,0,28
2025-06-23 08:57:50.633444,Clear,0.0,98,0,0,0,0,32
2025-06-23 09:57:50.633444,Rain,4.5700766773996575,64,0,0,0,0,31
2025-06-23 10:57:50.633444,Clear,0.0,61,0,0,0,0,31
2025-06-23 11:57:50.633444,Cloudy,0.0,58,0,0,0,0,21
2025-06-23 12:57:50.633444,Cloudy,0.0,96,0,0,0,0,34
2025-06-23 13:57:50.633444,Clear,0.0,79,0,0,0,0,25
2025-06-23 14:57:50.633444,Cloudy,0.0,89,0,0,1,0,22
2025-06-23 15:57:50.633444,Rain,4.147963895467186,70,0,0,0,0,21
2025-06-23 16:57:50.633444,Cloudy,0.0,67,0,0,0,0,30
2025-06-23 17:57:50.633444,Clear,0.0,52,0,0,0,0,26
2025-06-23 18:57:50.633444,Clear,0.0,71,0,0,0,0,20
2025-06-23 19:57:50.633444,Rain,8.718599273682933,62,0,0,0,0,24
2025-06-23 20:57:50.633444,Cloudy,0.0,84,0,0,0,0,30
2025-06-23 21:57:50.633444,Cloudy,0.0,60,0,0,0,0,29
2025-06-23 22:57:50.633444,Clear,0.0,97,0,0,0,0,23
2025-06-23 23:57:50.633444,Clear,0.0,51,0,0,0,0,25
2025-06-24 00:57:50.633444,Clear,0.0,85,0,0,0,0,24
2025-06-24 01:57:50.633444,Clear,0.0,87,0,0,0,0,26
2025-06-24 02:57:50.633444,Clear,0.0,89,0,0,0,0,25
2025-06-24 03:57:50.633444,Clear,0.0,70,0,0,0,0,34
2025-06-24 04:57:50.633444,Cloudy,0.0,56,0,0,0,0,30
2025-06-24 05:57:50.633444,Clear,0.0,79,0,0,0,0,21
2025-06-24 06:57:50.633444,Cloudy,0.0,65,0,0,0,0,21
2025-06-24 07:57:50.633444,Clear,0.0,68,0,0,1,0,35
2025-06-24 08:57:50.633444,Cloudy,0.0,61,0,0,0,0,27
2025-06-24 09:57:50.633444,Clear,0.0,49,0,0,0,0,20
2025-06-24 10:57:50.633444,Cloudy,0.0,76,0,0,0,0,31
2025-06-24 11:57:50.633444,Clear,0.0,75,0,0,0,0,27
2025-06-24 12:57:50.633444,Cloudy,0.0,61,0,0,0,0,21
2025-06-24 13:57:50.633444,Clear,0.0,71,0,0,0,0,33
2025-06-24 14:57:50.633444,Cloudy,0.0,93,0,0,1,0,38
2025-06-24 15:57:50.633444,Clear,0.0,82,0,0,0,0,14
2025-06-24 16:57:50.633444,Clear,0.0,85,0,0,0,0,27
2025-06-24 17:57:50.633444,Clear,0.0,75,0,0,0,0,19
2025-06-24 18:57:50.633444,Clear,0.0,54,0,0,0,0,25
2025-06-24 19:57:50.633444,Clear,0.0,50,0,0,0,0,37
2025-06-24 20:57:50.633444,Rain,9.244720333130465,94,0,0,0,0,23
2025-06-24 21:57:50.633444,Clear,0.0,73,0,0,0,0,33
2025-06-24 22:57:50.633444,Cloudy,0.0,96,0,0,0,0,29
2025-06-24 23:57:50.633444,Clear,0.0,62,0,0,0,0,24
2025-06-25 00:57:50.633444,Clear,0.0,71,0,0,0,0,37
2025-06-25 01:57:50.633444,Cloudy,0.0,59,0,0,0,0,32
2025-06-25 02:57:50.633444,Clear,0.0,72,0,0,0,0,30
2025-06-25 03:57:50.633444,Clear,0.0,47,0,0,0,0,27
2025-06-25 04:57:50.633444,Clear,0.0,94,0,0,0,0,25
2025-06-25 05:57:50.633444,Rain,4.899247145497525,81,0,0,0,0,28
2025-06-25 06:57:50.633444,Clear,0.0,86,0,0,0,0,24
2025-06-25 07:57:50.633444,Clear,0.0,94,0,0,1,0,25
2025-06-25 08:57:50.633444,Clear,0.0,73,0,0,0,0,27
2025-06-25 09:57:50.633444,Heavy Rain,47.088238621180416,43,0,0,0,0,37
2025-06-25 10:57:50.633444,Clear,0.0,51,0,0,0,0,26
2025-06-25 11:57:50.633444,Cloudy,0.0,90,0,0,0,0,23
2025-06-25 12:57:50.633444,Cloudy,0.0,95,0,0,0,0,21
2025-06-25 13:57:50.633444,Clear,0.0,64,0,0,0,0,23
2025-06-25 14:57:50.633444,Cloudy,0.0,59,0,0,1,0,23
2025-06-25 15:57:50.633444,Clear,0.0,58,0,0,0,0,32
2025-06-25 16:57:50.633444,Heavy Rain,21.34078649072803,59,0,0,0,0,36
2025-06-25 17:57:50.633444,Rain,2.8832517868316003,86,0,0,0,0,27
2025-06-25 18:57:50.633444,Clear,0.0,53,0,0,0,0,24
2025-06-25 19:57:50.633444,Clear,0.0,50,0,0,0,0,29
2025-06-25 20:57:50.633444,Clear,0.0,54,0,0,0,0,24
2025-06-25 21:57:50.633444,Clear,0.0,90,0,0,0,0,24
2025-06-25 22:57:50.633444,Clear,0.0,52,0,0,0,0,28
2025-06-25 23:57:50.633444,Cloudy,0.0,40,0,0,0,0,31
2025-06-26 00:57:50.633444,Clear,0.0,77,0,0,0,1,24
2025-06-26 01:57:50.633444,Clear,0.0,84,0,0,0,0,32
2025-06-26 02:57:50.633444,Cloudy,0.0,62,0,0,0,0,25
2025-06-26 03:57:50.633444,Clear,0.0,61,0,0,0,1,28
2025-06-26 04:57:50.633444,Heavy Rain,16.24011869821638,44,0,0,0,0,20
2025-06-26 05:57:50.633444,Rain,9.31438749824802,92,0,0,0,0,26
2025-06-26 06:57:50.633444,Clear,0.0,41,0,0,0,0,24
2025-06-26 07:57:50.633444,Clear,0.0,88,0,0,1,0,24
2025-06-26 08:57:50.633444,Clear,0.0,54,0,0,0,0,33
2025-06-26 09:57:50.633444,Clear,0.0,49,0,0,0,0,29
2025-06-26 10:57:50.633444,Clear,0.0,40,0,0,0,0,30
2025-06-26 11:57:50.633444,Rain,4.3851383537809,54,0,0,0,0,27
2025-06-26 12:57:50.633444,Cloudy,0.0,95,0,0,0,0,24
2025-06-26 13:57:50.633444,Rain,6.9228129879483,75,0,0,0,0,25
2025-06-26 14:57:50.633444,Clear,0.0,83,0,0,1,0,27
2025-06-26 15:57:50.633444,Clear,0.0,66,0,0,0,0,29
2025-06-26 16:57:50.633444,Clear,0.0,47,0,0,0,0,22
2025-06-26 17:57:50.633444,Clear,0.0,51,0,0,0,0,21
2025-06-26 18:57:50.633444,Clear,0.0,95,0,0,0,0,35
2025-06-26 19:57:50.633444,Heavy Rain,48.49293779260469,57,0,0,0,0,31
2025-06-26 20:57:50.633444,Clear,0.0,44,0,0,0,0,24
2025-06-26 21:57:50.633444,Clear,0.0,61,0,0,0,0,25
2025-06-26 22:57:50.633444,Clear,0.0,96,0,0,0,0,25
2025-06-26 23:57:50.633444,Clear,0.0,56,0,0,0,0,28
2025-06-27 00:57:50.633444,Clear,0.0,80,0,0,0,0,26
2025-06-27 01:57:50.633444,Clear,0.0,56,0,0,0,0,26
2025-06-27 02:57:50.633444,Clear,0.0,65,0,0,0,0,21
2025-06-27 03:57:50.633444,Cloudy,0.0,70,0,0,0,0,35
2025-06-27 04:57:50.633444,Cloudy,0.0,88,0,0,0,0,32
2025-06-27 05:57:50.633444,Clear,0.0,69,0,0,0,0,39
2025-06-27 06:57:50.633444,Clear,0.0,79,0,0,0,0,27
2025-06-27 07:57:50.633444,Rain,9.067234539210652,59,0,0,1,0,32
2025-06-27 08:57:50.633444,Clear,0.0,97,0,0,0,0,24
2025-06-27 09:57:50.633444,Clear,0.0,76,0,0,0,0,26
2025-06-27 10:57:50.633444,Rain,2.0875674394950954,65,0,0,0,0,28
2025-06-27 11:57:50.633444,Cloudy,0.0,71,0,0,0,0,28
2025-06-27 12:57:50.633444,Cloudy,0.0,40,0,0,0,0,25
2025-06-27 13:57:50.633444,Clear,0.0,62,0,0,0,0,27
2025-06-27 14:57:50.633444,Cloudy,0.0,72,0,0,1,0,24
2025-06-27 15:57:50.633444,Clear,0.0,45,0,0,0,1,33
2025-06-27 16:57:50.633444,Clear,0.0,85,0,0,0,0,28
2025-06-27 17:57:50.633444,Clear,0.0,86,0,0,0,0,28
2025-06-27 18:57:50.633444,Cloudy,0.0,44,0,0,0,0,24
2025-06-27 19:57:50.633444,Cloudy,0.0,80,0,0,0,0,34
2025-06-27 20:57:50.633444,Clear,0.0,99,0,0,0,0,30
2025-06-27 21:57:50.633444,Rain,4.2337502701339425,86,0,0,0,0,31
2025-06-27 22:57:50.633444,Clear,0.0,50,0,0,0,0,25
2025-06-27 23:57:50.633444,Clear,0.0,48,0,0,0,0,29
2025-06-28 00:57:50.633444,Clear,0.0,89,0,0,0,0,25
2025-06-28 01:57:50.633444,Clear,0.0,48,0,0,0,0,29
2025-06-28 02:57:50.633444,Clear,0.0,82,0,0,0,0,28
2025-06-28 03:57:50.633444,Cloudy,0.0,94,0,0,0,0,34
2025-06-28 04:57:50.633444,Clear,0.0,76,0,0,0,0,25
2025-06-28 05:57:50.633444,Cloudy,0.0,65,0,0,0,0,32
2025-06-28 06:57:50.633444,Clear,0.0,49,0,0,0,0,31
2025-06-28 07:57:50.633444,Rain,8.217570596325567,88,0,0,0,0,23
2025-06-28 08:57:50.633444,Clear,0.0,51,0,0,0,0,32
2025-06-28 09:57:50.633444,Clear,0.0,99,0,0,0,0,30
2025-06-28 10:57:50.633444,Clear,0.0,87,0,0,0,0,20
2025-06-28 11:57:50.633444,Clear,0.0,41,0,0,0,0,23
2025-06-28 12:57:50.633444,Cloudy,0.0,63,0,0,0,0,25
2025-06-28 13:57:50.633444,Clear,0.0,89,0,0,0,0,33
2025-06-28 14:57:50.633444,Clear,0.0,98,0,0,0,0,28
2025-06-28 15:57:50.633444,Cloudy,0.0,74,0,0,0,0,37
2025-06-28 16:57:50.633444,Clear,0.0,95,0,0,0,0,30
2025-06-28 17:57:50.633444,Clear,0.0,47,0,0,0,0,18
2025-06-28 18:57:50.633444,Cloudy,0.0,65,0,0,0,0,30
2025-06-28 19:57:50.633444,Clear,0.0,53,0,0,0,0,29
2025-06-28 20:57:50.633444,Clear,0.0,94,0,0,0,0,26
2025-06-28 21:57:50.633444,Cloudy,0.0,81,0,0,0,0,18
2025-06-28 22:57:50.633444,Clear,0.0,60,0,0,0,0,28
2025-06-28 23:57:50.633444,Clear,0.0,54,0,0,0,1,22
2025-06-29 00:57:50.633444,Clear,0.0,82,0,0,0,0,24
2025-06-29 01:57:50.633444,Cloudy,0.0,87,0,0,0,0,38
2025-06-29 02:57:50.633444,Clear,0.0,87,0,0,0,0,31
2025-06-29 03:57:50.633444,Clear,0.0,65,0,0,0,0,18
2025-06-29 04:57:50.633444,Clear,0.0,59,0,0,0,0,23
2025-06-29 05:57:50.633444,Clear,0.0,88,0,0,0,0,22
2025-06-29 06:57:50.633444,Clear,0.0,55,0,0,0,0,20
2025-06-29 07:57:50.633444,Clear,0.0,66,0,0,0,0,32
2025-06-29 08:57:50.633444,Clear,0.0,80,0,0,0,0,27
2025-06-29 09:57:50.633444,Clear,0.0,71,0,0,0,0,19
2025-06-29 10:57:50.633444,Clear,0.0,42,0,0,0,0,28
2025-06-29 11:57:50.633444,Clear,0.0,91,0,0,0,0,32
2025-06-29 12:57:50.633444,Clear,0.0,86,0,0,0,0,26
2025-06-29 13:57:50.633444,Clear,0.0,50,0,0,0,0,26
2025-06-29 14:57:50.633444,Cloudy,0.0,99,0,0,0,0,26
2025-06-29 15:57:50.633444,Clear,0.0,83,0,0,0,0,32
2025-06-29 16:57:50.633444,Cloudy,0.0,72,0,0,0,0,27
2025-06-29 17:57:50.633444,Clear,0.0,96,0,0,0,0,21
2025-06-29 18:57:50.633444,Clear,0.0,90,0,0,0,0,18
2025-06-29 19:57:50.633444,Clear,0.0,76,0,0,0,0,32
2025-06-29 20:57:50.633444,Cloudy,0.0,59,0,0,0,0,32
2025-06-29 21:57:50.633444,Cloudy,0.0,82,0,0,0,0,16
2025-06-29 22:57:50.633444,Clear,0.0,77,0,0,0,0,25
2025-06-29 23:57:50.633444,Clear,0.0,82,0,0,0,0,18
2025-06-30 00:57:50.633444,Clear,0.0,88,0,0,0,0,27
2025-06-30 01:57:50.633444,Clear,0.0,49,0,0,0,0,20
2025-06-30 02:57:50.633444,Cloudy,0.0,60,0,0,0,0,28
2025-06-30 03:57:50.633444,Cloudy,0.0,74,0,0,0,0,37
2025-06-30 04:57:50.633444,Clear,0.0,67,0,0,0,0,22
2025-06-30 05:57:50.633444,Clear,0.0,83,0,0,0,0,22
2025-06-30 06:57:50.633444,Clear,0.0,80,0,0,0,0,26
2025-06-30 07:57:50.633444,Clear,0.0,99,0,0,1,0,30
2025-06-30 08:57:50.633444,Cloudy,0.0,42,0,0,0,0,19
2025-06-30 09:57:50.633444,Cloudy,0.0,66,0,0,0,0,27
2025-06-30 10:57:50.633444,Clear,0.0,51,0,0,0,0,32
2025-06-30 11:57:50.633444,Cloudy,0.0,40,0,0,0,0,24
2025-06-30 12:57:50.633444,Clear,0.0,87,0,0,0,0,31
2025-06-30 13:57:50.633444,Clear,0.0,83,0,0,0,0,32
2025-06-30 14:57:50.633444,Heavy Rain,48.08556308154202,48,0,0,1,0,31
2025-06-30 15:57:50.633444,Cloudy,0.0,54,0,0,0,0,29
2025-06-30 16:57:50.633444,Clear,0.0,65,0,0,0,0,30
2025-06-30 17:57:50.633444,Cloudy,0.0,56,0,0,0,0,30
2025-06-30 18:57:50.633444,Cloudy,0.0,52,0,0,0,0,34
2025-06-30 19:57:50.633444,Clear,0.0,71,0,0,0,0,21
2025-06-30 20:57:50.633444,Clear,0.0,58,0,0,0,0,21
2025-06-30 21:57:50.633444,Clear,0.0,94,0,0,0,0,34
2025-06-30 22:57:50.633444,Clear,0.0,73,0,0,0,0,31
2025-06-30 23:57:50.633444,Clear,0.0,86,0,0,0,0,22
2025-07-01 00:57:50.633444,Clear,0.0,70,0,0,0,0,24
2025-07-01 01:57:50.633444,Clear,0.0,49,0,0,0,0,31
2025-07-01 02:57:50.633444,Clear,0.0,57,0,0,0,0,30
2025-07-01 03:57:50.633444,Clear,0.0,91,0,0,0,0,23
2025-07-01 04:57:50.633444,Clear,0.0,42,0,0,0,0,27
2025-07-01 05:57:50.633444,Clear,0.0,81,0,0,0,0,32
2025-07-01 06:57:50.633444,Clear,0.0,88,0,0,0,0,25
2025-07-01 07:57:50.633444,Clear,0.0,52,0,0,1,0,26
2025-07-01 08:57:50.633444,Clear,0.0,71,0,0,0,0,27
2025-07-01 09:57:50.633444,Clear,0.0,85,0,0,0,0,35
2025-07-01 10:57:50.633444,Cloudy,0.0,65,0,0,0,1,33
2025-07-01 11:57:50.633444,Cloudy,0.0,86,0,0,0,0,32
2025-07-01 12:57:50.633444,Rain,9.350966140939857,64,0,0,0,0,27
2025-07-01 13:57:50.633444,Heavy Rain,33.700177500876784,24,0,0,0,0,20
2025-07-01 14:57:50.633444,Heavy Rain,29.105996294564026,30,0,0,1,0,32
2025-07-01 15:57:50.633444,Clear,0.0,96,0,0,0,0,26
2025-07-01 16:57:50.633444,Rain,4.426726880601333,54,0,0,0,0,37
2025-07-01 17:57:50.633444,Clear,0.0,75,0,0,0,0,35
2025-07-01 18:57:50.633444,Clear,0.0,90,0,0,0,0,23
2025-07-01 19:57:50.633444,Clear,0.0,68,0,0,0,0,41
2025-07-01 20:57:50.633444,Clear,0.0,49,0,0,0,0,23
2025-07-01 21:57:50.633444,Clear,0.0,46,0,0,0,0,35
2025-07-01 22:57:50.633444,Cloudy,0.0,92,0,0,0,0,30
2025-07-01 23:57:50.633444,Clear,0.0,53,0,0,0,0,24
2025-07-02 00:57:50.633444,Rain,8.826666565584837,56,0,0,0,0,27
2025-07-02 01:57:50.633444,Clear,0.0,83,0,0,0,0,22
2025-07-02 02:57:50.633444,Cloudy,0.0,75,0,0,0,0,25
2025-07-02 03:57:50.633444,Cloudy,0.0,40,0,0,0,1,24
2025-07-02 04:57:50.633444,Cloudy,0.0,54,0,0,0,0,32
2025-07-02 05:57:50.633444,Cloudy,0.0,88,0,0,0,0,37
2025-07-02 06:57:50.633444,Cloudy,0.0,47,0,0,0,0,19
2025-07-02 07:57:50.633444,Clear,0.0,94,0,0,1,1,32
2025-07-02 08:57:50.633444,Cloudy,0.0,95,0,0,0,0,24
2025-07-02 09:57:50.633444,Cloudy,0.0,56,0,0,0,0,25
2025-07-02 10:57:50.633444,Clear,0.0,76,0,0,0,0,24
2025-07-02 11:57:50.633444,Clear,0.0,78,0,0,0,0,23
2025-07-02 12:57:50.633444,Clear,0.0,44,0,0,0,0,21
2025-07-02 13:57:50.633444,Clear,0.0,65,0,0,0,0,39
2025-07-02 14:57:50.633444,Clear,0.0,59,0,0,1,0,19
2025-07-02 15:57:50.633444,Clear,0.0,72,0,0,0,0,24
2025-07-02 16:57:50.633444,Clear,0.0,87,0,0,0,0,24
2025-07-02 17:57:50.633444,Clear,0.0,75,0,0,0,0,27
2025-07-02 18:57:50.633444,Clear,0.0,73,0,0,0,0,19
2025-07-02 19:57:50.633444,Clear,0.0,93,0,0,0,0,26
2025-07-02 20:57:50.633444,Cloudy,0.0,54,0,0,0,0,27
2025-07-02 21:57:50.633444,Clear,0.0,51,0,0,0,0,22
2025-07-02 22:57:50.633444,Rain,2.3122980172310417,88,0,0,0,0,29
2025-07-02 23:57:50.633444,Clear,0.0,71,0,0,0,0,28
2025-07-03 00:57:50.633444,Clear,0.0,96,0,0,0,0,26
2025-07-03 01:57:50.633444,Cloudy,0.0,63,0,0,0,0,21
2025-07-03 02:57:50.633444,Rain,2.205843033555527,79,0,0,0,0,31
2025-07-03 03:57:50.633444,Cloudy,0.0,45,0,0,0,0,21
2025-07-03 04:57:50.633444,Clear,0.0,80,0,0,0,0,26
2025-07-03 05:57:50.633444,Clear,0.0,73,0,0,0,0,28
2025-07-03 06:57:50.633444,Cloudy,0.0,80,0,0,0,0,29
2025-07-03 07:57:50.633444,Cloudy,0.0,84,0,0,1,0,26
2025-07-03 08:57:50.633444,Clear,0.0,64,0,0,0,0,35
2025-07-03 09:57:50.633444,Clear,0.0,56,0,0,0,0,30
2025-07-03 10:57:50.633444,Cloudy,0.0,90,0,0,0,0,23
2025-07-03 11:57:50.633444,Cloudy,0.0,78,0,0,0,0,33
2025-07-03 12:57:50.633444,Cloudy,0.0,57,0,0,0,1,24
2025-07-03 13:57:50.633444,Clear,0.0,97,0,0,0,1,27
2025-07-03 14:57:50.633444,Cloudy,0.0,83,0,0,1,0,32
2025-07-03 15:57:50.633444,Clear,0.0,85,0,0,0,0,31
2025-07-03 16:57:50.633444,Cloudy,0.0,83,0,0,0,0,27
2025-07-03 17:57:50.633444,Cloudy,0.0,52,0,0,0,0,25
2025-07-03 18:57:50.633444,Clear,0.0,98,0,0,0,0,24
2025-07-03 19:57:50.633444,Clear,0.0,96,0,0,0,0,26
2025-07-03 20:57:50.633444,Clear,0.0,59,0,0,0,0,28
2025-07-03 21:57:50.633444,Clear,0.0,41,0,0,0,0,27
2025-07-03 22:57:50.633444,Cloudy,0.0,84,0,0,0,0,37
2025-07-03 23:57:50.633444,Clear,0.0,89,0,0,0,0,32
2025-07-04 00:57:50.633444,Rain,2.5217991065142176,93,0,0,0,0,27
2025-07-04 01:57:50.633444,Clear,0.0,46,0,0,0,0,26
2025-07-04 02:57:50.633444,Cloudy,0.0,76,0,0,0,0,28
2025-07-04 03:57:50.633444,Cloudy,0.0,90,0,0,0,0,27
2025-07-04 04:57:50.633444,Cloudy,0.0,46,0,0,0,0,23
2025-07-04 05:57:50.633444,Clear,0.0,83,0,0,0,0,36
2025-07-04 06:57:50.633444,Clear,0.0,70,0,0,0,0,25
2025-07-04 07:57:50.633444,Rain,2.5983488996684683,59,0,0,1,0,32
2025-07-04 08:57:50.633444,Rain,2.7644950405573567,75,0,0,0,0,32
2025-07-04 09:57:50.633444,Clear,0.0,73,0,0,0,0,23
2025-07-04 10:57:50.633444,Clear,0.0,69,0,0,0,0,31
2025-07-04 11:57:50.633444,Clear,0.0,44,0,0,0,0,32
2025-07-04 12:57:50.633444,Cloudy,0.0,78,0,0,0,0,18
2025-07-04 13:57:50.633444,Rain,8.861965284004855,77,0,0,0,0,24
2025-07-04 14:57:50.633444,Clear,0.0,46,0,0,1,0,26
2025-07-04 15:57:50.633444,Cloudy,0.0,91,0,0,0,0,28
2025-07-04 16:57:50.633444,Clear,0.0,90,0,0,0,0,31
2025-07-04 17:57:50.633444,Heavy Rain,14.637885656336135,14,0,0,0,0,23
2025-07-04 18:57:50.633444,Clear,0.0,78,0,0,0,0,22
2025-07-04 19:57:50.633444,Clear,0.0,42,0,0,0,0,31
2025-07-04 20:57:50.633444,Cloudy,0.0,81,0,0,0,0,26
2025-07-04 21:57:50.633444,Clear,0.0,93,0,0,0,0,36
2025-07-04 22:57:50.633444,Clear,0.0,41,0,0,0,0,30
2025-07-04 23:57:50.633444,Rain,5.788036529654192,53,0,0,0,0,23
2025-07-05 00:57:50.633444,Clear,0.0,59,0,0,0,0,26
2025-07-05 01:57:50.633444,Clear,0.0,42,0,0,0,0,31
2025-07-05 02:57:50.633444,Clear,0.0,79,0,0,0,0,27
2025-07-05 03:57:50.633444,Clear,0.0,88,0,0,0,0,22
2025-07-05 04:57:50.633444,Clear,0.0,72,0,0,0,0,30
2025-07-05 05:57:50.633444,Cloudy,0.0,54,0,0,0,0,35
2025-07-05 06:57:50.633444,Cloudy,0.0,51,0,0,0,0,23
2025-07-05 07:57:50.633444,Clear,0.0,70,0,0,0,0,26
2025-07-05 08:57:50.633444,Clear,0.0,65,0,0,0,0,34
2025-07-05 09:57:50.633444,Clear,0.0,56,0,0,0,0,28
2025-07-05 10:57:50.633444,Clear,0.0,75,0,0,0,0,27
2025-07-05 11:57:50.633444,Clear,0.0,53,0,0,0,0,26
2025-07-05 12:57:50.633444,Cloudy,0.0,53,0,0,0,0,33
2025-07-05 13:57:50.633444,Clear,0.0,56,0,0,0,0,30
2025-07-05 14:57:50.633444,Clear,0.0,84,0,0,0,0,34
2025-07-05 15:57:50.633444,Clear,0.0,92,0,0,0,0,36
2025-07-05 16:57:50.633444,Clear,0.0,94,0,0,0,0,27
2025-07-05 17:57:50.633444,Clear,0.0,84,0,0,0,0,27
2025-07-05 18:57:50.633444,Clear,0.0,78,0,0,0,0,17
2025-07-05 19:57:50.633444,Cloudy,0.0,40,0,0,0,0,33
2025-07-05 20:57:50.633444,Clear,0.0,89,0,0,0,0,21
2025-07-05 21:57:50.633444,Clear,0.0,81,0,0,0,0,33
2025-07-05 22:57:50.633444,Clear,0.0,49,0,0,0,0,25
2025-07-05 23:57:50.633444,Clear,0.0,79,0,0,0,0,23
2025-07-06 00:57:50.633444,Clear,0.0,96,0,0,0,0,24
2025-07-06 01:57:50.633444,Clear,0.0,79,0,0,0,0,22
2025-07-06 02:57:50.633444,Cloudy,0.0,57,0,0,0,0,28
2025-07-06 03:57:50.633444,Clear,0.0,60,0,0,0,0,30
2025-07-06 04:57:50.633444,Clear,0.0,95,0,0,0,0,23
2025-07-06 05:57:50.633444,Clear,0.0,96,0,0,0,0,27
2025-07-06 06:57:50.633444,Clear,0.0,87,0,0,0,0,21
2025-07-06 07:57:50.633444,Cloudy,0.0,63,0,0,0,0,25
2025-07-06 08:57:50.633444,Clear,0.0,45,0,0,0,0,23
2025-07-06 09:57:50.633444,Clear,0.0,76,0,0,0,0,31
2025-07-06 10:57:50.633444,Cloudy,0.0,61,0,0,0,0,22
2025-07-06 11:57:50.633444,Cloudy,0.0,64,0,0,0,0,13
2025-07-06 12:57:50.633444,Clear,0.0,79,0,0,0,0,30
2025-07-06 13:57:50.633444,Clear,0.0,44,0,0,0,0,22
2025-07-06 14:57:50.633444,Cloudy,0.0,62,0,0,0,0,27
2025-07-06 15:57:50.633444,Clear,0.0,44,0,0,0,0,27
2025-07-06 16:57:50.633444,Clear,0.0,45,0,0,0,0,27
2025-07-06 17:57:50.633444,Clear,0.0,85,0,0,0,0,36
2025-07-06 18:57:50.633444,Cloudy,0.0,64,0,0,0,0,27
2025-07-06 19:57:50.633444,Cloudy,0.0,93,0,0,0,0,28
2025-07-06 20:57:50.633444,Rain,4.446540325228349,76,0,0,0,0,30
2025-07-06 21:57:50.633444,Cloudy,0.0,70,0,0,0,0,32
2025-07-06 22:57:50.633444,Rain,6.920818302883325,91,0,0,0,0,30
2025-07-06 23:57:50.633444,Clear,0.0,94,0,0,0,0,28
2025-07-07 00:57:50.633444,Cloudy,0.0,69,0,0,0,0,27
2025-07-07 01:57:50.633444,Clear,0.0,95,0,0,0,0,41
2025-07-07 02:57:50.633444,Cloudy,0.0,69,0,0,0,0,27
2025-07-07 03:57:50.633444,Clear,0.0,51,0,0,0,0,34
2025-07-07 04:57:50.633444,Clear,0.0,48,0,0,0,0,18
2025-07-07 05:57:50.633444,Clear,0.0,91,0,0,0,0,36
2025-07-07 06:57:50.633444,Rain,6.145070198600333,57,0,0,0,0,21
2025-07-07 07:57:50.633444,Clear,0.0,43,0,0,1,0,26
2025-07-07 08:57:50.633444,Clear,0.0,74,0,0,0,0,26
2025-07-07 09:57:50.633444,Clear,0.0,84,0,0,0,0,28
2025-07-07 10:57:50.633444,Clear,0.0,69,0,0,0,0,34
2025-07-07 11:57:50.633444,Clear,0.0,54,0,0,0,0,26
2025-07-07 12:57:50.633444,Rain,9.21026672690078,59,0,0,0,0,33
2025-07-07 13:57:50.633444,Cloudy,0.0,84,0,0,0,0,17
2025-07-07 14:57:50.633444,Clear,0.0,57,0,0,1,0,19
2025-07-07 15:57:50.633444,Clear,0.0,65,0,0,0,0,29
2025-07-07 16:57:50.633444,Rain,6.921145245397701,88,0,0,0,0,27
2025-07-07 17:57:50.633444,Heavy Rain,49.874913818395214,11,0,0,0,0,26
2025-07-07 18:57:50.633444,Clear,0.0,58,0,0,0,0,29
2025-07-07 19:57:50.633444,Cloudy,0.0,61,0,0,0,0,28
2025-07-07 20:57:50.633444,Rain,3.1433128107972452,43,0,0,0,0,23
2025-07-07 21:57:50.633444,Cloudy,0.0,66,0,0,0,0,29
2025-07-07 22:57:50.633444,Clear,0.0,74,0,0,0,0,34
2025-07-07 23:57:50.633444,Heavy Rain,16.284913558887837,40,0,0,0,0,33
2025-07-08 00:57:50.633444,Clear,0.0,94,0,0,0,0,21
2025-07-08 01:57:50.633444,Clear,0.0,98,0,0,0,0,21
2025-07-08 02:57:50.633444,Rain,7.771380600983241,83,0,0,0,0,30
2025-07-08 03:57:50.633444,Clear,0.0,92,0,0,0,0,30
2025-07-08 04:57:50.633444,Clear,0.0,61,0,0,0,0,33
2025-07-08 05:57:50.633444,Heavy Rain,26.990086341030413,34,0,0,0,0,19
2025-07-08 06:57:50.633444,Cloudy,0.0,42,0,0,0,0,22
2025-07-08 07:57:50.633444,Clear,0.0,62,0,0,1,0,22
2025-07-08 08:57:50.633444,Clear,0.0,64,0,0,0,0,28
2025-07-08 09:57:50.633444,Clear,0.0,82,0,0,0,0,26
2025-07-08 10:57:50.633444,Clear,0.0,84,0,0,0,0,27
2025-07-08 11:57:50.633444,Clear,0.0,51,0,0,0,0,35
2025-07-08 12:57:50.633444,Clear,0.0,50,0,0,0,0,21
2025-07-08 13:57:50.633444,Clear,0.0,76,0,0,0,0,19
2025-07-08 14:57:50.633444,Cloudy,0.0,87,0,0,1,0,35
2025-07-08 15:57:50.633444,Cloudy,0.0,55,0,0,0,0,27
2025-07-08 16:57:50.633444,Cloudy,0.0,61,0,0,0,0,35
2025-07-08 17:57:50.633444,Cloudy,0.0,84,0,0,0,0,19
2025-07-08 18:57:50.633444,Cloudy,0.0,95,0,0,0,0,29
2025-07-08 19:57:50.633444,Cloudy,0.0,99,0,0,0,0,25
2025-07-08 20:57:50.633444,Clear,0.0,62,0,0,0,0,26
2025-07-08 21:57:50.633444,Clear,0.0,68,0,0,0,0,25
2025-07-08 22:57:50.633444,Rain,9.03747129171866,40,0,0,0,0,32
2025-07-08 23:57:50.633444,Rain,6.790256656354027,74,0,0,0,0,35
2025-07-09 00:57:50.633444,Clear,0.0,87,0,0,0,0,25
2025-07-09 01:57:50.633444,Cloudy,0.0,43,0,0,0,0,22
2025-07-09 02:57:50.633444,Clear,0.0,83,0,0,0,0,22
2025-07-09 03:57:50.633444,Cloudy,0.0,72,0,0,0,0,36
2025-07-09 04:57:50.633444,Cloudy,0.0,59,0,0,0,0,30
2025-07-09 05:57:50.633444,Rain,9.402111537958659,80,0,0,0,0,31
2025-07-09 06:57:50.633444,Clear,0.0,94,0,0,0,0,35
2025-07-09 07:57:50.633444,Clear,0.0,98,0,0,1,0,24
2025-07-09 08:57:50.633444,Clear,0.0,92,0,0,0,0,31
2025-07-09 09:57:50.633444,Cloudy,0.0,44,0,0,0,0,27
2025-07-09 10:57:50.633444,Clear,0.0,60,0,0,0,0,22
2025-07-09 11:57:50.633444,Cloudy,0.0,43,0,0,0,0,23
2025-07-09 12:57:50.633444,Clear,0.0,89,0,0,0,0,28
2025-07-09 13:57:50.633444,Rain,4.8614810040389775,97,0,0,0,0,31
2025-07-09 14:57:50.633444,Clear,0.0,91,0,0,1,0,28
2025-07-09 15:57:50.633444,Clear,0.0,90,0,0,0,0,25
2025-07-09 16:57:50.633444,Clear,0.0,99,0,0,0,0,27
2025-07-09 17:57:50.633444,Clear,0.0,42,0,0,0,0,26
2025-07-09 18:57:50.633444,Clear,0.0,61,0,0,0,0,30
2025-07-09 19:57:50.633444,Clear,0.0,48,0,0,0,0,31
2025-07-09 20:57:50.633444,Clear,0.0,86,0,0,0,0,18
2025-07-09 21:57:50.633444,Clear,0.0,53,0,0,0,0,24
2025-07-09 22:57:50.633444,Clear,0.0,63,0,0,0,0,16
2025-07-09 23:57:50.633444,Cloudy,0.0,94,0,0,0,0,29
2025-07-10 00:57:50.633444,Clear,0.0,49,0,0,0,0,29
2025-07-10 01:57:50.633444,Clear,0.0,55,0,0,0,0,20
2025-07-10 02:57:50.633444,Clear,0.0,49,0,0,0,0,26
2025-07-10 03:57:50.633444,Clear,0.0,88,0,0,0,0,28
2025-07-10 04:57:50.633444,Clear,0.0,70,0,0,0,0,19
2025-07-10 05:57:50.633444,Cloudy,0.0,98,0,0,0,0,25
2025-07-10 06:57:50.633444,Cloudy,0.0,95,0,0,0,0,28
2025-07-10 07:57:50.633444,Clear,0.0,82,0,0,1,0,27
2025-07-10 08:57:50.633444,Cloudy,0.0,47,0,0,0,0,40
2025-07-10 09:57:50.633444,Rain,8.09771177892646,93,0,0,0,0,22
2025-07-10 10:57:50.633444,Rain,6.810465207991411,88,0,0,0,0,38
2025-07-10 11:57:50.633444,Clear,0.0,74,0,0,0,0,24
2025-07-10 12:57:50.633444,Cloudy,0.0,46,0,0,0,1,23
2025-07-10 13:57:50.633444,Rain,3.673851789427861,73,0,0,0,0,32
2025-07-10 14:57:50.633444,Rain,9.356434990988966,84,0,0,1,0,27
2025-07-10 15:57:50.633444,Clear,0.0,85,0,0,0,0,22
2025-07-10 16:57:50.633444,Clear,0.0,56,0,0,0,0,36
2025-07-10 17:57:50.633444,Cloudy,0.0,71,0,0,0,0,18
2025-07-10 18:57:50.633444,Cloudy,0.0,48,0,0,0,0,30
2025-07-10 19:57:50.633444,Cloudy,0.0,84,0,0,0,0,22
2025-07-10 20:57:50.633444,Clear,0.0,52,0,0,0,0,26
2025-07-10 21:57:50.633444,Clear,0.0,48,0,0,0,0,34
2025-07-10 22:57:50.633444,Rain,4.980669826656905,50,0,0,0,0,37
2025-07-10 23:57:50.633444,Clear,0.0,70,0,0,0,0,35
2025-07-11 00:57:50.633444,Clear,0.0,45,0,0,0,0,30
2025-07-11 01:57:50.633444,Cloudy,0.0,52,0,0,0,0,18
2025-07-11 02:57:50.633444,Clear,0.0,63,0,0,0,0,32
2025-07-11 03:57:50.633444,Clear,0.0,59,0,0,0,0,23
2025-07-11 04:57:50.633444,Clear,0.0,40,0,0,0,0,31
2025-07-11 05:57:50.633444,Cloudy,0.0,48,0,0,0,0,29
2025-07-11 06:57:50.633444,Cloudy,0.0,60,0,0,0,0,21
2025-07-11 07:57:50.633444,Clear,0.0,60,0,0,1,0,28
2025-07-11 08:57:50.633444,Clear,0.0,61,0,0,0,0,29
2025-07-11 09:57:50.633444,Rain,4.035903381877781,61,0,0,0,0,35
2025-07-11 10:57:50.633444,Heavy Rain,48.3208994724104,60,0,0,0,0,33
2025-07-11 11:57:50.633444,Clear,0.0,63,0,0,0,0,27
2025-07-11 12:57:50.633444,Rain,4.332595623003418,71,0,0,0,0,31
2025-07-11 13:57:50.633444,Clear,0.0,72,0,0,0,0,22
2025-07-11 14:57:50.633444,Clear,0.0,65,0,0,1,0,39
2025-07-11 15:57:50.633444,Cloudy,0.0,87,0,0,0,0,23
2025-07-11 16:57:50.633444,Clear,0.0,99,0,0,0,0,34
2025-07-11 17:57:50.633444,Clear,0.0,86,0,0,0,0,34
2025-07-11 18:57:50.633444,Clear,0.0,86,0,0,0,0,21
2025-07-11 19:57:50.633444,Rain,7.737471678679281,87,0,0,0,0,31
2025-07-11 20:57:50.633444,Clear,0.0,90,0,0,0,0,29
2025-07-11 21:57:50.633444,Clear,0.0,88,0,0,0,0,24
2025-07-11 22:57:50.633444,Clear,0.0,88,0,0,0,0,27
2025-07-11 23:57:50.633444,Clear,0.0,96,0,0,0,0,24
2025-07-12 00:57:50.633444,Clear,0.0,50,0,0,0,0,27
2025-07-12 01:57:50.633444,Rain,2.0425698873631095,67,0,0,0,0,25
2025-07-12 02:57:50.633444,Cloudy,0.0,93,0,0,0,0,26
2025-07-12 03:57:50.633444,Clear,0.0,90,0,0,0,0,35
2025-07-12 04:57:50.633444,Clear,0.0,74,0,0,0,0,24
2025-07-12 05:57:50.633444,Clear,0.0,47,0,0,0,0,30
2025-07-12 06:57:50.633444,Clear,0.0,87,0,0,0,0,25
2025-07-12 07:57:50.633444,Heavy Rain,48.131101530807875,15,0,0,0,0,22
2025-07-12 08:57:50.633444,Cloudy,0.0,63,0,0,0,0,31
2025-07-12 09:57:50.633444,Clear,0.0,75,0,0,0,0,27
2025-07-12 10:57:50.633444,Cloudy,0.0,56,0,0,0,0,27
2025-07-12 11:57:50.633444,Clear,0.0,66,0,0,0,0,24
2025-07-12 12:57:50.633444,Clear,0.0,75,0,0,0,0,26
2025-07-12 13:57:50.633444,Clear,0.0,73,0,0,0,0,27
2025-07-12 14:57:50.633444,Cloudy,0.0,56,0,0,0,0,32
2025-07-12 15:57:50.633444,Clear,0.0,97,0,0,0,0,34
2025-07-12 16:57:50.633444,Rain,7.61970332049036,44,0,0,0,0,25
2025-07-12 17:57:50.633444,Clear,0.0,99,0,0,0,0,24
2025-07-12 18:57:50.633444,Clear,0.0,63,0,0,0,0,22
2025-07-12 19:57:50.633444,Cloudy,0.0,75,0,0,0,0,33
2025-07-12 20:57:50.633444,Clear,0.0,82,0,0,0,0,27
2025-07-12 21:57:50.633444,Cloudy,0.0,49,0,0,0,0,27
2025-07-12 22:57:50.633444,Clear,0.0,94,0,0,0,0,28
2025-07-12 23:57:50.633444,Clear,0.0,87,0,0,0,0,27
2025-07-13 00:57:50.633444,Clear,0.0,87,0,0,0,0,21
2025-07-13 01:57:50.633444,Clear,0.0,75,0,0,0,0,26
2025-07-13 02:57:50.633444,Clear,0.0,40,0,0,0,0,35
2025-07-13 03:57:50.633444,Clear,0.0,64,0,0,0,0,32
2025-07-13 04:57:50.633444,Clear,0.0,80,0,0,0,0,36
2025-07-13 05:57:50.633444,Clear,0.0,48,0,0,0,0,29
2025-07-13 06:57:50.633444,Cloudy,0.0,72,0,0,0,0,22
2025-07-13 07:57:50.633444,Heavy Rain,16.176704892742674,17,0,0,0,0,35
2025-07-13 08:57:50.633444,Clear,0.0,56,0,0,0,0,24
2025-07-13 09:57:50.633444,Clear,0.0,83,0,0,0,0,28
2025-07-13 10:57:50.633444,Clear,0.0,67,0,0,0,1,23
2025-07-13 11:57:50.633444,Cloudy,0.0,93,0,0,0,0,31
2025-07-13 12:57:50.633444,Clear,0.0,90,0,0,0,0,25
2025-07-13 13:57:50.633444,Clear,0.0,83,0,0,0,0,16
2025-07-13 14:57:50.633444,Clear,0.0,89,0,0,0,0,31
2025-07-13 15:57:50.633444,Rain,6.53093275609817,49,0,0,0,0,26
2025-07-13 16:57:50.633444,Clear,0.0,74,0,0,0,0,26
2025-07-13 17:57:50.633444,Cloudy,0.0,88,0,0,0,0,19
2025-07-13 18:57:50.633444,Clear,0.0,79,0,0,0,0,32
2025-07-13 19:57:50.633444,Cloudy,0.0,65,0,0,0,0,23
2025-07-13 20:57:50.633444,Cloudy,0.0,82,0,0,0,0,29
2025-07-13 21:57:50.633444,Clear,0.0,41,0,0,0,0,26
2025-07-13 22:57:50.633444,Rain,2.8709647922689383,59,0,0,0,0,24
2025-07-13 23:57:50.633444,Clear,0.0,68,0,0,0,0,29
2025-07-14 00:57:50.633444,Clear,0.0,47,0,0,0,0,25
2025-07-14 01:57:50.633444,Clear,0.0,61,0,0,0,0,23
2025-07-14 02:57:50.633444,Rain,3.023098123905813,57,0,0,0,0,30
2025-07-14 03:57:50.633444,Cloudy,0.0,50,0,0,0,0,35
2025-07-14 04:57:50.633444,Rain,9.809754735631467,72,0,0,0,0,23
2025-07-14 05:57:50.633444,Rain,4.180633375834398,45,0,0,0,0,30
2025-07-14 06:57:50.633444,Clear,0.0,58,0,0,0,0,25
2025-07-14 07:57:50.633444,Clear,0.0,42,0,0,1,0,28
2025-07-14 08:57:50.633444,Clear,0.0,98,0,0,0,0,20
2025-07-14 09:57:50.633444,Clear,0.0,86,0,0,0,0,21
2025-07-14 10:57:50.633444,Clear,0.0,63,0,0,0,0,25
2025-07-14 11:57:50.633444,Rain,4.570921961810079,97,0,0,0,0,25
2025-07-14 12:57:50.633444,Heavy Rain,20.729609282950562,58,0,0,0,0,35
2025-07-14 13:57:50.633444,Cloudy,0.0,58,0,0,0,0,22
2025-07-14 14:57:50.633444,Clear,0.0,96,0,0,1,0,19
2025-07-14 15:57:50.633444,Clear,0.0,50,0,0,0,0,33
2025-07-14 16:57:50.633444,Clear,0.0,60,0,0,0,0,22
2025-07-14 17:57:50.633444,Clear,0.0,52,0,0,0,0,29
2025-07-14 18:57:50.633444,Clear,0.0,61,0,0,0,0,26
2025-07-14 19:57:50.633444,Clear,0.0,48,0,0,0,0,24
2025-07-14 20:57:50.633444,Cloudy,0.0,87,0,0,0,0,33
2025-07-14 21:57:50.633444,Clear,0.0,48,0,0,0,0,22
2025-07-14 22:57:50.633444,Clear,0.0,63,0,0,0,0,34
2025-07-14 23:57:50.633444,Clear,0.0,57,0,0,0,0,32
2025-07-15 00:57:50.633444,Clear,0.0,57,0,0,0,0,23
2025-07-15 01:57:50.633444,Cloudy,0.0,65,0,0,0,0,22
2025-07-15 02:57:50.633444,Cloudy,0.0,67,0,0,0,0,36
2025-07-15 03:57:50.633444,Clear,0.0,65,0,0,0,0,29
2025-07-15 04:57:50.633444,Clear,0.0,42,0,0,0,0,28
2025-07-15 05:57:50.633444,Clear,0.0,54,0,0,0,0,26
2025-07-15 06:57:50.633444,Clear,0.0,68,0,0,0,0,28
2025-07-15 07:57:50.633444,Rain,4.278913442204109,89,0,0,1,0,32
2025-07-15 08:57:50.633444,Rain,8.206257721834081,83,0,0,0,0,24
2025-07-15 09:57:50.633444,Rain,2.6124221994409202,75,0,0,0,0,23
2025-07-15 10:57:50.633444,Clear,0.0,76,0,0,0,0,28
2025-07-15 11:57:50.633444,Cloudy,0.0,81,0,0,0,0,23
2025-07-15 12:57:50.633444,Cloudy,0.0,86,0,0,0,0,37
2025-07-15 13:57:50.633444,Cloudy,0.0,93,0,0,0,0,32
2025-07-15 14:57:50.633444,Clear,0.0,80,0,0,1,0,35
2025-07-15 15:57:50.633444,Clear,0.0,72,0,0,0,0,27
2025-07-15 16:57:50.633444,Clear,0.0,51,0,0,0,0,35
2025-07-15 17:57:50.633444,Cloudy,0.0,42,0,0,0,0,35
2025-07-15 18:57:50.633444,Cloudy,0.0,70,0,0,0,0,30
2025-07-15 19:57:50.633444,Clear,0.0,60,0,0,0,0,29
2025-07-15 20:57:50.633444,Clear,0.0,75,0,0,0,0,27
2025-07-15 21:57:50.633444,Clear,0.0,87,0,0,0,0,34
2025-07-15 22:57:50.633444,Clear,0.0,56,0,0,0,0,35
2025-07-15 23:57:50.633444,Cloudy,0.0,96,0,0,0,0,23
2025-07-16 00:57:50.633444,Clear,0.0,95,0,0,0,0,29
2025-07-16 01:57:50.633444,Clear,0.0,72,0,0,0,0,28
2025-07-16 02:57:50.633444,Cloudy,0.0,43,0,0,0,0,22
2025-07-16 03:57:50.633444,Clear,0.0,42,0,0,0,0,29
2025-07-16 04:57:50.633444,Rain,6.676245324469229,43,0,0,0,0,20
2025-07-16 05:57:50.633444,Clear,0.0,58,0,0,0,0,27
2025-07-16 06:57:50.633444,Clear,0.0,56,0,0,0,0,31
2025-07-16 07:57:50.633444,Clear,0.0,43,0,0,1,0,29
2025-07-16 08:57:50.633444,Clear,0.0,64,0,0,0,0,19
2025-07-16 09:57:50.633444,Clear,0.0,71,0,0,0,0,22
2025-07-16 10:57:50.633444,Clear,0.0,66,0,0,0,0,27
2025-07-16 11:57:50.633444,Clear,0.0,88,0,0,0,1,23
2025-07-16 12:57:50.633444,Cloudy,0.0,66,0,0,0,0,30
2025-07-16 13:57:50.633444,Rain,3.053404142181571,41,0,0,0,0,24
2025-07-16 14:57:50.633444,Clear,0.0,69,0,0,1,1,39
2025-07-16 15:57:50.633444,Clear,0.0,55,0,0,0,0,25
2025-07-16 16:57:50.633444,Clear,0.0,84,0,0,0,0,34
2025-07-16 17:57:50.633444,Clear,0.0,60,0,0,0,0,33
2025-07-16 18:57:50.633444,Clear,0.0,90,0,0,0,0,30
2025-07-16 19:57:50.633444,Clear,0.0,86,0,0,0,0,32
2025-07-16 20:57:50.633444,Clear,0.0,92,0,0,0,0,22
2025-07-16 21:57:50.633444,Cloudy,0.0,40,0,0,0,0,28
2025-07-16 22:57:50.633444,Cloudy,0.0,91,0,0,0,0,17
2025-07-16 23:57:50.633444,Clear,0.0,59,0,0,0,0,28
2025-07-17 00:57:50.633444,Clear,0.0,84,0,0,0,0,31
2025-07-17 01:57:50.633444,Rain,6.0207054355458585,93,0,0,0,0,28
2025-07-17 02:57:50.633444,Rain,8.74200776936291,89,0,0,0,0,29
2025-07-17 03:57:50.633444,Cloudy,0.0,83,0,0,0,0,28
2025-07-17 04:57:50.633444,Clear,0.0,43,0,0,0,0,36
2025-07-17 05:57:50.633444,Clear,0.0,71,0,0,0,0,28
2025-07-17 06:57:50.633444,Cloudy,0.0,88,0,0,0,0,27
2025-07-17 07:57:50.633444,Clear,0.0,54,0,0,1,0,26
2025-07-17 08:57:50.633444,Clear,0.0,67,0,0,0,0,26
2025-07-17 09:57:50.633444,Clear,0.0,94,0,0,0,0,26
2025-07-17 10:57:50.633444,Clear,0.0,85,0,0,0,0,33
2025-07-17 11:57:50.633444,Clear,0.0,92,0,0,0,0,25
2025-07-17 12:57:50.633444,Cloudy,0.0,96,0,0,0,0,33
2025-07-17 13:57:50.633444,Clear,0.0,46,0,0,0,0,27
2025-07-17 14:57:50.633444,Clear,0.0,66,0,0,1,0,30
2025-07-17 15:57:50.633444,Cloudy,0.0,72,0,0,0,0,24
2025-07-17 16:57:50.633444,Clear,0.0,84,0,0,0,0,32
2025-07-17 17:57:50.633444,Clear,0.0,71,0,0,0,0,20
2025-07-17 18:57:50.633444,Clear,0.0,78,0,0,0,0,26
2025-07-17 19:57:50.633444,Clear,0.0,44,0,0,0,0,31
2025-07-17 20:57:50.633444,Clear,0.0,75,0,0,0,0,24
2025-07-17 21:57:50.633444,Clear,0.0,74,0,0,0,0,22
2025-07-17 22:57:50.633444,Clear,0.0,96,0,0,0,0,30
2025-07-17 23:57:50.633444,Cloudy,0.0,60,0,0,0,0,36
2025-07-18 00:57:50.633444,Cloudy,0.0,71,0,0,0,0,26
2025-07-18 01:57:50.633444,Rain,6.982160041794856,48,0,0,0,0,24
2025-07-18 02:57:50.633444,Rain,2.6615942202486886,80,0,0,0,1,25
2025-07-18 03:57:50.633444,Heavy Rain,18.335822649851078,49,0,0,0,0,22
2025-07-18 04:57:50.633444,Clear,0.0,61,0,0,0,0,27
2025-07-18 05:57:50.633444,Clear,0.0,91,0,0,0,0,20
2025-07-18 06:57:50.633444,Cloudy,0.0,40,0,0,0,0,41
2025-07-18 07:57:50.633444,Clear,0.0,78,0,0,1,0,32
2025-07-18 08:57:50.633444,Clear,0.0,55,0,0,0,0,29
2025-07-18 09:57:50.633444,Cloudy,0.0,64,0,0,0,0,25
2025-07-18 10:57:50.633444,Rain,7.454552889704556,97,0,0,0,0,34
2025-07-18 11:57:50.633444,Cloudy,0.0,82,0,0,0,0,31
2025-07-18 12:57:50.633444,Cloudy,0.0,42,0,0,0,0,26
2025-07-18 13:57:50.633444,Clear,0.0,78,0,0,0,0,19
2025-07-18 14:57:50.633444,Clear,0.0,47,0,0,1,0,31
2025-07-18 15:57:50.633444,Clear,0.0,62,0,0,0,0,24
2025-07-18 16:57:50.633444,Clear,0.0,77,0,0,0,0,34
2025-07-18 17:57:50.633444,Cloudy,0.0,40,0,0,0,0,29
2025-07-18 18:57:50.633444,Clear,0.0,76,0,0,0,0,22
2025-07-18 19:57:50.633444,Rain,3.8103130042857734,55,0,0,0,0,30
2025-07-18 20:57:50.633444,Clear,0.0,44,0,0,0,0,25
2025-07-18 21:57:50.633444,Clear,0.0,70,0,0,0,0,22
2025-07-18 22:57:50.633444,Cloudy,0.0,93,0,0,0,0,31
2025-07-18 23:57:50.633444,Rain,6.721434299204726,40,0,0,0,0,29
2025-07-19 00:57:50.633444,Clear,0.0,43,0,0,0,0,31
2025-07-19 01:57:50.633444,Clear,0.0,70,0,0,0,0,30
2025-07-19 02:57:50.633444,Clear,0.0,67,0,0,0,0,30
2025-07-19 03:57:50.633444,Clear,0.0,68,0,0,0,0,24
2025-07-19 04:57:50.633444,Clear,0.0,88,0,0,0,0,26
2025-07-19 05:57:50.633444,Clear,0.0,97,0,0,0,0,28
2025-07-19 06:57:50.633444,Clear,0.0,88,0,0,0,1,23
2025-07-19 07:57:50.633444,Clear,0.0,58,0,0,0,0,21
2025-07-19 08:57:50.633444,Cloudy,0.0,63,0,0,0,0,39
2025-07-19 09:57:50.633444,Clear,0.0,92,0,0,0,0,22
2025-07-19 10:57:50.633444,Clear,0.0,49,0,0,0,0,29
2025-07-19 11:57:50.633444,Clear,0.0,46,0,0,0,0,22
2025-07-19 12:57:50.633444,Clear,0.0,83,0,0,0,0,31
2025-07-19 13:57:50.633444,Heavy Rain,43.06933655894073,56,0,0,0,1,34
2025-07-19 14:57:50.633444,Clear,0.0,64,0,0,0,0,18
2025-07-19 15:57:50.633444,Clear,0.0,79,0,0,0,0,29
2025-07-19 16:57:50.633444,Cloudy,0.0,58,0,0,0,0,25
2025-07-19 17:57:50.633444,Cloudy,0.0,98,0,0,0,0,24
2025-07-19 18:57:50.633444,Clear,0.0,55,0,0,0,0,24
2025-07-19 19:57:50.633444,Rain,7.040051345212499,72,0,0,0,0,27
2025-07-19 20:57:50.633444,Clear,0.0,69,0,0,0,0,24
2025-07-19 21:57:50.633444,Clear,0.0,62,0,0,0,0,22
2025-07-19 22:57:50.633444,Rain,8.703131499692395,99,0,0,0,0,24
2025-07-19 23:57:50.633444,Cloudy,0.0,66,0,0,0,0,23
2025-07-20 00:57:50.633444,Cloudy,0.0,85,0,0,0,0,36
2025-07-20 01:57:50.633444,Cloudy,0.0,63,0,0,0,0,28
2025-07-20 02:57:50.633444,Rain,5.111721356264797,98,0,0,0,0,24
2025-07-20 03:57:50.633444,Clear,0.0,92,0,0,0,0,24
2025-07-20 04:57:50.633444,Cloudy,0.0,41,0,0,0,0,24
2025-07-20 05:57:50.633444,Clear,0.0,99,0,0,0,0,28
2025-07-20 06:57:50.633444,Clear,0.0,80,0,0,0,0,28
2025-07-20 07:57:50.633444,Clear,0.0,49,0,0,0,0,35
2025-07-20 08:57:50.633444,Cloudy,0.0,81,0,0,0,0,20
2025-07-20 09:57:50.633444,Clear,0.0,91,0,0,0,0,33
2025-07-20 10:57:50.633444,Clear,0.0,74,0,0,0,0,28
2025-07-20 11:57:50.633444,Cloudy,0.0,73,0,0,0,0,28
2025-07-20 12:57:50.633444,Clear,0.0,46,0,0,0,0,33
2025-07-20 13:57:50.633444,Heavy Rain,43.06718768637999,44,0,0,0,0,31
2025-07-20 14:57:50.633444,Heavy Rain,48.92124891038636,61,0,0,0,0,26
2025-07-20 15:57:50.633444,Clear,0.0,97,0,0,0,0,24
2025-07-20 16:57:50.633444,Clear,0.0,90,0,0,0,0,24
2025-07-20 17:57:50.633444,Clear,0.0,62,0,0,0,0,24
2025-07-20 18:57:50.633444,Cloudy,0.0,82,0,0,0,0,28
2025-07-20 19:57:50.633444,Cloudy,0.0,84,0,0,0,0,33
2025-07-20 20:57:50.633444,Clear,0.0,40,0,0,0,0,26
2025-07-20 21:57:50.633444,Cloudy,0.0,75,0,0,0,0,29
2025-07-20 22:57:50.633444,Clear,0.0,49,0,0,0,0,31
2025-07-20 23:57:50.633444,Clear,0.0,89,0,0,0,0,29
2025-07-21 00:57:50.633444,Clear,0.0,89,0,0,0,0,28
2025-07-21 01:57:50.633444,Clear,0.0,93,0,0,0,0,28
2025-07-21 02:57:50.633444,Clear,0.0,61,0,0,0,0,36
2025-07-21 03:57:50.633444,Clear,0.0,91,0,0,0,0,33
2025-07-21 04:57:50.633444,Clear,0.0,87,0,0,0,0,25
2025-07-21 05:57:50.633444,Clear,0.0,66,0,0,0,0,30
2025-07-21 06:57:50.633444,Clear,0.0,79,0,0,0,0,16
2025-07-21 07:57:50.633444,Cloudy,0.0,74,0,0,1,0,30
2025-07-21 08:57:50.633444,Clear,0.0,87,0,0,0,0,23
2025-07-21 09:57:50.633444,Clear,0.0,43,0,0,0,0,15
2025-07-21 10:57:50.633444,Cloudy,0.0,72,0,0,0,0,26
2025-07-21 11:57:50.633444,Clear,0.0,63,0,0,0,0,26
2025-07-21 12:57:50.633444,Clear,0.0,73,0,0,0,0,31
2025-07-21 13:57:50.633444,Clear,0.0,42,0,0,0,0,23
2025-07-21 14:57:50.633444,Clear,0.0,78,0,0,1,0,29
2025-07-21 15:57:50.633444,Clear,0.0,85,0,0,0,0,23
2025-07-21 16:57:50.633444,Clear,0.0,40,0,0,0,0,26
2025-07-21 17:57:50.633444,Clear,0.0,59,0,0,0,0,23
2025-07-21 18:57:50.633444,Clear,0.0,93,0,0,0,0,19
2025-07-21 19:57:50.633444,Clear,0.0,73,0,0,0,0,29
2025-07-21 20:57:50.633444,Clear,0.0,64,0,0,0,0,29
2025-07-21 21:57:50.633444,Clear,0.0,50,0,0,0,0,34
2025-07-21 22:57:50.633444,Clear,0.0,85,0,0,0,0,28
2025-07-21 23:57:50.633444,Clear,0.0,50,0,0,0,0,23
2025-07-22 00:57:50.633444,Clear,0.0,95,0,0,0,0,24
2025-07-22 01:57:50.633444,Clear,0.0,45,0,0,0,0,17
2025-07-22 02:57:50.633444,Clear,0.0,52,0,0,0,0,32
2025-07-22 03:57:50.633444,Cloudy,0.0,47,0,0,0,0,31
2025-07-22 04:57:50.633444,Clear,0.0,73,0,0,0,0,35
2025-07-22 05:57:50.633444,Clear,0.0,88,0,0,0,0,27
2025-07-22 06:57:50.633444,Cloudy,0.0,48,0,0,0,1,32
2025-07-22 07:57:50.633444,Clear,0.0,45,0,0,1,0,24
2025-07-22 08:57:50.633444,Clear,0.0,75,0,0,0,0,22
2025-07-22 09:57:50.633444,Heavy Rain,15.607607438825863,68,0,0,0,1,21
2025-07-22 10:57:50.633444,Clear,0.0,57,0,0,0,0,27
2025-07-22 11:57:50.633444,Clear,0.0,93,0,0,0,0,30
2025-07-22 12:57:50.633444,Cloudy,0.0,51,0,0,0,0,24
2025-07-22 13:57:50.633444,Rain,2.478549126512557,65,0,0,0,0,25
2025-07-22 14:57:50.633444,Cloudy,0.0,95,0,0,1,0,25
2025-07-22 15:57:50.633444,Clear,0.0,71,0,0,0,0,28
2025-07-22 16:57:50.633444,Cloudy,0.0,82,0,0,0,0,29
2025-07-22 17:57:50.633444,Clear,0.0,66,0,0,0,0,25
2025-07-22 18:57:50.633444,Clear,0.0,85,0,0,0,0,30
2025-07-22 19:57:50.633444,Clear,0.0,50,0,0,0,0,31
2025-07-22 20:57:50.633444,Clear,0.0,87,0,0,0,0,30
2025-07-22 21:57:50.633444,Clear,0.0,96,0,0,0,0,28
2025-07-22 22:57:50.633444,Rain,4.666061524255555,86,0,0,0,0,27
2025-07-22 23:57:50.633444,Heavy Rain,39.82535085766149,36,0,0,0,0,24
2025-07-23 00:57:50.633444,Cloudy,0.0,93,0,0,0,0,28
2025-07-23 01:57:50.633444,Clear,0.0,65,0,0,0,0,34
2025-07-23 02:57:50.633444,Clear,0.0,62,0,0,0,0,28
2025-07-23 03:57:50.633444,Heavy Rain,33.82633564635799,17,0,0,0,0,31
2025-07-23 04:57:50.633444,Cloudy,0.0,59,0,0,0,0,26
2025-07-23 05:57:50.633444,Clear,0.0,42,0,0,0,0,29
2025-07-23 06:57:50.633444,Clear,0.0,52,0,0,0,0,36
2025-07-23 07:57:50.633444,Rain,6.576896001195081,65,0,0,1,0,26
2025-07-23 08:57:50.633444,Clear,0.0,90,0,0,0,0,24
2025-07-23 09:57:50.633444,Cloudy,0.0,77,0,0,0,0,28
2025-07-23 10:57:50.633444,Clear,0.0,47,0,0,0,0,34
2025-07-23 11:57:50.633444,Clear,0.0,88,0,0,0,0,31
2025-07-23 12:57:50.633444,Cloudy,0.0,97,0,0,0,0,24
2025-07-23 13:57:50.633444,Clear,0.0,95,0,0,0,0,33
2025-07-23 14:57:50.633444,Cloudy,0.0,92,0,0,1,0,23
2025-07-23 15:57:50.633444,Clear,0.0,65,0,0,0,0,22
2025-07-23 16:57:50.633444,Cloudy,0.0,86,0,0,0,0,21
2025-07-23 17:57:50.633444,Clear,0.0,54,0,0,0,0,27
2025-07-23 18:57:50.633444,Cloudy,0.0,58,0,0,0,0,27
2025-07-23 19:57:50.633444,Clear,0.0,81,0,0,0,0,20
2025-07-23 20:57:50.633444,Clear,0.0,98,0,0,0,0,20
2025-07-23 21:57:50.633444,Clear,0.0,62,0,0,0,0,27
2025-07-23 22:57:50.633444,Clear,0.0,59,0,0,0,0,25
2025-07-23 23:57:50.633444,Cloudy,0.0,61,0,0,0,0,28
2025-07-24 00:57:50.633444,Cloudy,0.0,88,0,0,0,0,25
2025-07-24 01:57:50.633444,Cloudy,0.0,74,0,0,0,0,23
2025-07-24 02:57:50.633444,Clear,0.0,74,0,0,0,0,32
2025-07-24 03:57:50.633444,Clear,0.0,54,0,0,0,0,21
2025-07-24 04:57:50.633444,Cloudy,0.0,46,0,0,0,0,32
2025-07-24 05:57:50.633444,Clear,0.0,88,0,0,0,0,24
2025-07-24 06:57:50.633444,Cloudy,0.0,86,0,0,0,0,31
2025-07-24 07:57:50.633444,Clear,0.0,80,0,0,1,0,30
2025-07-24 08:57:50.633444,Rain,7.706082413950039,49,0,0,0,0,21
2025-07-24 09:57:50.633444,Clear,0.0,80,0,0,0,0,20
2025-07-24 10:57:50.633444,Clear,0.0,85,0,0,0,0,29
2025-07-24 11:57:50.633444,Clear,0.0,64,0,0,0,0,24
2025-07-24 12:57:50.633444,Clear,0.0,57,0,0,0,0,35
2025-07-24 13:57:50.633444,Clear,0.0,99,0,0,0,0,29
2025-07-24 14:57:50.633444,Clear,0.0,99,0,0,1,0,25
2025-07-24 15:57:50.633444,Clear,0.0,63,0,0,0,0,24
2025-07-24 16:57:50.633444,Cloudy,0.0,58,0,0,0,0,29
2025-07-24 17:57:50.633444,Clear,0.0,82,0,0,0,0,34
2025-07-24 18:57:50.633444,Clear,0.0,58,0,0,0,0,20
2025-07-24 19:57:50.633444,Cloudy,0.0,51,0,0,0,0,37
2025-07-24 20:57:50.633444,Clear,0.0,61,0,0,0,0,20
2025-07-24 21:57:50.633444,Clear,0.0,68,0,0,0,0,27
2025-07-24 22:57:50.633444,Clear,0.0,85,0,0,0,0,25
2025-07-24 23:57:50.633444,Clear,0.0,58,0,0,0,0,27
2025-07-25 00:57:50.633444,Clear,0.0,59,0,0,0,0,23
2025-07-25 01:57:50.633444,Clear,0.0,82,0,0,0,0,33
2025-07-25 02:57:50.633444,Clear,0.0,82,0,0,0,0,28
2025-07-25 03:57:50.633444,Clear,0.0,46,0,0,0,0,40
2025-07-25 04:57:50.633444,Clear,0.0,55,0,0,0,0,35
2025-07-25 05:57:50.633444,Clear,0.0,59,0,0,0,0,20
2025-07-25 06:57:50.633444,Rain,7.4236454392637405,85,0,0,0,0,25
2025-07-25 07:57:50.633444,Clear,0.0,98,0,0,1,0,36
2025-07-25 08:57:50.633444,Cloudy,0.0,75,0,0,0,0,32
2025-07-25 09:57:50.633444,Clear,0.0,82,0,0,0,0,21
2025-07-25 10:57:50.633444,Clear,0.0,47,0,0,0,0,32
2025-07-25 11:57:50.633444,Clear,0.0,90,0,0,0,0,15
2025-07-25 12:57:50.633444,Cloudy,0.0,46,0,0,0,0,33
2025-07-25 13:57:50.633444,Clear,0.0,63,0,0,0,0,29
2025-07-25 14:57:50.633444,Cloudy,0.0,41,0,0,1,0,30
2025-07-25 15:57:50.633444,Heavy Rain,34.750458423576674,19,0,0,0,0,18
2025-07-25 16:57:50.633444,Clear,0.0,41,0,0,0,0,23
2025-07-25 17:57:50.633444,Clear,0.0,80,0,0,0,0,27
2025-07-25 18:57:50.633444,Clear,0.0,43,0,0,0,0,37
2025-07-25 19:57:50.633444,Clear,0.0,71,0,0,0,0,20
2025-07-25 20:57:50.633444,Clear,0.0,61,0,0,0,0,28
2025-07-25 21:57:50.633444,Rain,6.623281263274247,75,0,0,0,0,30
2025-07-25 22:57:50.633444,Rain,4.326318233506473,85,0,0,0,0,22
2025-07-25 23:57:50.633444,Clear,0.0,61,0,0,0,0,37
2025-07-26 00:57:50.633444,Cloudy,0.0,74,0,0,0,0,35
2025-07-26 01:57:50.633444,Cloudy,0.0,61,0,0,0,0,30
2025-07-26 02:57:50.633444,Clear,0.0,65,0,0,0,0,27
2025-07-26 03:57:50.633444,Clear,0.0,55,0,0,0,0,31
2025-07-26 04:57:50.633444,Clear,0.0,96,0,0,0,0,23
2025-07-26 05:57:50.633444,Cloudy,0.0,81,0,0,0,0,31
2025-07-26 06:57:50.633444,Clear,0.0,96,0,0,0,0,22
2025-07-26 07:57:50.633444,Clear,0.0,52,0,0,0,0,38
2025-07-26 08:57:50.633444,Clear,0.0,55,0,0,0,0,20
2025-07-26 09:57:50.633444,Cloudy,0.0,42,0,0,0,0,28
2025-07-26 10:57:50.633444,Clear,0.0,57,0,0,0,0,33
2025-07-26 11:57:50.633444,Cloudy,0.0,74,0,0,0,0,36
2025-07-26 12:57:50.633444,Clear,0.0,49,0,0,0,0,22
2025-07-26 13:57:50.633444,Clear,0.0,70,0,0,0,0,33
2025-07-26 14:57:50.633444,Heavy Rain,13.940967857334691,64,0,0,0,0,29
2025-07-26 15:57:50.633444,Cloudy,0.0,72,0,0,0,0,25
2025-07-26 16:57:50.633444,Cloudy,0.0,68,0,0,0,0,34
2025-07-26 17:57:50.633444,Clear,0.0,64,0,0,0,0,29
2025-07-26 18:57:50.633444,Clear,0.0,90,0,0,0,0,33
2025-07-26 19:57:50.633444,Rain,4.304832105284185,65,0,0,0,0,28
2025-07-26 20:57:50.633444,Clear,0.0,64,0,0,0,0,23
2025-07-26 21:57:50.633444,Clear,0.0,92,0,0,0,0,22
2025-07-26 22:57:50.633444,Clear,0.0,61,0,0,0,0,28
2025-07-26 23:57:50.633444,Cloudy,0.0,97,0,0,0,0,31
2025-07-27 00:57:50.633444,Heavy Rain,49.40206141828202,69,0,0,0,0,33
2025-07-27 01:57:50.633444,Clear,0.0,82,0,0,0,1,35
2025-07-27 02:57:50.633444,Cloudy,0.0,78,0,0,0,0,29
2025-07-27 03:57:50.633444,Clear,0.0,78,0,0,0,0,28
2025-07-27 04:57:50.633444,Clear,0.0,70,0,0,0,0,26
2025-07-27 05:57:50.633444,Cloudy,0.0,91,0,0,0,0,19
2025-07-27 06:57:50.633444,Clear,0.0,89,0,0,0,0,24
2025-07-27 07:57:50.633444,Rain,6.980468087028951,43,0,0,0,0,27
2025-07-27 08:57:50.633444,Clear,0.0,69,0,0,0,0,24
2025-07-27 09:57:50.633444,Cloudy,0.0,75,0,0,0,0,26
2025-07-27 10:57:50.633444,Cloudy,0.0,88,0,0,0,1,30
2025-07-27 11:57:50.633444,Cloudy,0.0,76,0,0,0,0,18
2025-07-27 12:57:50.633444,Cloudy,0.0,88,0,0,0,0,24
2025-07-27 13:57:50.633444,Clear,0.0,84,0,0,0,0,27
2025-07-27 14:57:50.633444,Cloudy,0.0,55,0,0,0,0,39
2025-07-27 15:57:50.633444,Clear,0.0,62,0,0,0,0,34
2025-07-27 16:57:50.633444,Clear,0.0,68,0,0,0,0,22
2025-07-27 17:57:50.633444,Rain,5.691701645376202,86,0,0,0,0,29
2025-07-27 18:57:50.633444,Clear,0.0,84,0,0,0,0,30
2025-07-27 19:57:50.633444,Clear,0.0,50,0,0,0,0,22
2025-07-27 20:57:50.633444,Clear,0.0,69,0,0,0,0,27
2025-07-27 21:57:50.633444,Clear,0.0,49,0,0,0,0,27
2025-07-27 22:57:50.633444,Cloudy,0.0,78,0,0,0,0,26
2025-07-27 23:57:50.633444,Clear,0.0,80,0,0,0,0,32
2025-07-28 00:57:50.633444,Cloudy,0.0,95,0,0,0,0,30
2025-07-28 01:57:50.633444,Cloudy,0.0,98,0,0,0,0,38
2025-07-28 02:57:50.633444,Cloudy,0.0,51,0,0,0,0,26
2025-07-28 03:57:50.633444,Clear,0.0,67,0,0,0,0,29
2025-07-28 04:57:50.633444,Clear,0.0,87,0,0,0,0,29
2025-07-28 05:57:50.633444,Cloudy,0.0,83,0,0,0,0,27
2025-07-28 06:57:50.633444,Cloudy,0.0,81,0,0,0,0,25
2025-07-28 07:57:50.633444,Clear,0.0,95,0,0,1,0,30
2025-07-28 08:57:50.633444,Rain,4.966902819121897,87,0,0,0,0,35
2025-07-28 09:57:50.633444,Clear,0.0,91,0,0,0,0,23
2025-07-28 10:57:50.633444,Clear,0.0,83,0,0,0,0,20
2025-07-28 11:57:50.633444,Cloudy,0.0,64,0,0,0,0,32
2025-07-28 12:57:50.633444,Rain,6.706885061406726,57,0,0,0,0,34
2025-07-28 13:57:50.633444,Clear,0.0,87,0,0,0,0,25
2025-07-28 14:57:50.633444,Clear,0.0,96,0,0,1,0,23
2025-07-28 15:57:50.633444,Cloudy,0.0,82,0,0,0,0,26
2025-07-28 16:57:50.633444,Heavy Rain,30.10334466310017,60,0,0,0,0,25
2025-07-28 17:57:50.633444,Clear,0.0,54,0,0,0,0,31
2025-07-28 18:57:50.633444,Clear,0.0,98,0,0,0,0,35
2025-07-28 19:57:50.633444,Clear,0.0,90,0,0,0,0,28
2025-07-28 20:57:50.633444,Clear,0.0,80,0,0,0,0,28
2025-07-28 21:57:50.633444,Cloudy,0.0,93,0,0,0,0,29
2025-07-28 22:57:50.633444,Clear,0.0,74,0,0,0,0,31
2025-07-28 23:57:50.633444,Clear,0.0,65,0,0,0,0,26
2025-07-29 00:57:50.633444,Clear,0.0,45,0,0,0,0,27
2025-07-29 01:57:50.633444,Clear,0.0,99,0,0,0,0,23
2025-07-29 02:57:50.633444,Clear,0.0,64,0,0,0,1,23
2025-07-29 03:57:50.633444,Clear,0.0,97,0,0,0,0,32
2025-07-29 04:57:50.633444,Cloudy,0.0,68,0,0,0,0,32
2025-07-29 05:57:50.633444,Clear,0.0,66,0,0,0,0,35
2025-07-29 06:57:50.633444,Cloudy,0.0,43,0,0,0,0,30
2025-07-29 07:57:50.633444,Clear,0.0,42,0,0,1,0,21
2025-07-29 08:57:50.633444,Clear,0.0,50,0,0,0,0,27
2025-07-29 09:57:50.633444,Clear,0.0,49,0,0,0,0,35
2025-07-29 10:57:50.633444,Clear,0.0,67,0,0,0,0,28
2025-07-29 11:57:50.633444,Clear,0.0,63,0,0,0,0,30
2025-07-29 12:57:50.633444,Cloudy,0.0,84,0,0,0,0,26
2025-07-29 13:57:50.633444,Cloudy,0.0,49,0,0,0,0,26
2025-07-29 14:57:50.633444,Cloudy,0.0,94,0,0,1,0,28
2025-07-29 15:57:50.633444,Rain,2.535147546187712,84,0,0,0,0,20
2025-07-29 16:57:50.633444,Cloudy,0.0,64,0,0,0,1,28
2025-07-29 17:57:50.633444,Cloudy,0.0,52,0,0,0,0,41
2025-07-29 18:57:50.633444,Clear,0.0,49,0,0,0,0,31
2025-07-29 19:57:50.633444,Cloudy,0.0,55,0,0,0,0,24
2025-07-29 20:57:50.633444,Cloudy,0.0,97,0,0,0,0,35
2025-07-29 21:57:50.633444,Clear,0.0,73,0,0,0,0,32
2025-07-29 22:57:50.633444,Clear,0.0,65,0,0,0,0,33
2025-07-29 23:57:50.633444,Clear,0.0,89,0,0,0,0,32
2025-07-30 00:57:50.633444,Clear,0.0,91,0,0,0,0,25
2025-07-30 01:57:50.633444,Clear,0.0,79,0,0,0,0,26
2025-07-30 02:57:50.633444,Clear,0.0,79,0,0,0,0,31
2025-07-30 03:57:50.633444,Clear,0.0,70,0,0,0,0,22
2025-07-30 04:57:50.633444,Clear,0.0,88,0,0,0,0,34
2025-07-30 05:57:50.633444,Cloudy,0.0,54,0,0,0,0,33
2025-07-30 06:57:50.633444,Clear,0.0,62,0,0,0,0,24
2025-07-30 07:57:50.633444,Clear,0.0,48,0,0,1,0,23
2025-07-30 08:57:50.633444,Cloudy,0.0,62,0,0,0,0,26
2025-07-30 09:57:50.633444,Clear,0.0,42,0,0,0,0,28
2025-07-30 10:57:50.633444,Clear,0.0,58,0,0,0,0,30
2025-07-30 11:57:50.633444,Clear,0.0,76,0,0,0,0,23
2025-07-30 12:57:50.633444,Clear,0.0,41,0,0,0,0,26
2025-07-30 13:57:50.633444,Cloudy,0.0,75,0,0,0,0,29
2025-07-30 14:57:50.633444,Clear,0.0,84,0,0,1,0,33
2025-07-30 15:57:50.633444,Clear,0.0,84,0,0,0,0,22
2025-07-30 16:57:50.633444,Clear,0.0,71,0,0,0,0,33
2025-07-30 17:57:50.633444,Cloudy,0.0,97,0,0,0,0,28
2025-07-30 18:57:50.633444,Rain,8.396094080062028,72,0,0,0,0,29
2025-07-30 19:57:50.633444,Clear,0.0,73,0,0,0,0,35
2025-07-30 20:57:50.633444,Rain,5.856255228770187,86,0,0,0,0,35
2025-07-30 21:57:50.633444,Clear,0.0,94,0,0,0,0,30
2025-07-30 22:57:50.633444,Clear,0.0,76,0,0,0,0,30
2025-07-30 23:57:50.633444,Cloudy,0.0,58,0,0,0,0,36
2025-07-31 00:57:50.633444,Clear,0.0,99,0,0,0,0,27
2025-07-31 01:57:50.633444,Clear,0.0,78,0,0,0,0,32
2025-07-31 02:57:50.633444,Clear,0.0,89,0,0,0,0,33
2025-07-31 03:57:50.633444,Cloudy,0.0,73,0,0,0,0,24
2025-07-31 04:57:50.633444,Clear,0.0,50,0,0,0,0,26
2025-07-31 05:57:50.633444,Clear,0.0,61,0,0,0,0,31
2025-07-31 06:57:50.633444,Clear,0.0,92,0,0,0,0,24
2025-07-31 07:57:50.633444,Clear,0.0,68,0,0,1,0,17
2025-07-31 08:57:50.633444,Clear,0.0,65,0,0,0,0,27
2025-07-31 09:57:50.633444,Clear,0.0,53,0,0,0,0,28
2025-07-31 10:57:50.633444,Clear,0.0,77,0,0,0,0,30
2025-07-31 11:57:50.633444,Clear,0.0,94,0,0,0,1,25
2025-07-31 12:57:50.633444,Rain,6.438398859034849,63,0,0,0,0,28
2025-07-31 13:57:50.633444,Clear,0.0,71,0,0,0,0,27
2025-07-31 14:57:50.633444,Clear,0.0,66,0,0,1,0,29
2025-07-31 15:57:50.633444,Clear,0.0,68,0,0,0,0,32
2025-07-31 16:57:50.633444,Clear,0.0,40,0,0,0,0,32
2025-07-31 17:57:50.633444,Cloudy,0.0,76,0,0,0,0,26
2025-07-31 18:57:50.633444,Clear,0.0,70,0,0,0,0,20
2025-07-31 19:57:50.633444,Clear,0.0,51,0,0,0,0,31
2025-07-31 20:57:50.633444,Clear,0.0,74,0,0,0,0,33
2025-07-31 21:57:50.633444,Clear,0.0,56,0,0,0,0,25
2025-07-31 22:57:50.633444,Clear,0.0,57,0,0,0,0,27
2025-07-31 23:57:50.633444,Clear,0.0,93,0,0,0,0,21
2025-08-01 00:57:50.633444,Clear,0.0,87,0,0,0,0,31
2025-08-01 01:57:50.633444,Cloudy,0.0,75,0,0,0,0,25
2025-08-01 02:57:50.633444,Clear,0.0,79,0,0,0,0,37
2025-08-01 03:57:50.633444,Rain,9.565315188641822,83,0,0,0,0,34
2025-08-01 04:57:50.633444,Clear,0.0,54,0,0,0,0,27
2025-08-01 05:57:50.633444,Clear,0.0,95,0,0,0,0,29
2025-08-01 06:57:50.633444,Rain,4.660739509040644,77,0,0,0,0,21
2025-08-01 07:57:50.633444,Clear,0.0,48,0,0,1,0,26
2025-08-01 08:57:50.633444,Cloudy,0.0,55,0,0,0,0,37
2025-08-01 09:57:50.633444,Cloudy,0.0,96,0,0,0,1,33
2025-08-01 10:57:50.633444,Clear,0.0,87,0,0,0,0,28
2025-08-01 11:57:50.633444,Clear,0.0,42,0,0,0,0,24
2025-08-01 12:57:50.633444,Clear,0.0,60,0,0,0,0,23
2025-08-01 13:57:50.633444,Clear,0.0,63,0,0,0,0,37
2025-08-01 14:57:50.633444,Heavy Rain,43.655257024977566,46,0,0,1,0,37
2025-08-01 15:57:50.633444,Clear,0.0,64,0,0,0,0,22
2025-08-01 16:57:50.633444,Cloudy,0.0,86,0,0,0,0,22
2025-08-01 17:57:50.633444,Clear,0.0,43,0,0,0,0,21
2025-08-01 18:57:50.633444,Clear,0.0,83,0,0,0,0,19
2025-08-01 19:57:50.633444,Rain,3.006985303825563,42,0,0,0,0,22
2025-08-01 20:57:50.633444,Cloudy,0.0,91,0,0,0,0,33
2025-08-01 21:57:50.633444,Cloudy,0.0,75,0,0,0,0,30
2025-08-01 22:57:50.633444,Heavy Rain,33.566215109286524,18,0,0,0,0,25
2025-08-01 23:57:50.633444,Heavy Rain,37.20379304484979,49,0,0,0,0,30
2025-08-02 00:57:50.633444,Clear,0.0,69,0,0,0,0,33
2025-08-02 01:57:50.633444,Clear,0.0,86,0,0,0,0,27
2025-08-02 02:57:50.633444,Cloudy,0.0,66,0,0,0,0,22
2025-08-02 03:57:50.633444,Clear,0.0,69,0,0,0,0,28
2025-08-02 04:57:50.633444,Clear,0.0,45,0,0,0,0,24
2025-08-02 05:57:50.633444,Clear,0.0,86,0,0,0,0,35
2025-08-02 06:57:50.633444,Clear,0.0,83,0,0,0,0,18
2025-08-02 07:57:50.633444,Clear,0.0,45,0,0,0,0,31
2025-08-02 08:57:50.633444,Rain,3.9430501205629804,75,0,0,0,0,32
2025-08-02 09:57:50.633444,Clear,0.0,78,0,0,0,0,26
2025-08-02 10:57:50.633444,Cloudy,0.0,56,0,0,0,0,27
2025-08-02 11:57:50.633444,Rain,3.2975135906378332,97,0,0,0,0,27
2025-08-02 12:57:50.633444,Clear,0.0,73,0,0,0,0,17
2025-08-02 13:57:50.633444,Clear,0.0,43,0,0,0,0,30
2025-08-02 14:57:50.633444,Clear,0.0,92,0,0,0,0,33
2025-08-02 15:57:50.633444,Clear,0.0,73,0,0,0,0,28
2025-08-02 16:57:50.633444,Clear,0.0,54,0,0,0,0,25
2025-08-02 17:57:50.633444,Clear,0.0,60,0,0,0,0,24
2025-08-02 18:57:50.633444,Rain,2.208543361703131,92,0,0,0,0,24
2025-08-02 19:57:50.633444,Clear,0.0,55,0,0,0,0,23
2025-08-02 20:57:50.633444,Heavy Rain,49.30908781286042,62,0,0,0,0,26
2025-08-02 21:57:50.633444,Heavy Rain,19.090934198347036,30,0,0,0,0,25
2025-08-02 22:57:50.633444,Clear,0.0,75,0,0,0,0,29
2025-08-02 23:57:50.633444,Cloudy,0.0,49,0,0,0,0,30
2025-08-03 00:57:50.633444,Cloudy,0.0,84,0,0,0,0,21
2025-08-03 01:57:50.633444,Clear,0.0,73,0,0,0,0,21
2025-08-03 02:57:50.633444,Cloudy,0.0,53,0,0,0,0,33
2025-08-03 03:57:50.633444,Clear,0.0,45,0,0,0,0,35
2025-08-03 04:57:50.633444,Cloudy,0.0,40,0,0,0,0,34
2025-08-03 05:57:50.633444,Heavy Rain,38.456801472239874,68,0,0,0,0,28
2025-08-03 06:57:50.633444,Clear,0.0,73,0,0,0,1,26
2025-08-03 07:57:50.633444,Clear,0.0,86,0,0,0,0,31
2025-08-03 08:57:50.633444,Heavy Rain,24.62321405294784,12,0,0,0,0,27
2025-08-03 09:57:50.633444,Cloudy,0.0,99,0,0,0,0,21
2025-08-03 10:57:50.633444,Clear,0.0,53,0,0,0,0,20
2025-08-03 11:57:50.633444,Clear,0.0,98,0,0,0,0,18
2025-08-03 12:57:50.633444,Clear,0.0,91,0,0,0,0,23
2025-08-03 13:57:50.633444,Cloudy,0.0,40,0,0,0,0,32
2025-08-03 14:57:50.633444,Clear,0.0,65,0,0,0,0,22
2025-08-03 15:57:50.633444,Clear,0.0,98,0,0,0,0,28
2025-08-03 16:57:50.633444,Clear,0.0,67,0,0,0,0,28
2025-08-03 17:57:50.633444,Clear,0.0,68,0,0,0,0,34
2025-08-03 18:57:50.633444,Clear,0.0,49,0,0,0,0,28
2025-08-03 19:57:50.633444,Clear,0.0,96,0,0,0,0,25
2025-08-03 20:57:50.633444,Cloudy,0.0,40,0,0,0,0,30
2025-08-03 21:57:50.633444,Cloudy,0.0,49,0,0,0,0,17
2025-08-03 22:57:50.633444,Clear,0.0,93,0,0,0,0,25
2025-08-03 23:57:50.633444,Cloudy,0.0,91,0,0,0,0,29
2025-08-04 00:57:50.633444,Clear,0.0,51,0,0,0,0,30
2025-08-04 01:57:50.633444,Clear,0.0,85,0,0,0,0,14
2025-08-04 02:57:50.633444,Clear,0.0,91,0,0,0,0,26
2025-08-04 03:57:50.633444,Clear,0.0,79,0,0,0,0,23
2025-08-04 04:57:50.633444,Clear,0.0,91,0,0,0,0,29
2025-08-04 05:57:50.633444,Heavy Rain,32.42425445394275,43,0,0,0,0,33
2025-08-04 06:57:50.633444,Heavy Rain,17.48128397866974,46,0,0,0,0,25
2025-08-04 07:57:50.633444,Clear,0.0,62,0,0,1,0,35
2025-08-04 08:57:50.633444,Cloudy,0.0,63,0,0,0,0,32
2025-08-04 09:57:50.633444,Clear,0.0,91,0,0,0,0,39
2025-08-04 10:57:50.633444,Rain,8.865452577714791,42,0,0,0,0,24
2025-08-04 11:57:50.633444,Clear,0.0,73,0,0,0,0,28
2025-08-04 12:57:50.633444,Clear,0.0,93,0,0,0,0,28
2025-08-04 13:57:50.633444,Clear,0.0,83,0,0,0,0,16
2025-08-04 14:57:50.633444,Clear,0.0,44,0,0,1,0,29
2025-08-04 15:57:50.633444,Clear,0.0,45,0,0,0,0,27
2025-08-04 16:57:50.633444,Clear,0.0,54,0,0,0,0,27
2025-08-04 17:57:50.633444,Clear,0.0,74,0,0,0,0,25
2025-08-04 18:57:50.633444,Clear,0.0,46,0,0,0,0,31
2025-08-04 19:57:50.633444,Clear,0.0,48,0,0,0,0,34
2025-08-04 20:57:50.633444,Clear,0.0,91,0,0,0,0,30
2025-08-04 21:57:50.633444,Cloudy,0.0,92,0,0,0,0,32
2025-08-04 22:57:50.633444,Cloudy,0.0,78,0,0,0,0,27
2025-08-04 23:57:50.633444,Clear,0.0,53,0,0,0,0,22
2025-08-05 00:57:50.633444,Clear,0.0,55,0,0,0,0,27
2025-08-05 01:57:50.633444,Clear,0.0,86,0,0,0,0,26
2025-08-05 02:57:50.633444,Cloudy,0.0,85,0,0,0,0,22
2025-08-05 03:57:50.633444,Cloudy,0.0,92,0,0,0,0,31
2025-08-05 04:57:50.633444,Clear,0.0,58,0,0,0,0,24
2025-08-05 05:57:50.633444,Cloudy,0.0,78,0,0,0,0,25
2025-08-05 06:57:50.633444,Clear,0.0,42,0,0,0,0,28
2025-08-05 07:57:50.633444,Clear,0.0,54,0,0,1,0,38
2025-08-05 08:57:50.633444,Cloudy,0.0,62,0,0,0,0,30
2025-08-05 09:57:50.633444,Clear,0.0,88,0,0,0,0,26
2025-08-05 10:57:50.633444,Clear,0.0,74,0,0,0,0,19
2025-08-05 11:57:50.633444,Clear,0.0,98,0,0,0,0,24
2025-08-05 12:57:50.633444,Cloudy,0.0,84,0,0,0,0,28
2025-08-05 13:57:50.633444,Rain,6.677177579817895,74,0,0,0,1,33
2025-08-05 14:57:50.633444,Rain,3.7031776495302697,49,0,0,1,0,27
2025-08-05 15:57:50.633444,Heavy Rain,46.64806890759198,69,0,0,0,0,35
2025-08-05 16:57:50.633444,Clear,0.0,46,0,0,0,0,23
2025-08-05 17:57:50.633444,Clear,0.0,91,0,0,0,1,27
2025-08-05 18:57:50.633444,Clear,0.0,87,0,0,0,0,29
2025-08-05 19:57:50.633444,Cloudy,0.0,99,0,0,0,0,36
2025-08-05 20:57:50.633444,Heavy Rain,49.9372549600743,13,0,0,0,0,22
2025-08-05 21:57:50.633444,Clear,0.0,98,0,0,0,0,21
2025-08-05 22:57:50.633444,Cloudy,0.0,46,0,0,0,0,30
2025-08-05 23:57:50.633444,Cloudy,0.0,53,0,0,0,0,31
2025-08-06 00:57:50.633444,Clear,0.0,67,0,0,0,0,21
2025-08-06 01:57:50.633444,Clear,0.0,53,0,0,0,0,28
2025-08-06 02:57:50.633444,Clear,0.0,55,0,0,0,0,31
2025-08-06 03:57:50.633444,Clear,0.0,95,0,0,0,0,30
2025-08-06 04:57:50.633444,Clear,0.0,65,0,0,0,0,30
2025-08-06 05:57:50.633444,Heavy Rain,42.38126293906764,20,0,0,0,0,26
2025-08-06 06:57:50.633444,Clear,0.0,48,0,0,0,0,30
2025-08-06 07:57:50.633444,Cloudy,0.0,63,0,0,1,0,27
2025-08-06 08:57:50.633444,Cloudy,0.0,93,0,0,0,0,28
2025-08-06 09:57:50.633444,Clear,0.0,84,0,0,0,0,21
2025-08-06 10:57:50.633444,Cloudy,0.0,56,0,0,0,0,29
2025-08-06 11:57:50.633444,Heavy Rain,17.00167903653114,48,0,0,0,0,28
2025-08-06 12:57:50.633444,Cloudy,0.0,66,0,0,0,0,28
2025-08-06 13:57:50.633444,Clear,0.0,83,0,0,0,0,24
2025-08-06 14:57:50.633444,Clear,0.0,58,0,0,1,0,39
2025-08-06 15:57:50.633444,Cloudy,0.0,84,0,0,0,0,29
2025-08-06 16:57:50.633444,Clear,0.0,77,0,0,0,0,20
2025-08-06 17:57:50.633444,Clear,0.0,87,0,0,0,0,20
2025-08-06 18:57:50.633444,Cloudy,0.0,81,0,0,0,0,30
2025-08-06 19:57:50.633444,Clear,0.0,94,0,0,0,0,29
2025-08-06 20:57:50.633444,Clear,0.0,55,0,0,0,0,36
2025-08-06 21:57:50.633444,Cloudy,0.0,68,0,0,0,0,28
2025-08-06 22:57:50.633444,Rain,4.5515951944093205,83,0,0,0,0,33
2025-08-06 23:57:50.633444,Clear,0.0,51,0,0,0,0,30
2025-08-07 00:57:50.633444,Clear,0.0,93,0,0,0,0,11
2025-08-07 01:57:50.633444,Clear,0.0,71,0,0,0,1,20
2025-08-07 02:57:50.633444,Cloudy,0.0,49,0,0,0,0,29
2025-08-07 03:57:50.633444,Rain,9.19734622591799,41,0,0,0,0,27
2025-08-07 04:57:50.633444,Rain,4.714511798639729,88,0,0,0,0,31
2025-08-07 05:57:50.633444,Cloudy,0.0,60,0,0,0,0,36
2025-08-07 06:57:50.633444,Clear,0.0,61,0,0,0,0,23
2025-08-07 07:57:50.633444,Cloudy,0.0,62,0,0,1,0,29
2025-08-07 08:57:50.633444,Clear,0.0,76,0,0,0,0,33
2025-08-07 09:57:50.633444,Clear,0.0,80,0,0,0,0,41
2025-08-07 10:57:50.633444,Clear,0.0,84,0,0,0,0,25
2025-08-07 11:57:50.633444,Clear,0.0,63,0,0,0,0,25
2025-08-07 12:57:50.633444,Clear,0.0,69,0,0,0,0,30
2025-08-07 13:57:50.633444,Cloudy,0.0,62,0,0,0,0,22
2025-08-07 14:57:50.633444,Cloudy,0.0,43,0,0,1,0,28
2025-08-07 15:57:50.633444,Rain,8.531219257099728,73,0,0,0,0,33
2025-08-07 16:57:50.633444,Clear,0.0,99,0,0,0,0,34
2025-08-07 17:57:50.633444,Clear,0.0,82,0,0,0,0,23
2025-08-07 18:57:50.633444,Heavy Rain,35.57624990529258,26,0,0,0,0,23
2025-08-07 19:57:50.633444,Rain,7.221954044503844,71,0,0,0,0,34
2025-08-07 20:57:50.633444,Cloudy,0.0,80,0,0,0,0,33
2025-08-07 21:57:50.633444,Clear,0.0,66,0,0,0,0,25
2025-08-07 22:57:50.633444,Clear,0.0,78,0,0,0,0,26
2025-08-07 23:57:50.633444,Cloudy,0.0,68,0,0,0,0,30
2025-08-08 00:57:50.633444,Clear,0.0,62,0,0,0,0,28
2025-08-08 01:57:50.633444,Clear,0.0,94,0,0,0,0,31
2025-08-08 02:57:50.633444,Heavy Rain,16.555886273372696,12,0,0,0,0,31
2025-08-08 03:57:50.633444,Rain,7.902314950497717,91,0,0,0,0,27
2025-08-08 04:57:50.633444,Clear,0.0,94,0,0,0,0,21
2025-08-08 05:57:50.633444,Clear,0.0,99,0,0,0,0,31
2025-08-08 06:57:50.633444,Rain,3.3144679234327628,95,0,0,0,0,29
2025-08-08 07:57:50.633444,Clear,0.0,60,0,0,1,0,24
2025-08-08 08:57:50.633444,Clear,0.0,70,0,0,0,0,27
2025-08-08 09:57:50.633444,Clear,0.0,68,0,0,0,0,23
2025-08-08 10:57:50.633444,Cloudy,0.0,97,0,0,0,0,33
2025-08-08 11:57:50.633444,Clear,0.0,77,0,0,0,0,30
2025-08-08 12:57:50.633444,Cloudy,0.0,81,0,0,0,0,21
2025-08-08 13:57:50.633444,Cloudy,0.0,49,0,0,0,0,40
2025-08-08 14:57:50.633444,Cloudy,0.0,77,0,0,1,0,25
2025-08-08 15:57:50.633444,Cloudy,0.0,65,0,0,0,0,28
2025-08-08 16:57:50.633444,Clear,0.0,65,0,0,0,0,31
2025-08-08 17:57:50.633444,Cloudy,0.0,88,0,0,0,0,30
2025-08-08 18:57:50.633444,Clear,0.0,83,0,0,0,0,35
2025-08-08 19:57:50.633444,Clear,0.0,74,0,0,0,0,30
2025-08-08 20:57:50.633444,Rain,7.504682346392603,71,0,0,0,0,29
2025-08-08 21:57:50.633444,Clear,0.0,58,0,0,0,0,32
2025-08-08 22:57:50.633444,Clear,0.0,79,0,0,0,0,20
2025-08-08 23:57:50.633444,Clear,0.0,95,0,0,0,0,29
2025-08-09 00:57:50.633444,Cloudy,0.0,61,0,0,0,0,26
2025-08-09 01:57:50.633444,Clear,0.0,65,0,0,0,0,29
2025-08-09 02:57:50.633444,Cloudy,0.0,80,0,0,0,0,25
2025-08-09 03:57:50.633444,Clear,0.0,77,0,0,0,0,24
2025-08-09 04:57:50.633444,Clear,0.0,56,0,0,0,0,24
2025-08-09 05:57:50.633444,Cloudy,0.0,65,0,0,0,0,21
2025-08-09 06:57:50.633444,Clear,0.0,98,0,0,0,0,29
2025-08-09 07:57:50.633444,Clear,0.0,50,0,0,0,0,26
2025-08-09 08:57:50.633444,Heavy Rain,39.250261070678555,32,0,0,0,0,24
2025-08-09 09:57:50.633444,Heavy Rain,25.78728801183479,25,0,0,0,0,14
2025-08-09 10:57:50.633444,Clear,0.0,75,0,0,0,0,28
2025-08-09 11:57:50.633444,Clear,0.0,80,0,0,0,0,24
2025-08-09 12:57:50.633444,Heavy Rain,27.312341930846685,30,0,0,0,0,25
2025-08-09 13:57:50.633444,Cloudy,0.0,68,0,0,0,0,28
2025-08-09 14:57:50.633444,Cloudy,0.0,47,0,0,0,0,28
2025-08-09 15:57:50.633444,Clear,0.0,92,0,0,0,0,28
2025-08-09 16:57:50.633444,Cloudy,0.0,43,0,0,0,0,28
2025-08-09 17:57:50.633444,Clear,0.0,85,0,0,0,0,21
2025-08-09 18:57:50.633444,Clear,0.0,87,0,0,0,0,26
2025-08-09 19:57:50.633444,Clear,0.0,44,0,0,0,0,26
2025-08-09 20:57:50.633444,Clear,0.0,99,0,0,0,0,34
2025-08-09 21:57:50.633444,Clear,0.0,46,0,0,0,0,31
2025-08-09 22:57:50.633444,Clear,0.0,86,0,0,0,0,32
2025-08-09 23:57:50.633444,Cloudy,0.0,52,0,0,0,0,39
2025-08-10 00:57:50.633444,Cloudy,0.0,44,0,0,0,0,17
2025-08-10 01:57:50.633444,Rain,7.324655545559231,93,0,0,0,0,20
2025-08-10 02:57:50.633444,Rain,6.759347014275165,80,0,0,0,0,37
2025-08-10 03:57:50.633444,Clear,0.0,87,0,0,0,0,32
2025-08-10 04:57:50.633444,Cloudy,0.0,75,0,0,0,0,18
2025-08-10 05:57:50.633444,Clear,0.0,45,0,0,0,0,35
2025-08-10 06:57:50.633444,Cloudy,0.0,52,0,0,0,0,24
2025-08-10 07:57:50.633444,Clear,0.0,77,0,0,0,0,27
2025-08-10 08:57:50.633444,Cloudy,0.0,52,0,0,0,0,30
2025-08-10 09:57:50.633444,Clear,0.0,96,0,0,0,0,31
2025-08-10 10:57:50.633444,Rain,4.884144563937338,64,0,0,0,0,27
2025-08-10 11:57:50.633444,Clear,0.0,72,0,0,0,0,32
2025-08-10 12:57:50.633444,Cloudy,0.0,51,0,0,0,0,32
2025-08-10 13:57:50.633444,Clear,0.0,68,0,0,0,0,26
2025-08-10 14:57:50.633444,Clear,0.0,64,0,0,0,0,24
2025-08-10 15:57:50.633444,Clear,0.0,76,0,0,0,0,25
2025-08-10 16:57:50.633444,Cloudy,0.0,54,0,0,0,0,25
2025-08-10 17:57:50.633444,Clear,0.0,94,0,0,0,0,31
2025-08-10 18:57:50.633444,Clear,0.0,77,0,0,0,1,36
2025-08-10 19:57:50.633444,Clear,0.0,62,0,0,0,0,31
2025-08-10 20:57:50.633444,Heavy Rain,22.059756895996465,51,0,0,0,0,30
2025-08-10 21:57:50.633444,Clear,0.0,62,0,0,0,0,28
2025-08-10 22:57:50.633444,Cloudy,0.0,86,0,0,0,0,30
2025-08-10 23:57:50.633444,Clear,0.0,78,0,0,0,0,24
2025-08-11 00:57:50.633444,Cloudy,0.0,74,0,0,0,0,24
2025-08-11 01:57:50.633444,Cloudy,0.0,43,0,0,0,0,31
2025-08-11 02:57:50.633444,Clear,0.0,41,0,0,0,0,22
2025-08-11 03:57:50.633444,Cloudy,0.0,64,0,0,0,0,21
2025-08-11 04:57:50.633444,Cloudy,0.0,85,0,0,0,0,29
2025-08-11 05:57:50.633444,Clear,0.0,56,0,0,0,0,27
2025-08-11 06:57:50.633444,Cloudy,0.0,68,0,0,0,0,20
2025-08-11 07:57:50.633444,Rain,4.729808073754825,55,0,0,1,0,28
2025-08-11 08:57:50.633444,Clear,0.0,49,0,0,0,0,30
2025-08-11 09:57:50.633444,Clear,0.0,55,0,0,0,0,19
2025-08-11 10:57:50.633444,Cloudy,0.0,98,0,0,0,0,32
2025-08-11 11:57:50.633444,Clear,0.0,70,0,0,0,0,28
2025-08-11 12:57:50.633444,Clear,0.0,52,0,0,0,0,25
2025-08-11 13:57:50.633444,Cloudy,0.0,94,0,0,0,0,17
2025-08-11 14:57:50.633444,Cloudy,0.0,45,0,0,1,0,40
2025-08-11 15:57:50.633444,Cloudy,0.0,42,0,0,0,1,25
2025-08-11 16:57:50.633444,Clear,0.0,69,0,0,0,0,36
2025-08-11 17:57:50.633444,Clear,0.0,80,0,0,0,0,29
2025-08-11 18:57:50.633444,Rain,2.8969836324201816,61,0,0,0,0,27
2025-08-11 19:57:50.633444,Clear,0.0,52,0,0,0,0,18
2025-08-11 20:57:50.633444,Clear,0.0,51,0,0,0,0,32
2025-08-11 21:57:50.633444,Clear,0.0,71,0,0,0,0,30
2025-08-11 22:57:50.633444,Clear,0.0,88,0,0,0,0,20
2025-08-11 23:57:50.633444,Cloudy,0.0,59,0,0,0,0,26
2025-08-12 00:57:50.633444,Clear,0.0,77,0,0,0,0,32
2025-08-12 01:57:50.633444,Clear,0.0,65,0,0,0,0,33
2025-08-12 02:57:50.633444,Clear,0.0,78,0,0,0,0,23
2025-08-12 03:57:50.633444,Clear,0.0,69,0,0,0,0,18
2025-08-12 04:57:50.633444,Cloudy,0.0,50,0,0,0,0,27
2025-08-12 05:57:50.633444,Rain,9.794085349519396,95,0,0,0,0,23
2025-08-12 06:57:50.633444,Clear,0.0,41,0,0,0,0,30
2025-08-12 07:57:50.633444,Cloudy,0.0,65,0,0,1,0,20
2025-08-12 08:57:50.633444,Cloudy,0.0,46,0,0,0,0,28
2025-08-12 09:57:50.633444,Clear,0.0,57,0,0,0,0,32
2025-08-12 10:57:50.633444,Clear,0.0,55,0,0,0,0,23
2025-08-12 11:57:50.633444,Rain,6.371359614728122,79,0,0,0,0,29
2025-08-12 12:57:50.633444,Clear,0.0,86,0,0,0,0,27
2025-08-12 13:57:50.633444,Cloudy,0.0,62,0,0,0,0,29
2025-08-12 14:57:50.633444,Rain,6.478851218689695,70,0,0,1,0,14
2025-08-12 15:57:50.633444,Clear,0.0,57,0,0,0,0,26
2025-08-12 16:57:50.633444,Cloudy,0.0,56,0,0,0,0,31
2025-08-12 17:57:50.633444,Clear,0.0,79,0,0,0,0,29
2025-08-12 18:57:50.633444,Clear,0.0,62,0,0,0,1,31
2025-08-12 19:57:50.633444,Clear,0.0,40,0,0,0,0,28
2025-08-12 20:57:50.633444,Rain,7.054070285527901,66,0,0,0,0,32
2025-08-12 21:57:50.633444,Cloudy,0.0,54,0,0,0,0,30
2025-08-12 22:57:50.633444,Clear,0.0,70,0,0,0,0,23
2025-08-12 23:57:50.633444,Clear,0.0,49,0,0,0,0,22
2025-08-13 00:57:50.633444,Clear,0.0,44,0,0,0,1,35
2025-08-13 01:57:50.633444,Cloudy,0.0,73,0,0,0,0,29
2025-08-13 02:57:50.633444,Cloudy,0.0,76,0,0,0,0,28
2025-08-13 03:57:50.633444,Rain,9.120582415234008,51,0,0,0,0,33
2025-08-13 04:57:50.633444,Heavy Rain,12.442424655656165,25,0,0,0,0,31
2025-08-13 05:57:50.633444,Clear,0.0,85,0,0,0,0,26
2025-08-13 06:57:50.633444,Rain,6.341189288886372,89,0,0,0,0,31
2025-08-13 07:57:50.633444,Rain,8.81463156886999,58,0,0,1,0,27
2025-08-13 08:57:50.633444,Clear,0.0,54,0,0,0,0,26
2025-08-13 09:57:50.633444,Clear,0.0,68,0,0,0,0,36
2025-08-13 10:57:50.633444,Clear,0.0,61,0,0,0,0,22
2025-08-13 11:57:50.633444,Cloudy,0.0,42,0,0,0,0,36
2025-08-13 12:57:50.633444,Clear,0.0,76,0,0,0,0,24
2025-08-13 13:57:50.633444,Clear,0.0,70,0,0,0,0,27
2025-08-13 14:57:50.633444,Cloudy,0.0,78,0,0,1,0,28
2025-08-13 15:57:50.633444,Clear,0.0,44,0,0,0,0,33
2025-08-13 16:57:50.633444,Cloudy,0.0,68,0,0,0,0,32
2025-08-13 17:57:50.633444,Clear,0.0,95,0,0,0,0,35
2025-08-13 18:57:50.633444,Clear,0.0,92,0,0,0,0,39
2025-08-13 19:57:50.633444,Clear,0.0,81,0,0,0,0,25
2025-08-13 20:57:50.633444,Clear,0.0,99,0,0,0,0,27
2025-08-13 21:57:50.633444,Clear,0.0,56,0,0,0,0,25
2025-08-13 22:57:50.633444,Clear,0.0,58,0,0,0,0,29
2025-08-13 23:57:50.633444,Heavy Rain,26.64222845191565,16,0,0,0,0,26
2025-08-14 00:57:50.633444,Clear,0.0,78,0,0,0,0,23
2025-08-14 01:57:50.633444,Cloudy,0.0,91,0,0,0,0,31
2025-08-14 02:57:50.633444,Cloudy,0.0,60,0,0,0,0,31
2025-08-14 03:57:50.633444,Cloudy,0.0,87,0,0,0,0,27
2025-08-14 04:57:50.633444,Clear,0.0,68,0,0,0,0,33
2025-08-14 05:57:50.633444,Cloudy,0.0,40,0,0,0,0,26
2025-08-14 06:57:50.633444,Clear,0.0,95,0,0,0,0,25
2025-08-14 07:57:50.633444,Clear,0.0,42,0,0,1,0,30
2025-08-14 08:57:50.633444,Clear,0.0,43,0,0,0,0,26
2025-08-14 09:57:50.633444,Clear,0.0,93,0,0,0,0,22
2025-08-14 10:57:50.633444,Cloudy,0.0,62,0,0,0,0,35
2025-08-14 11:57:50.633444,Clear,0.0,98,0,0,0,0,29
2025-08-14 12:57:50.633444,Rain,7.363506367569482,90,0,0,0,0,25
2025-08-14 13:57:50.633444,Rain,5.241216512432762,90,0,0,0,0,34
2025-08-14 14:57:50.633444,Cloudy,0.0,88,0,0,1,0,31
2025-08-14 15:57:50.633444,Clear,0.0,90,0,0,0,0,30
2025-08-14 16:57:50.633444,Clear,0.0,46,0,0,0,0,24
2025-08-14 17:57:50.633444,Cloudy,0.0,41,0,0,0,0,22
2025-08-14 18:57:50.633444,Clear,0.0,99,0,0,0,0,33
2025-08-14 19:57:50.633444,Clear,0.0,54,0,0,0,0,26
2025-08-14 20:57:50.633444,Clear,0.0,56,0,0,0,0,37
2025-08-14 21:57:50.633444,Rain,9.616684288501844,97,0,0,0,0,37
2025-08-14 22:57:50.633444,Heavy Rain,42.544310317730734,54,0,0,0,0,20
2025-08-14 23:57:50.633444,Clear,0.0,47,0,0,0,0,26
2025-08-15 00:57:50.633444,Clear,0.0,53,0,0,0,0,21
2025-08-15 01:57:50.633444,Clear,0.0,62,0,0,0,0,37
2025-08-15 02:57:50.633444,Clear,0.0,60,0,0,0,0,29
2025-08-15 03:57:50.633444,Clear,0.0,51,0,0,0,0,35
2025-08-15 04:57:50.633444,Clear,0.0,79,0,0,0,0,30
2025-08-15 05:57:50.633444,Cloudy,0.0,62,0,0,0,0,26
2025-08-15 06:57:50.633444,Clear,0.0,40,0,0,0,0,25
2025-08-15 07:57:50.633444,Heavy Rain,13.102287331273693,52,0,0,1,0,36
2025-08-15 08:57:50.633444,Cloudy,0.0,89,0,0,0,0,29
2025-08-15 09:57:50.633444,Cloudy,0.0,42,0,0,0,0,18
2025-08-15 10:57:50.633444,Clear,0.0,69,0,0,0,0,31
2025-08-15 11:57:50.633444,Heavy Rain,28.33357698393752,30,0,0,0,0,35
2025-08-15 12:57:50.633444,Rain,8.011095018949124,58,0,0,0,0,27
2025-08-15 13:57:50.633444,Clear,0.0,72,0,0,0,0,23
2025-08-15 14:57:50.633444,Clear,0.0,98,0,0,1,0,27
2025-08-15 15:57:50.633444,Clear,0.0,44,0,0,0,0,29
2025-08-15 16:57:50.633444,Clear,0.0,96,0,0,0,0,18
2025-08-15 17:57:50.633444,Clear,0.0,42,0,0,0,0,25
2025-08-15 18:57:50.633444,Clear,0.0,74,0,0,0,0,28
2025-08-15 19:57:50.633444,Cloudy,0.0,60,0,0,0,0,25
2025-08-15 20:57:50.633444,Clear,0.0,66,0,0,0,0,24
2025-08-15 21:57:50.633444,Clear,0.0,83,0,0,0,1,23
2025-08-15 22:57:50.633444,Clear,0.0,69,0,0,0,0,25
2025-08-15 23:57:50.633444,Clear,0.0,92,0,0,0,0,39
2025-08-16 00:57:50.633444,Clear,0.0,60,0,0,0,0,25
2025-08-16 01:57:50.633444,Clear,0.0,79,0,0,0,0,24
2025-08-16 02:57:50.633444,Clear,0.0,94,0,0,0,0,23
2025-08-16 03:57:50.633444,Clear,0.0,79,0,0,0,0,23
2025-08-16 04:57:50.633444,Cloudy,0.0,83,0,0,0,0,24
2025-08-16 05:57:50.633444,Clear,0.0,40,0,0,0,0,30
2025-08-16 06:57:50.633444,Rain,4.680023981574568,53,0,0,0,0,25
2025-08-16 07:57:50.633444,Clear,0.0,99,0,0,0,0,22
2025-08-16 08:57:50.633444,Clear,0.0,43,0,0,0,0,24
2025-08-16 09:57:50.633444,Clear,0.0,58,0,0,0,0,22
2025-08-16 10:57:50.633444,Cloudy,0.0,48,0,0,0,0,38
2025-08-16 11:57:50.633444,Clear,0.0,94,0,0,0,0,27
2025-08-16 12:57:50.633444,Cloudy,0.0,81,0,0,0,0,32
2025-08-16 13:57:50.633444,Clear,0.0,73,0,0,0,0,27
2025-08-16 14:57:50.633444,Rain,2.3829387902623074,53,0,0,0,0,19
2025-08-16 15:57:50.633444,Clear,0.0,46,0,0,0,0,32
2025-08-16 16:57:50.633444,Clear,0.0,43,0,0,0,0,26
2025-08-16 17:57:50.633444,Clear,0.0,50,0,0,0,0,34
2025-08-16 18:57:50.633444,Rain,9.03026281693111,82,0,0,0,0,32
2025-08-16 19:57:50.633444,Cloudy,0.0,94,0,0,0,0,20
2025-08-16 20:57:50.633444,Cloudy,0.0,69,0,0,0,0,38
2025-08-16 21:57:50.633444,Clear,0.0,74,0,0,0,0,22
2025-08-16 22:57:50.633444,Cloudy,0.0,83,0,0,0,0,16
2025-08-16 23:57:50.633444,Clear,0.0,91,0,0,0,0,29
2025-08-17 00:57:50.633444,Clear,0.0,77,0,0,0,0,34
2025-08-17 01:57:50.633444,Clear,0.0,84,0,0,0,0,24
2025-08-17 02:57:50.633444,Cloudy,0.0,40,0,0,0,0,35
2025-08-17 03:57:50.633444,Rain,8.215620789669462,67,0,0,0,0,19
2025-08-17 04:57:50.633444,Clear,0.0,97,0,0,0,0,32
2025-08-17 05:57:50.633444,Clear,0.0,92,0,0,0,0,23
2025-08-17 06:57:50.633444,Clear,0.0,43,0,0,0,0,32
2025-08-17 07:57:50.633444,Clear,0.0,86,0,0,0,0,24
2025-08-17 08:57:50.633444,Cloudy,0.0,78,0,0,0,0,31
2025-08-17 09:57:50.633444,Cloudy,0.0,82,0,0,0,0,31
2025-08-17 10:57:50.633444,Clear,0.0,86,0,0,0,0,27
2025-08-17 11:57:50.633444,Clear,0.0,78,0,0,0,0,27
2025-08-17 12:57:50.633444,Clear,0.0,57,0,0,0,0,26
2025-08-17 13:57:50.633444,Heavy Rain,12.333776324599457,37,0,0,0,0,20
2025-08-17 14:57:50.633444,Clear,0.0,47,0,0,0,0,26
2025-08-17 15:57:50.633444,Clear,0.0,85,0,0,0,1,32
2025-08-17 16:57:50.633444,Clear,0.0,50,0,0,0,0,31
2025-08-17 17:57:50.633444,Clear,0.0,77,0,0,0,0,18
2025-08-17 18:57:50.633444,Clear,0.0,87,0,0,0,0,32
2025-08-17 19:57:50.633444,Clear,0.0,46,0,0,0,0,25
2025-08-17 20:57:50.633444,Cloudy,0.0,71,0,0,0,0,33
2025-08-17 21:57:50.633444,Rain,4.227149048979745,58,0,0,0,0,34
2025-08-17 22:57:50.633444,Cloudy,0.0,62,0,0,0,0,26
2025-08-17 23:57:50.633444,Clear,0.0,52,0,0,0,0,29
2025-08-18 00:57:50.633444,Clear,0.0,41,0,0,0,0,21
2025-08-18 01:57:50.633444,Clear,0.0,41,0,0,0,0,29
2025-08-18 02:57:50.633444,Clear,0.0,54,0,0,0,0,29
2025-08-18 03:57:50.633444,Clear,0.0,86,0,0,0,0,20
2025-08-18 04:57:50.633444,Cloudy,0.0,67,0,0,0,0,31
2025-08-18 05:57:50.633444,Rain,6.645110820981325,89,0,0,0,0,28
2025-08-18 06:57:50.633444,Clear,0.0,98,0,0,0,0,22
2025-08-18 07:57:50.633444,Clear,0.0,63,0,0,1,0,31
2025-08-18 08:57:50.633444,Clear,0.0,98,0,0,0,0,26
2025-08-18 09:57:50.633444,Clear,0.0,78,0,0,0,0,25
2025-08-18 10:57:50.633444,Rain,2.5953994856612495,55,0,0,0,0,23
2025-08-18 11:57:50.633444,Clear,0.0,80,0,0,0,0,19
2025-08-18 12:57:50.633444,Clear,0.0,83,0,0,0,0,40
2025-08-18 13:57:50.633444,Rain,6.011650655558763,54,0,0,0,0,24
2025-08-18 14:57:50.633444,Cloudy,0.0,74,0,0,1,0,35
2025-08-18 15:57:50.633444,Cloudy,0.0,49,0,0,0,0,33
2025-08-18 16:57:50.633444,Cloudy,0.0,85,0,0,0,0,29
2025-08-18 17:57:50.633444,Clear,0.0,95,0,0,0,0,36
2025-08-18 18:57:50.633444,Heavy Rain,42.852375223934686,56,0,0,0,0,39
2025-08-18 19:57:50.633444,Clear,0.0,47,0,0,0,0,28
2025-08-18 20:57:50.633444,Cloudy,0.0,95,0,0,0,0,22
2025-08-18 21:57:50.633444,Clear,0.0,65,0,0,0,0,29
2025-08-18 22:57:50.633444,Clear,0.0,60,0,0,0,0,29
2025-08-18 23:57:50.633444,Heavy Rain,11.00485305284765,20,0,0,0,0,29
2025-08-19 00:57:50.633444,Clear,0.0,42,0,0,0,0,34
2025-08-19 01:57:50.633444,Clear,0.0,75,0,0,0,0,31
2025-08-19 02:57:50.633444,Cloudy,0.0,43,0,0,0,0,23
2025-08-19 03:57:50.633444,Clear,0.0,60,0,0,0,0,27
2025-08-19 04:57:50.633444,Clear,0.0,87,0,0,0,0,19
2025-08-19 05:57:50.633444,Clear,0.0,40,0,0,0,0,26
2025-08-19 06:57:50.633444,Cloudy,0.0,82,0,0,0,0,32
2025-08-19 07:57:50.633444,Clear,0.0,46,0,0,1,0,30
2025-08-19 08:57:50.633444,Cloudy,0.0,73,0,0,0,0,27
2025-08-19 09:57:50.633444,Rain,5.126600846282849,63,0,0,0,0,32
2025-08-19 10:57:50.633444,Cloudy,0.0,52,0,0,0,0,29
2025-08-19 11:57:50.633444,Clear,0.0,85,0,0,0,0,29
2025-08-19 12:57:50.633444,Clear,0.0,98,0,0,0,0,31
2025-08-19 13:57:50.633444,Heavy Rain,10.350375976485271,38,0,0,0,0,28
2025-08-19 14:57:50.633444,Clear,0.0,76,0,0,1,0,23
2025-08-19 15:57:50.633444,Clear,0.0,65,0,0,0,0,38
2025-08-19 16:57:50.633444,Clear,0.0,66,0,0,0,0,25
2025-08-19 17:57:50.633444,Clear,0.0,89,0,0,0,0,25
2025-08-19 18:57:50.633444,Cloudy,0.0,42,0,0,0,0,26
2025-08-19 19:57:50.633444,Clear,0.0,85,0,0,0,0,30
2025-08-19 20:57:50.633444,Clear,0.0,66,0,0,0,0,42
2025-08-19 21:57:50.633444,Clear,0.0,73,0,0,0,0,24
2025-08-19 22:57:50.633444,Rain,9.36212843278209,52,0,0,0,0,29
2025-08-19 23:57:50.633444,Heavy Rain,13.153025673888536,33,0,0,0,0,30
2025-08-20 00:57:50.633444,Clear,0.0,43,0,0,0,0,36
2025-08-20 01:57:50.633444,Clear,0.0,61,0,0,0,0,27
2025-08-20 02:57:50.633444,Clear,0.0,60,0,0,0,0,33
2025-08-20 03:57:50.633444,Rain,9.212220575188297,41,0,0,0,0,34
2025-08-20 04:57:50.633444,Clear,0.0,88,0,0,0,0,38
2025-08-20 05:57:50.633444,Clear,0.0,66,0,0,0,0,22
2025-08-20 06:57:50.633444,Clear,0.0,40,0,0,0,0,34
2025-08-20 07:57:50.633444,Clear,0.0,61,0,0,1,0,25
2025-08-20 08:57:50.633444,Clear,0.0,99,0,0,0,0,32
2025-08-20 09:57:50.633444,Clear,0.0,80,0,0,0,0,26
2025-08-20 10:57:50.633444,Clear,0.0,70,0,0,0,0,28
2025-08-20 11:57:50.633444,Clear,0.0,60,0,0,0,0,20
2025-08-20 12:57:50.633444,Cloudy,0.0,41,0,0,0,0,26
2025-08-20 13:57:50.633444,Clear,0.0,82,0,0,0,0,22
2025-08-20 14:57:50.633444,Clear,0.0,94,0,0,1,0,31
2025-08-20 15:57:50.633444,Heavy Rain,21.6871505597131,34,0,0,0,0,33
2025-08-20 16:57:50.633444,Clear,0.0,76,0,0,0,0,31
2025-08-20 17:57:50.633444,Clear,0.0,74,0,0,0,0,32
2025-08-20 18:57:50.633444,Cloudy,0.0,80,0,0,0,0,37
2025-08-20 19:57:50.633444,Cloudy,0.0,49,0,0,0,0,30
2025-08-20 20:57:50.633444,Clear,0.0,94,0,0,0,0,29
2025-08-20 21:57:50.633444,Clear,0.0,90,0,0,0,0,28
2025-08-20 22:57:50.633444,Cloudy,0.0,71,0,0,0,0,29
2025-08-20 23:57:50.633444,Clear,0.0,71,0,0,0,0,21
2025-08-21 00:57:50.633444,Clear,0.0,83,0,0,0,0,21
2025-08-21 01:57:50.633444,Rain,9.33986292760328,96,0,0,0,0,34
2025-08-21 02:57:50.633444,Clear,0.0,42,0,0,0,0,27
2025-08-21 03:57:50.633444,Rain,8.604703239514688,61,0,0,0,0,28
2025-08-21 04:57:50.633444,Cloudy,0.0,75,0,0,0,0,31
2025-08-21 05:57:50.633444,Cloudy,0.0,62,0,0,0,1,30
2025-08-21 06:57:50.633444,Heavy Rain,41.790589468702535,38,0,0,0,0,35
2025-08-21 07:57:50.633444,Cloudy,0.0,44,0,0,1,0,21
2025-08-21 08:57:50.633444,Clear,0.0,85,0,0,0,0,23
2025-08-21 09:57:50.633444,Clear,0.0,43,0,0,0,0,28
2025-08-21 10:57:50.633444,Cloudy,0.0,53,0,0,0,0,22
2025-08-21 11:57:50.633444,Clear,0.0,40,0,0,0,0,24
2025-08-21 12:57:50.633444,Clear,0.0,85,0,0,0,0,30
2025-08-21 13:57:50.633444,Cloudy,0.0,96,0,0,0,0,30
2025-08-21 14:57:50.633444,Clear,0.0,95,0,0,1,0,39
2025-08-21 15:57:50.633444,Clear,0.0,74,0,0,0,0,29
2025-08-21 16:57:50.633444,Clear,0.0,68,0,0,0,0,30
2025-08-21 17:57:50.633444,Cloudy,0.0,94,0,0,0,0,31
2025-08-21 18:57:50.633444,Cloudy,0.0,60,0,0,0,0,30
2025-08-21 19:57:50.633444,Clear,0.0,61,0,0,0,0,22
2025-08-21 20:57:50.633444,Cloudy,0.0,97,0,0,0,0,27
2025-08-21 21:57:50.633444,Clear,0.0,63,0,0,0,0,24
2025-08-21 22:57:50.633444,Cloudy,0.0,50,0,0,0,0,20
2025-08-21 23:57:50.633444,Cloudy,0.0,48,0,0,0,0,22
2025-08-22 00:57:50.633444,Clear,0.0,70,0,0,0,0,20
2025-08-22 01:57:50.633444,Clear,0.0,76,0,0,0,0,20
2025-08-22 02:57:50.633444,Cloudy,0.0,92,0,0,0,0,18
2025-08-22 03:57:50.633444,Clear,0.0,61,0,0,0,0,27
2025-08-22 04:57:50.633444,Rain,8.76216171551604,99,0,0,0,0,22
2025-08-22 05:57:50.633444,Cloudy,0.0,79,0,0,0,0,38
2025-08-22 06:57:50.633444,Clear,0.0,58,0,0,0,0,31
2025-08-22 07:57:50.633444,Cloudy,0.0,80,0,0,1,0,25
2025-08-22 08:57:50.633444,Clear,0.0,65,0,0,0,0,27
2025-08-22 09:57:50.633444,Clear,0.0,89,0,0,0,0,23
2025-08-22 10:57:50.633444,Rain,9.456016267932487,73,0,0,0,0,24
2025-08-22 11:57:50.633444,Clear,0.0,93,0,0,0,0,32
2025-08-22 12:57:50.633444,Clear,0.0,78,0,0,0,0,25
2025-08-22 13:57:50.633444,Clear,0.0,53,0,0,0,0,32
2025-08-22 14:57:50.633444,Heavy Rain,18.716885052300004,48,0,0,1,0,31
2025-08-22 15:57:50.633444,Cloudy,0.0,89,0,0,0,0,30
2025-08-22 16:57:50.633444,Clear,0.0,80,0,0,0,1,24
2025-08-22 17:57:50.633444,Clear,0.0,92,0,0,0,0,32
2025-08-22 18:57:50.633444,Clear,0.0,80,0,0,0,0,26
2025-08-22 19:57:50.633444,Clear,0.0,97,0,0,0,1,25
2025-08-22 20:57:50.633444,Cloudy,0.0,70,0,0,0,0,33
2025-08-22 21:57:50.633444,Clear,0.0,45,0,0,0,0,22
2025-08-22 22:57:50.633444,Cloudy,0.0,48,0,0,0,0,29
2025-08-22 23:57:50.633444,Cloudy,0.0,93,0,0,0,0,24
2025-08-23 00:57:50.633444,Clear,0.0,58,0,0,0,0,22
2025-08-23 01:57:50.633444,Rain,7.993632901666406,72,0,0,0,0,33
2025-08-23 02:57:50.633444,Clear,0.0,97,0,0,0,0,18
2025-08-23 03:57:50.633444,Clear,0.0,64,0,0,0,0,28
2025-08-23 04:57:50.633444,Clear,0.0,94,0,0,0,0,28
2025-08-23 05:57:50.633444,Cloudy,0.0,96,0,0,0,0,36
2025-08-23 06:57:50.633444,Rain,3.9437900853370556,55,0,0,0,0,20
2025-08-23 07:57:50.633444,Clear,0.0,52,0,0,0,0,35
2025-08-23 08:57:50.633444,Cloudy,0.0,70,0,0,0,0,29
2025-08-23 09:57:50.633444,Clear,0.0,44,0,0,0,0,23
2025-08-23 10:57:50.633444,Clear,0.0,77,0,0,0,0,27
2025-08-23 11:57:50.633444,Rain,8.128572154197213,82,0,0,0,0,31
2025-08-23 12:57:50.633444,Clear,0.0,58,0,0,0,0,26
2025-08-23 13:57:50.633444,Rain,3.947235448065129,47,0,0,0,0,19
2025-08-23 14:57:50.633444,Rain,6.2349266268668435,85,0,0,0,0,22
2025-08-23 15:57:50.633444,Clear,0.0,98,0,0,0,0,38
2025-08-23 16:57:50.633444,Clear,0.0,65,0,0,0,0,33
2025-08-23 17:57:50.633444,Rain,4.99807944266501,83,0,0,0,0,27
2025-08-23 18:57:50.633444,Cloudy,0.0,70,0,0,0,0,26
2025-08-23 19:57:50.633444,Clear,0.0,52,0,0,0,0,26
2025-08-23 20:57:50.633444,Clear,0.0,79,0,0,0,0,29
2025-08-23 21:57:50.633444,Rain,4.384470830002243,40,0,0,0,0,43
2025-08-23 22:57:50.633444,Heavy Rain,13.351971867013098,63,0,0,0,0,31
2025-08-23 23:57:50.633444,Cloudy,0.0,71,0,0,0,0,28
2025-08-24 00:57:50.633444,Clear,0.0,91,0,0,0,0,29
2025-08-24 01:57:50.633444,Clear,0.0,42,0,0,0,0,26
2025-08-24 02:57:50.633444,Cloudy,0.0,44,0,0,0,0,35
2025-08-24 03:57:50.633444,Cloudy,0.0,63,0,0,0,0,32
2025-08-24 04:57:50.633444,Cloudy,0.0,49,0,0,0,0,31
2025-08-24 05:57:50.633444,Clear,0.0,47,0,0,0,0,33
2025-08-24 06:57:50.633444,Cloudy,0.0,95,0,0,0,0,26
2025-08-24 07:57:50.633444,Cloudy,0.0,55,0,0,0,0,23
2025-08-24 08:57:50.633444,Rain,5.587953801211758,97,0,0,0,0,27
2025-08-24 09:57:50.633444,Clear,0.0,76,0,0,0,0,31
2025-08-24 10:57:50.633444,Clear,0.0,72,0,0,0,0,24
2025-08-24 11:57:50.633444,Clear,0.0,69,0,0,0,0,28
2025-08-24 12:57:50.633444,Clear,0.0,96,0,0,0,0,31
2025-08-24 13:57:50.633444,Cloudy,0.0,86,0,0,0,0,22
2025-08-24 14:57:50.633444,Clear,0.0,44,0,0,0,0,25
2025-08-24 15:57:50.633444,Clear,0.0,84,0,0,0,0,23
2025-08-24 16:57:50.633444,Clear,0.0,83,0,0,0,0,22
2025-08-24 17:57:50.633444,Clear,0.0,59,0,0,0,0,24
2025-08-24 18:57:50.633444,Clear,0.0,84,0,0,0,0,22
2025-08-24 19:57:50.633444,Clear,0.0,58,0,0,0,0,35
2025-08-24 20:57:50.633444,Rain,6.588684428148834,93,0,0,0,0,22
2025-08-24 21:57:50.633444,Rain,7.262925951153629,94,0,0,0,0,19
2025-08-24 22:57:50.633444,Clear,0.0,42,0,0,0,0,33
2025-08-24 23:57:50.633444,Clear,0.0,96,0,0,0,0,37
2025-08-25 00:57:50.633444,Clear,0.0,99,0,0,0,0,28
2025-08-25 01:57:50.633444,Clear,0.0,89,0,0,0,0,28
2025-08-25 02:57:50.633444,Clear,0.0,59,0,0,0,0,35
2025-08-25 03:57:50.633444,Heavy Rain,21.937058646400466,65,0,0,0,0,33
2025-08-25 04:57:50.633444,Clear,0.0,59,0,0,0,0,16
2025-08-25 05:57:50.633444,Heavy Rain,45.663358808257605,34,0,0,0,0,29
2025-08-25 06:57:50.633444,Cloudy,0.0,52,0,0,0,0,34
2025-08-25 07:57:50.633444,Cloudy,0.0,95,0,0,1,0,35
2025-08-25 08:57:50.633444,Clear,0.0,76,0,0,0,0,27
2025-08-25 09:57:50.633444,Cloudy,0.0,47,0,0,0,0,27
2025-08-25 10:57:50.633444,Cloudy,0.0,64,0,0,0,0,33
2025-08-25 11:57:50.633444,Cloudy,0.0,87,0,0,0,0,29
2025-08-25 12:57:50.633444,Rain,3.7720725356419456,61,0,0,0,0,20
2025-08-25 13:57:50.633444,Cloudy,0.0,61,0,0,0,0,23
2025-08-25 14:57:50.633444,Heavy Rain,10.563121558015208,58,0,0,1,1,25
2025-08-25 15:57:50.633444,Cloudy,0.0,51,0,0,0,0,38
2025-08-25 16:57:50.633444,Clear,0.0,57,0,0,0,0,37
2025-08-25 17:57:50.633444,Clear,0.0,96,0,0,0,0,23
2025-08-25 18:57:50.633444,Cloudy,0.0,98,0,0,0,0,21
2025-08-25 19:57:50.633444,Clear,0.0,91,0,0,0,0,24
2025-08-25 20:57:50.633444,Cloudy,0.0,60,0,0,0,0,26
2025-08-25 21:57:50.633444,Clear,0.0,54,0,0,0,0,18
2025-08-25 22:57:50.633444,Cloudy,0.0,77,0,0,0,0,20
2025-08-25 23:57:50.633444,Clear,0.0,45,0,0,0,0,30
2025-08-26 00:57:50.633444,Cloudy,0.0,96,0,0,0,0,29
2025-08-26 01:57:50.633444,Heavy Rain,43.29286480279472,10,0,0,0,0,20
2025-08-26 02:57:50.633444,Rain,9.69828030293219,69,0,0,0,0,28
2025-08-26 03:57:50.633444,Cloudy,0.0,44,0,0,0,0,23
2025-08-26 04:57:50.633444,Rain,5.805713254719358,59,0,0,0,0,22
2025-08-26 05:57:50.633444,Clear,0.0,82,0,0,0,0,29
2025-08-26 06:57:50.633444,Clear,0.0,76,0,0,0,0,22
2025-08-26 07:57:50.633444,Clear,0.0,50,0,0,1,0,26
2025-08-26 08:57:50.633444,Rain,9.177064877400518,42,0,0,0,0,30
2025-08-26 09:57:50.633444,Rain,4.691636775866316,81,0,0,0,0,13
2025-08-26 10:57:50.633444,Clear,0.0,78,0,0,0,0,23
2025-08-26 11:57:50.633444,Cloudy,0.0,85,0,0,0,1,24
2025-08-26 12:57:50.633444,Clear,0.0,47,0,0,0,0,23
2025-08-26 13:57:50.633444,Rain,5.621213655151947,94,0,0,0,1,22
2025-08-26 14:57:50.633444,Rain,8.594657419368584,71,0,0,1,0,31
2025-08-26 15:57:50.633444,Cloudy,0.0,57,0,0,0,0,25
2025-08-26 16:57:50.633444,Clear,0.0,54,0,0,0,0,27
2025-08-26 17:57:50.633444,Clear,0.0,91,0,0,0,0,23
2025-08-26 18:57:50.633444,Rain,8.412263664579028,55,0,0,0,0,26
2025-08-26 19:57:50.633444,Clear,0.0,67,0,0,0,0,27
2025-08-26 20:57:50.633444,Heavy Rain,16.50261165027134,64,0,0,0,0,19
2025-08-26 21:57:50.633444,Clear,0.0,42,0,0,0,0,30
2025-08-26 22:57:50.633444,Clear,0.0,44,0,0,0,0,32
2025-08-26 23:57:50.633444,Clear,0.0,95,0,0,0,0,30
2025-08-27 00:57:50.633444,Clear,0.0,77,0,0,0,0,34
2025-08-27 01:57:50.633444,Clear,0.0,74,0,0,0,0,31
2025-08-27 02:57:50.633444,Clear,0.0,98,0,0,0,0,27
2025-08-27 03:57:50.633444,Clear,0.0,64,0,0,0,0,26
2025-08-27 04:57:50.633444,Rain,3.8782478428797633,97,0,0,0,0,29
2025-08-27 05:57:50.633444,Cloudy,0.0,85,0,0,0,0,30
2025-08-27 06:57:50.633444,Rain,5.936184866850448,46,0,0,0,0,24
2025-08-27 07:57:50.633444,Heavy Rain,40.733587107898735,53,0,0,1,0,32
2025-08-27 08:57:50.633444,Clear,0.0,92,0,0,0,0,33
2025-08-27 09:57:50.633444,Clear,0.0,68,0,0,0,0,26
2025-08-27 10:57:50.633444,Clear,0.0,92,0,0,0,0,25
2025-08-27 11:57:50.633444,Cloudy,0.0,57,0,0,0,0,26
2025-08-27 12:57:50.633444,Cloudy,0.0,99,0,0,0,0,19
2025-08-27 13:57:50.633444,Clear,0.0,82,0,0,0,0,27
2025-08-27 14:57:50.633444,Clear,0.0,52,0,0,1,0,25
2025-08-27 15:57:50.633444,Cloudy,0.0,88,0,0,0,0,28
2025-08-27 16:57:50.633444,Cloudy,0.0,89,0,0,0,0,30
2025-08-27 17:57:50.633444,Clear,0.0,65,0,0,0,0,25
2025-08-27 18:57:50.633444,Clear,0.0,99,0,0,0,0,23
2025-08-27 19:57:50.633444,Clear,0.0,75,0,0,0,0,23
2025-08-27 20:57:50.633444,Clear,0.0,58,0,0,0,0,27
2025-08-27 21:57:50.633444,Clear,0.0,42,0,0,0,0,30
2025-08-27 22:57:50.633444,Heavy Rain,36.77705482305372,32,0,0,0,0,34
2025-08-27 23:57:50.633444,Clear,0.0,84,0,0,0,0,25
2025-08-28 00:57:50.633444,Clear,0.0,75,0,0,0,0,34
2025-08-28 01:57:50.633444,Heavy Rain,46.1756910073565,28,0,0,0,0,32
2025-08-28 02:57:50.633444,Clear,0.0,74,0,0,0,0,26
2025-08-28 03:57:50.633444,Rain,7.999164842480766,68,0,0,0,0,24
2025-08-28 04:57:50.633444,Cloudy,0.0,40,0,0,0,0,26
2025-08-28 05:57:50.633444,Clear,0.0,46,0,0,0,0,25
2025-08-28 06:57:50.633444,Clear,0.0,65,0,0,0,0,26
2025-08-28 07:57:50.633444,Clear,0.0,62,0,0,1,0,31
2025-08-28 08:57:50.633444,Clear,0.0,72,0,0,0,1,25
2025-08-28 09:57:50.633444,Clear,0.0,69,0,0,0,0,26
2025-08-28 10:57:50.633444,Clear,0.0,97,0,0,0,0,30
2025-08-28 11:57:50.633444,Clear,0.0,71,0,0,0,0,19
2025-08-28 12:57:50.633444,Clear,0.0,78,0,0,0,1,35
2025-08-28 13:57:50.633444,Clear,0.0,79,0,0,0,0,23
2025-08-28 14:57:50.633444,Rain,3.8041698680275227,92,0,0,1,0,22
2025-08-28 15:57:50.633444,Rain,6.040937086087988,75,0,0,0,0,21
2025-08-28 16:57:50.633444,Cloudy,0.0,95,0,0,0,0,33
2025-08-28 17:57:50.633444,Cloudy,0.0,48,0,0,0,0,25
2025-08-28 18:57:50.633444,Clear,0.0,55,0,0,0,0,28
2025-08-28 19:57:50.633444,Clear,0.0,52,0,0,0,0,20
2025-08-28 20:57:50.633444,Clear,0.0,72,0,0,0,0,33
2025-08-28 21:57:50.633444,Clear,0.0,69,0,0,0,0,20
2025-08-28 22:57:50.633444,Clear,0.0,89,0,0,0,0,24
2025-08-28 23:57:50.633444,Cloudy,0.0,68,0,0,0,0,17
2025-08-29 00:57:50.633444,Clear,0.0,86,0,0,0,0,29
2025-08-29 01:57:50.633444,Cloudy,0.0,69,0,0,0,0,37
2025-08-29 02:57:50.633444,Clear,0.0,63,0,0,0,0,26
2025-08-29 03:57:50.633444,Heavy Rain,38.344003219686044,60,0,0,0,0,31
2025-08-29 04:57:50.633444,Clear,0.0,97,0,0,0,0,25
2025-08-29 05:57:50.633444,Cloudy,0.0,65,0,0,0,0,28
2025-08-29 06:57:50.633444,Clear,0.0,76,0,0,0,0,30
2025-08-29 07:57:50.633444,Clear,0.0,70,0,0,1,0,36
2025-08-29 08:57:50.633444,Rain,8.320925475559447,82,0,0,0,0,24
2025-08-29 09:57:50.633444,Clear,0.0,42,0,0,0,0,28
2025-08-29 10:57:50.633444,Clear,0.0,69,0,0,0,0,20
2025-08-29 11:57:50.633444,Clear,0.0,96,0,0,0,0,26
2025-08-29 12:57:50.633444,Cloudy,0.0,46,0,0,0,0,29
2025-08-29 13:57:50.633444,Clear,0.0,44,0,0,0,0,26
2025-08-29 14:57:50.633444,Clear,0.0,59,0,0,1,0,28
2025-08-29 15:57:50.633444,Clear,0.0,51,0,0,0,0,17
2025-08-29 16:57:50.633444,Clear,0.0,77,0,0,0,0,26
2025-08-29 17:57:50.633444,Clear,0.0,57,0,0,0,0,29
2025-08-29 18:57:50.633444,Heavy Rain,18.378294348557162,56,0,0,0,0,21
2025-08-29 19:57:50.633444,Clear,0.0,58,0,0,0,0,32
2025-08-29 20:57:50.633444,Clear,0.0,51,0,0,0,0,24
2025-08-29 21:57:50.633444,Clear,0.0,59,0,0,0,0,22
2025-08-29 22:57:50.633444,Clear,0.0,51,0,0,0,1,30
2025-08-29 23:57:50.633444,Clear,0.0,79,0,0,0,0,30
2025-08-30 00:57:50.633444,Cloudy,0.0,63,0,0,0,0,31
2025-08-30 01:57:50.633444,Clear,0.0,40,0,0,0,1,31
2025-08-30 02:57:50.633444,Cloudy,0.0,62,0,0,0,0,23
2025-08-30 03:57:50.633444,Clear,0.0,58,0,0,0,0,30
2025-08-30 04:57:50.633444,Clear,0.0,73,0,0,0,0,22
2025-08-30 05:57:50.633444,Clear,0.0,61,0,0,0,0,23
2025-08-30 06:57:50.633444,Clear,0.0,70,0,0,0,0,25
2025-08-30 07:57:50.633444,Clear,0.0,43,0,0,0,0,33
2025-08-30 08:57:50.633444,Clear,0.0,60,0,0,0,0,29
2025-08-30 09:57:50.633444,Clear,0.0,52,0,0,0,0,27
2025-08-30 10:57:50.633444,Clear,0.0,61,0,0,0,0,26
2025-08-30 11:57:50.633444,Clear,0.0,90,0,0,0,0,28
2025-08-30 12:57:50.633444,Clear,0.0,98,0,0,0,0,24
2025-08-30 13:57:50.633444,Clear,0.0,72,0,0,0,0,31
2025-08-30 14:57:50.633444,Clear,0.0,79,0,0,0,0,27
2025-08-30 15:57:50.633444,Clear,0.0,63,0,0,0,0,21
2025-08-30 16:57:50.633444,Clear,0.0,52,0,0,0,0,37
2025-08-30 17:57:50.633444,Clear,0.0,64,0,0,0,0,30
2025-08-30 18:57:50.633444,Clear,0.0,56,0,0,0,0,34
2025-08-30 19:57:50.633444,Cloudy,0.0,98,0,0,0,0,27
2025-08-30 20:57:50.633444,Cloudy,0.0,93,0,0,0,0,26
2025-08-30 21:57:50.633444,Heavy Rain,46.65073850941884,56,0,0,0,0,18
2025-08-30 22:57:50.633444,Clear,0.0,67,0,0,0,0,36
2025-08-30 23:57:50.633444,Rain,9.584810473322666,84,0,0,0,0,25
2025-08-31 00:57:50.633444,Rain,5.43611826396509,67,0,0,0,0,29
2025-08-31 01:57:50.633444,Clear,0.0,50,0,0,0,0,26
2025-08-31 02:57:50.633444,Clear,0.0,87,0,0,0,0,28
2025-08-31 03:57:50.633444,Cloudy,0.0,59,0,0,0,0,19
2025-08-31 04:57:50.633444,Clear,0.0,46,0,0,0,0,28
2025-08-31 05:57:50.633444,Rain,5.551719553122895,65,0,0,0,0,35
2025-08-31 06:57:50.633444,Clear,0.0,99,0,0,0,0,28
2025-08-31 07:57:50.633444,Clear,0.0,43,0,0,0,0,31
2025-08-31 08:57:50.633444,Clear,0.0,44,0,0,0,0,28
2025-08-31 09:57:50.633444,Cloudy,0.0,47,0,0,0,0,20
2025-08-31 10:57:50.633444,Cloudy,0.0,53,0,0,0,0,23
2025-08-31 11:57:50.633444,Clear,0.0,44,0,0,0,0,31
2025-08-31 12:57:50.633444,Clear,0.0,85,0,0,0,0,21
2025-08-31 13:57:50.633444,Cloudy,0.0,99,0,0,0,0,29
2025-08-31 14:57:50.633444,Clear,0.0,83,0,0,0,1,27
2025-08-31 15:57:50.633444,Rain,2.1554230560299086,56,0,0,0,1,28
2025-08-31 16:57:50.633444,Clear,0.0,43,0,0,0,0,24
2025-08-31 17:57:50.633444,Clear,0.0,59,0,0,0,0,24
2025-08-31 18:57:50.633444,Cloudy,0.0,48,0,0,0,0,27
2025-08-31 19:57:50.633444,Clear,0.0,96,0,0,0,0,21
2025-08-31 20:57:50.633444,Clear,0.0,68,0,0,0,0,22
2025-08-31 21:57:50.633444,Clear,0.0,54,0,0,0,0,30
2025-08-31 22:57:50.633444,Cloudy,0.0,80,0,0,0,0,25
2025-08-31 23:57:50.633444,Clear,0.0,48,0,0,0,0,28
2025-09-01 00:57:50.633444,Clear,0.0,59,0,0,0,0,32
2025-09-01 01:57:50.633444,Rain,8.831369120970557,58,0,0,0,0,23
2025-09-01 02:57:50.633444,Cloudy,0.0,83,0,0,0,0,27
2025-09-01 03:57:50.633444,Cloudy,0.0,94,0,0,0,0,32
2025-09-01 04:57:50.633444,Clear,0.0,78,0,0,0,0,30
2025-09-01 05:57:50.633444,Cloudy,0.0,81,0,0,0,0,26
2025-09-01 06:57:50.633444,Clear,0.0,76,0,0,0,0,16
2025-09-01 07:57:50.633444,Clear,0.0,58,0,0,1,0,34
2025-09-01 08:57:50.633444,Clear,0.0,42,0,0,0,0,24
2025-09-01 09:57:50.633444,Cloudy,0.0,58,0,0,0,0,32
2025-09-01 10:57:50.633444,Cloudy,0.0,81,0,0,0,0,26
2025-09-01 11:57:50.633444,Clear,0.0,64,0,0,0,0,24
2025-09-01 12:57:50.633444,Clear,0.0,68,0,0,0,0,25
2025-09-01 13:57:50.633444,Cloudy,0.0,69,0,0,0,0,24
2025-09-01 14:57:50.633444,Cloudy,0.0,60,0,0,1,0,26
2025-09-01 15:57:50.633444,Heavy Rain,31.475610695621086,23,0,0,0,0,30
2025-09-01 16:57:50.633444,Cloudy,0.0,88,0,0,0,0,33
2025-09-01 17:57:50.633444,Rain,9.307266352985383,89,0,0,0,0,28
2025-09-01 18:57:50.633444,Rain,3.805162060833694,48,0,0,0,0,22
2025-09-01 19:57:50.633444,Clear,0.0,57,0,0,0,0,29
2025-09-01 20:57:50.633444,Clear,0.0,72,0,0,0,0,35
2025-09-01 21:57:50.633444,Heavy Rain,21.031964792122444,68,0,0,0,0,37
2025-09-01 22:57:50.633444,Rain,3.070801815584854,96,0,0,0,0,27
2025-09-01 23:57:50.633444,Clear,0.0,97,0,0,0,0,20
2025-09-02 00:57:50.633444,Cloudy,0.0,58,0,0,0,0,29
2025-09-02 01:57:50.633444,Clear,0.0,92,0,0,0,0,21
2025-09-02 02:57:50.633444,Cloudy,0.0,93,0,0,0,0,28
2025-09-02 03:57:50.633444,Clear,0.0,96,0,0,0,0,27
2025-09-02 04:57:50.633444,Clear,0.0,78,0,0,0,0,32
2025-09-02 05:57:50.633444,Clear,0.0,58,0,0,0,0,29
2025-09-02 06:57:50.633444,Clear,0.0,48,0,0,0,0,27
2025-09-02 07:57:50.633444,Clear,0.0,71,0,0,1,0,21
2025-09-02 08:57:50.633444,Clear,0.0,65,0,0,0,0,35
2025-09-02 09:57:50.633444,Clear,0.0,55,0,0,0,0,22
2025-09-02 10:57:50.633444,Clear,0.0,84,0,0,0,0,28
2025-09-02 11:57:50.633444,Clear,0.0,58,0,0,0,0,28
2025-09-02 12:57:50.633444,Clear,0.0,79,0,0,0,0,24
2025-09-02 13:57:50.633444,Clear,0.0,77,0,0,0,0,23
2025-09-02 14:57:50.633444,Rain,4.728771131968897,48,0,0,1,0,24
2025-09-02 15:57:50.633444,Clear,0.0,84,0,0,0,0,19
2025-09-02 16:57:50.633444,Clear,0.0,40,0,0,0,0,31
2025-09-02 17:57:50.633444,Cloudy,0.0,58,0,0,0,0,34
2025-09-02 18:57:50.633444,Clear,0.0,62,0,0,0,0,28
2025-09-02 19:57:50.633444,Clear,0.0,91,0,0,0,0,32
2025-09-02 20:57:50.633444,Cloudy,0.0,69,0,0,0,0,19
2025-09-02 21:57:50.633444,Clear,0.0,66,0,0,0,0,41
2025-09-02 22:57:50.633444,Clear,0.0,59,0,0,0,0,36
2025-09-02 23:57:50.633444,Clear,0.0,84,0,0,0,0,23
2025-09-03 00:57:50.633444,Clear,0.0,67,0,0,0,0,29
2025-09-03 01:57:50.633444,Clear,0.0,92,0,0,0,0,25
2025-09-03 02:57:50.633444,Cloudy,0.0,98,0,0,0,0,40
2025-09-03 03:57:50.633444,Clear,0.0,51,0,0,0,0,26
2025-09-03 04:57:50.633444,Cloudy,0.0,47,0,0,0,0,34
2025-09-03 05:57:50.633444,Heavy Rain,46.20293605852707,15,0,0,0,0,18
2025-09-03 06:57:50.633444,Cloudy,0.0,80,0,0,0,0,25
2025-09-03 07:57:50.633444,Heavy Rain,34.76771724734884,63,0,0,1,0,34
2025-09-03 08:57:50.633444,Clear,0.0,66,0,0,0,0,25
2025-09-03 09:57:50.633444,Cloudy,0.0,48,0,0,0,0,22
2025-09-03 10:57:50.633444,Clear,0.0,47,0,0,0,0,25
2025-09-03 11:57:50.633444,Cloudy,0.0,42,0,0,0,0,40
2025-09-03 12:57:50.633444,Cloudy,0.0,74,0,0,0,0,26
2025-09-03 13:57:50.633444,Clear,0.0,92,0,0,0,0,26
2025-09-03 14:57:50.633444,Rain,9.548208703605706,78,0,0,1,0,29
2025-09-03 15:57:50.633444,Clear,0.0,77,0,0,0,0,24
2025-09-03 16:57:50.633444,Cloudy,0.0,42,0,0,0,0,30
2025-09-03 17:57:50.633444,Clear,0.0,86,0,0,0,0,37
2025-09-03 18:57:50.633444,Clear,0.0,58,0,0,0,0,32
2025-09-03 19:57:50.633444,Heavy Rain,32.79377607280907,57,0,0,0,0,17
2025-09-03 20:57:50.633444,Cloudy,0.0,51,0,0,0,0,33
2025-09-03 21:57:50.633444,Cloudy,0.0,48,0,0,0,0,22
2025-09-03 22:57:50.633444,Cloudy,0.0,44,0,0,0,0,21
2025-09-03 23:57:50.633444,Cloudy,0.0,70,0,0,0,0,22
2025-09-04 00:57:50.633444,Clear,0.0,76,0,0,0,0,19
2025-09-04 01:57:50.633444,Cloudy,0.0,96,0,0,0,0,33
2025-09-04 02:57:50.633444,Cloudy,0.0,87,0,0,0,0,25
2025-09-04 03:57:50.633444,Clear,0.0,79,0,0,0,0,25
2025-09-04 04:57:50.633444,Clear,0.0,45,0,0,0,0,30
2025-09-04 05:57:50.633444,Clear,0.0,43,0,0,0,0,37
2025-09-04 06:57:50.633444,Cloudy,0.0,69,0,0,0,0,29
2025-09-04 07:57:50.633444,Clear,0.0,74,0,0,1,0,31
2025-09-04 08:57:50.633444,Cloudy,0.0,66,0,0,0,0,28
2025-09-04 09:57:50.633444,Clear,0.0,76,0,0,0,0,27
2025-09-04 10:57:50.633444,Rain,6.225008600365334,87,0,0,0,0,33
2025-09-04 11:57:50.633444,Cloudy,0.0,72,0,0,0,0,18
2025-09-04 12:57:50.633444,Clear,0.0,40,0,0,0,0,31
2025-09-04 13:57:50.633444,Clear,0.0,67,0,0,0,0,29
2025-09-04 14:57:50.633444,Clear,0.0,44,0,0,1,0,22
2025-09-04 15:57:50.633444,Cloudy,0.0,90,0,0,0,0,35
2025-09-04 16:57:50.633444,Clear,0.0,81,0,0,0,0,31
2025-09-04 17:57:50.633444,Rain,6.305458637210367,82,0,0,0,0,26
2025-09-04 18:57:50.633444,Cloudy,0.0,69,0,0,0,0,29
2025-09-04 19:57:50.633444,Cloudy,0.0,42,0,0,0,0,23
2025-09-04 20:57:50.633444,Rain,2.537934957783775,61,0,0,0,0,29
2025-09-04 21:57:50.633444,Clear,0.0,43,0,0,0,0,33
2025-09-04 22:57:50.633444,Clear,0.0,91,0,0,0,0,28
2025-09-04 23:57:50.633444,Clear,0.0,64,0,0,0,0,33
2025-09-05 00:57:50.633444,Clear,0.0,80,0,0,0,0,32
2025-09-05 01:57:50.633444,Clear,0.0,97,0,0,0,0,25
2025-09-05 02:57:50.633444,Cloudy,0.0,94,0,0,0,0,32
2025-09-05 03:57:50.633444,Clear,0.0,68,0,0,0,0,25
2025-09-05 04:57:50.633444,Cloudy,0.0,50,0,0,0,0,30
2025-09-05 05:57:50.633444,Clear,0.0,93,0,0,0,0,26
2025-09-05 06:57:50.633444,Heavy Rain,31.30044428077806,12,0,0,0,0,31
2025-09-05 07:57:50.633444,Rain,9.274740278065853,54,0,0,1,0,38
2025-09-05 08:57:50.633444,Clear,0.0,72,0,0,0,0,31
2025-09-05 09:57:50.633444,Cloudy,0.0,84,0,0,0,0,27
2025-09-05 10:57:50.633444,Heavy Rain,31.91751433949985,68,0,0,0,0,17
2025-09-05 11:57:50.633444,Clear,0.0,80,0,0,0,0,30
2025-09-05 12:57:50.633444,Clear,0.0,80,0,0,0,0,24
2025-09-05 13:57:50.633444,Clear,0.0,75,0,0,0,0,32
2025-09-05 14:57:50.633444,Clear,0.0,85,0,0,1,0,30
2025-09-05 15:57:50.633444,Clear,0.0,63,0,0,0,0,31
2025-09-05 16:57:50.633444,Cloudy,0.0,98,0,0,0,0,27
2025-09-05 17:57:50.633444,Clear,0.0,66,0,0,0,0,30
2025-09-05 18:57:50.633444,Clear,0.0,63,0,0,0,0,30
2025-09-05 19:57:50.633444,Clear,0.0,90,0,0,0,0,30
2025-09-05 20:57:50.633444,Clear,0.0,84,0,0,0,0,27
2025-09-05 21:57:50.633444,Clear,0.0,99,0,0,0,0,34
2025-09-05 22:57:50.633444,Clear,0.0,40,0,0,0,0,25
2025-09-05 23:57:50.633444,Clear,0.0,61,0,0,0,0,34
2025-09-06 00:57:50.633444,Cloudy,0.0,73,0,0,0,0,23
2025-09-06 01:57:50.633444,Clear,0.0,98,0,0,0,0,32
2025-09-06 02:57:50.633444,Cloudy,0.0,44,0,0,0,0,22
2025-09-06 03:57:50.633444,Clear,0.0,90,0,0,0,0,29
2025-09-06 04:57:50.633444,Clear,0.0,58,0,0,0,0,29
2025-09-06 05:57:50.633444,Clear,0.0,93,0,0,0,0,23
2025-09-06 06:57:50.633444,Cloudy,0.0,89,0,0,0,0,24
2025-09-06 07:57:50.633444,Cloudy,0.0,45,0,0,0,0,20
2025-09-06 08:57:50.633444,Clear,0.0,57,0,0,0,0,29
2025-09-06 09:57:50.633444,Rain,5.102302232434019,48,0,0,0,0,19
2025-09-06 10:57:50.633444,Clear,0.0,73,0,0,0,0,25
2025-09-06 11:57:50.633444,Clear,0.0,51,0,0,0,0,16
2025-09-06 12:57:50.633444,Rain,7.773469723801217,49,0,0,0,0,27
2025-09-06 13:57:50.633444,Cloudy,0.0,95,0,0,0,0,18
2025-09-06 14:57:50.633444,Heavy Rain,48.152655899611936,51,0,0,0,0,40
2025-09-06 15:57:50.633444,Cloudy,0.0,76,0,0,0,0,28
2025-09-06 16:57:50.633444,Clear,0.0,45,0,0,0,0,24
2025-09-06 17:57:50.633444,Clear,0.0,47,0,0,0,0,29
2025-09-06 18:57:50.633444,Clear,0.0,71,0,0,0,0,18
2025-09-06 19:57:50.633444,Clear,0.0,45,0,0,0,0,26
2025-09-06 20:57:50.633444,Clear,0.0,57,0,0,0,0,19
2025-09-06 21:57:50.633444,Clear,0.0,50,0,0,0,0,22
2025-09-06 22:57:50.633444,Clear,0.0,46,0,0,0,0,26
2025-09-06 23:57:50.633444,Cloudy,0.0,41,0,0,0,0,18
2025-09-07 00:57:50.633444,Clear,0.0,73,0,0,0,0,25
2025-09-07 01:57:50.633444,Cloudy,0.0,66,0,0,0,0,37
2025-09-07 02:57:50.633444,Cloudy,0.0,96,0,0,0,0,25
2025-09-07 03:57:50.633444,Clear,0.0,54,0,0,0,0,26
2025-09-07 04:57:50.633444,Rain,6.127947559316508,47,0,0,0,0,22
2025-09-07 05:57:50.633444,Rain,6.675305105266724,95,0,0,0,0,30
2025-09-07 06:57:50.633444,Clear,0.0,84,0,0,0,0,25
2025-09-07 07:57:50.633444,Rain,3.8348444326484996,88,0,0,0,0,28
2025-09-07 08:57:50.633444,Cloudy,0.0,73,0,0,0,0,15
2025-09-07 09:57:50.633444,Clear,0.0,62,0,0,0,0,27
2025-09-07 10:57:50.633444,Clear,0.0,78,0,0,0,0,25
2025-09-07 11:57:50.633444,Clear,0.0,99,0,0,0,0,40
2025-09-07 12:57:50.633444,Clear,0.0,78,0,0,0,0,25
2025-09-07 13:57:50.633444,Clear,0.0,49,0,0,0,0,29
2025-09-07 14:57:50.633444,Rain,9.962642537093299,84,0,0,0,0,34
2025-09-07 15:57:50.633444,Clear,0.0,62,0,0,0,0,25
2025-09-07 16:57:50.633444,Rain,4.834110475406979,92,0,0,0,0,29
2025-09-07 17:57:50.633444,Cloudy,0.0,55,0,0,0,0,27
2025-09-07 18:57:50.633444,Clear,0.0,40,0,0,0,0,22
2025-09-07 19:57:50.633444,Clear,0.0,86,0,0,0,0,32
2025-09-07 20:57:50.633444,Clear,0.0,90,0,0,0,0,30
2025-09-07 21:57:50.633444,Cloudy,0.0,46,0,0,0,0,18
2025-09-07 22:57:50.633444,Rain,5.597846319674353,74,0,0,0,0,33
2025-09-07 23:57:50.633444,Cloudy,0.0,41,0,0,0,0,38
2025-09-08 00:57:50.633444,Cloudy,0.0,96,0,0,0,0,31
2025-09-08 01:57:50.633444,Clear,0.0,60,0,0,0,0,27
2025-09-08 02:57:50.633444,Cloudy,0.0,67,0,0,0,0,27
2025-09-08 03:57:50.633444,Cloudy,0.0,75,0,0,0,0,33
2025-09-08 04:57:50.633444,Clear,0.0,49,0,0,0,0,34
2025-09-08 05:57:50.633444,Heavy Rain,30.952318389205793,24,0,0,0,0,25
2025-09-08 06:57:50.633444,Clear,0.0,45,0,0,0,0,27
2025-09-08 07:57:50.633444,Heavy Rain,36.940461613870035,15,0,0,1,0,38
2025-09-08 08:57:50.633444,Clear,0.0,54,0,0,0,0,21
2025-09-08 09:57:50.633444,Rain,8.008347308358742,84,0,0,0,0,21
2025-09-08 10:57:50.633444,Clear,0.0,99,0,0,0,0,39
2025-09-08 11:57:50.633444,Clear,0.0,41,0,0,0,1,33
2025-09-08 12:57:50.633444,Cloudy,0.0,91,0,0,0,0,27
2025-09-08 13:57:50.633444,Cloudy,0.0,49,0,0,0,0,24
2025-09-08 14:57:50.633444,Clear,0.0,42,0,0,1,0,23
2025-09-08 15:57:50.633444,Clear,0.0,55,0,0,0,0,30
2025-09-08 16:57:50.633444,Clear,0.0,89,0,0,0,1,26
2025-09-08 17:57:50.633444,Clear,0.0,95,0,0,0,0,30
2025-09-08 18:57:50.633444,Clear,0.0,60,0,0,0,0,32
2025-09-08 19:57:50.633444,Cloudy,0.0,87,0,0,0,0,24
2025-09-08 20:57:50.633444,Cloudy,0.0,66,0,0,0,0,22
2025-09-08 21:57:50.633444,Clear,0.0,46,0,0,0,0,28
2025-09-08 22:57:50.633444,Cloudy,0.0,74,0,0,0,0,26
2025-09-08 23:57:50.633444,Clear,0.0,91,0,0,0,0,18
2025-09-09 00:57:50.633444,Cloudy,0.0,54,0,0,0,0,28
2025-09-09 01:57:50.633444,Clear,0.0,73,0,0,0,0,25
2025-09-09 02:57:50.633444,Cloudy,0.0,40,0,0,0,0,26
2025-09-09 03:57:50.633444,Clear,0.0,87,0,0,0,0,24
2025-09-09 04:57:50.633444,Clear,0.0,86,0,0,0,0,38
2025-09-09 05:57:50.633444,Rain,6.450352515943777,50,0,0,0,0,22
2025-09-09 06:57:50.633444,Cloudy,0.0,70,0,0,0,0,31
2025-09-09 07:57:50.633444,Heavy Rain,49.28404232285849,26,0,0,1,0,26
2025-09-09 08:57:50.633444,Clear,0.0,82,0,0,0,0,27
2025-09-09 09:57:50.633444,Clear,0.0,59,0,0,0,0,28
2025-09-09 10:57:50.633444,Clear,0.0,44,0,0,0,0,27
2025-09-09 11:57:50.633444,Clear,0.0,63,0,0,0,0,39
2025-09-09 12:57:50.633444,Clear,0.0,55,0,0,0,0,32
2025-09-09 13:57:50.633444,Clear,0.0,66,0,0,0,0,34
2025-09-09 14:57:50.633444,Clear,0.0,69,0,0,1,0,24
2025-09-09 15:57:50.633444,Clear,0.0,98,0,0,0,0,28
2025-09-09 16:57:50.633444,Clear,0.0,44,0,0,0,0,26
2025-09-09 17:57:50.633444,Cloudy,0.0,78,0,0,0,0,21
2025-09-09 18:57:50.633444,Clear,0.0,40,0,0,0,0,35
2025-09-09 19:57:50.633444,Clear,0.0,84,0,0,0,0,22
2025-09-09 20:57:50.633444,Rain,5.847769666757353,43,0,0,0,0,32
2025-09-09 21:57:50.633444,Clear,0.0,49,0,0,0,0,30
2025-09-09 22:57:50.633444,Clear,0.0,52,0,0,0,0,28
2025-09-09 23:57:50.633444,Clear,0.0,45,0,0,0,0,24
2025-09-10 00:57:50.633444,Clear,0.0,89,0,0,0,0,32
2025-09-10 01:57:50.633444,Cloudy,0.0,48,0,0,0,0,29
2025-09-10 02:57:50.633444,Clear,0.0,63,0,0,0,0,25
2025-09-10 03:57:50.633444,Rain,4.911403296424433,73,0,0,0,0,23
2025-09-10 04:57:50.633444,Cloudy,0.0,40,0,0,0,0,37
2025-09-10 05:57:50.633444,Clear,0.0,59,0,0,0,0,32
2025-09-10 06:57:50.633444,Clear,0.0,69,0,0,0,0,28
2025-09-10 07:57:50.633444,Clear,0.0,43,0,0,1,0,32
2025-09-10 08:57:50.633444,Clear,0.0,99,0,0,0,0,30
2025-09-10 09:57:50.633444,Clear,0.0,44,0,0,0,0,26
2025-09-10 10:57:50.633444,Clear,0.0,98,0,0,0,0,34
2025-09-10 11:57:50.633444,Clear,0.0,73,0,0,0,0,28
2025-09-10 12:57:50.633444,Cloudy,0.0,81,0,0,0,0,28
2025-09-10 13:57:50.633444,Rain,4.033142866002893,66,0,0,0,0,23
2025-09-10 14:57:50.633444,Cloudy,0.0,43,0,0,1,0,22
2025-09-10 15:57:50.633444,Clear,0.0,87,0,0,0,0,28
2025-09-10 16:57:50.633444,Cloudy,0.0,71,0,0,0,0,19
2025-09-10 17:57:50.633444,Clear,0.0,84,0,0,0,0,27
2025-09-10 18:57:50.633444,Clear,0.0,99,0,0,0,0,30
2025-09-10 19:57:50.633444,Cloudy,0.0,40,0,0,0,0,27
2025-09-10 20:57:50.633444,Clear,0.0,53,0,0,0,0,27
2025-09-10 21:57:50.633444,Clear,0.0,91,0,0,0,0,28
2025-09-10 22:57:50.633444,Cloudy,0.0,43,0,0,0,0,32
2025-09-10 23:57:50.633444,Clear,0.0,42,0,0,0,0,36
2025-09-11 00:57:50.633444,Clear,0.0,95,0,0,0,0,35
2025-09-11 01:57:50.633444,Clear,0.0,47,0,0,0,0,28
2025-09-11 02:57:50.633444,Clear,0.0,45,0,0,0,0,28
2025-09-11 03:57:50.633444,Clear,0.0,90,0,0,0,0,28
2025-09-11 04:57:50.633444,Clear,0.0,55,0,0,0,0,28
2025-09-11 05:57:50.633444,Clear,0.0,58,0,0,0,0,32
2025-09-11 06:57:50.633444,Clear,0.0,42,0,0,0,0,23
2025-09-11 07:57:50.633444,Clear,0.0,41,0,0,1,0,18
2025-09-11 08:57:50.633444,Clear,0.0,73,0,0,0,0,29
2025-09-11 09:57:50.633444,Cloudy,0.0,43,0,0,0,0,39
2025-09-11 10:57:50.633444,Heavy Rain,36.91438503678513,10,0,0,0,0,24
2025-09-11 11:57:50.633444,Clear,0.0,47,0,0,0,0,31
2025-09-11 12:57:50.633444,Clear,0.0,61,0,0,0,1,32
2025-09-11 13:57:50.633444,Clear,0.0,97,0,0,0,0,22
2025-09-11 14:57:50.633444,Cloudy,0.0,52,0,0,1,0,34
2025-09-11 15:57:50.633444,Clear,0.0,79,0,0,0,0,23
2025-09-11 16:57:50.633444,Clear,0.0,64,0,0,0,1,31
2025-09-11 17:57:50.633444,Cloudy,0.0,94,0,0,0,0,28
2025-09-11 18:57:50.633444,Clear,0.0,94,0,0,0,0,29
2025-09-11 19:57:50.633444,Cloudy,0.0,45,0,0,0,0,29
2025-09-11 20:57:50.633444,Clear,0.0,43,0,0,0,0,28
2025-09-11 21:57:50.633444,Clear,0.0,55,0,0,0,0,20
2025-09-11 22:57:50.633444,Clear,0.0,97,0,0,0,0,29
2025-09-11 23:57:50.633444,Clear,0.0,72,0,0,0,0,20
2025-09-12 00:57:50.633444,Clear,0.0,98,0,0,0,0,33
2025-09-12 01:57:50.633444,Cloudy,0.0,69,0,0,0,0,17
2025-09-12 02:57:50.633444,Clear,0.0,45,0,0,0,0,26
2025-09-12 03:57:50.633444,Cloudy,0.0,40,0,0,0,0,23
2025-09-12 04:57:50.633444,Clear,0.0,65,0,0,0,0,28
2025-09-12 05:57:50.633444,Clear,0.0,47,0,0,0,0,34
2025-09-12 06:57:50.633444,Clear,0.0,47,0,0,0,0,30
2025-09-12 07:57:50.633444,Clear,0.0,47,0,0,1,0,39
2025-09-12 08:57:50.633444,Clear,0.0,77,0,0,0,0,21
2025-09-12 09:57:50.633444,Cloudy,0.0,60,0,0,0,0,24
2025-09-12 10:57:50.633444,Clear,0.0,65,0,0,0,0,28
2025-09-12 11:57:50.633444,Heavy Rain,11.445172635788964,22,0,0,0,0,29
2025-09-12 12:57:50.633444,Clear,0.0,80,0,0,0,0,42
2025-09-12 13:57:50.633444,Clear,0.0,47,0,0,0,0,34
2025-09-12 14:57:50.633444,Cloudy,0.0,40,0,0,1,0,26
2025-09-12 15:57:50.633444,Clear,0.0,68,0,0,0,0,30
2025-09-12 16:57:50.633444,Clear,0.0,54,0,0,0,0,24
2025-09-12 17:57:50.633444,Clear,0.0,75,0,0,0,0,25
2025-09-12 18:57:50.633444,Clear,0.0,46,0,0,0,0,25
2025-09-12 19:57:50.633444,Clear,0.0,74,0,0,0,1,30
2025-09-12 20:57:50.633444,Clear,0.0,47,0,0,0,0,35
2025-09-12 21:57:50.633444,Cloudy,0.0,88,0,0,0,0,23
2025-09-12 22:57:50.633444,Cloudy,0.0,46,0,0,0,0,26
2025-09-12 23:57:50.633444,Clear,0.0,47,0,0,0,0,24
2025-09-13 00:57:50.633444,Clear,0.0,76,0,0,0,0,40
2025-09-13 01:57:50.633444,Clear,0.0,54,0,0,0,0,34
2025-09-13 02:57:50.633444,Cloudy,0.0,47,0,0,0,0,24
2025-09-13 03:57:50.633444,Clear,0.0,65,0,0,0,0,34
2025-09-13 04:57:50.633444,Clear,0.0,92,0,0,0,0,30
2025-09-13 05:57:50.633444,Cloudy,0.0,44,0,0,0,0,21
2025-09-13 06:57:50.633444,Clear,0.0,84,0,0,0,0,20
2025-09-13 07:57:50.633444,Heavy Rain,43.61186172484148,38,0,0,0,0,23
2025-09-13 08:57:50.633444,Cloudy,0.0,64,0,0,0,0,28
2025-09-13 09:57:50.633444,Clear,0.0,43,0,0,0,1,28
2025-09-13 10:57:50.633444,Clear,0.0,77,0,0,0,0,29
2025-09-13 11:57:50.633444,Clear,0.0,74,0,0,0,0,16
2025-09-13 12:57:50.633444,Cloudy,0.0,72,0,0,0,0,22
2025-09-13 13:57:50.633444,Clear,0.0,63,0,0,0,0,21
2025-09-13 14:57:50.633444,Heavy Rain,49.161443015106876,20,0,0,0,0,23
2025-09-13 15:57:50.633444,Clear,0.0,82,0,0,0,0,25
2025-09-13 16:57:50.633444,Cloudy,0.0,73,0,0,0,0,27
2025-09-13 17:57:50.633444,Rain,5.8922516063350985,73,0,0,0,0,31
2025-09-13 18:57:50.633444,Clear,0.0,74,0,0,0,0,29
2025-09-13 19:57:50.633444,Clear,0.0,79,0,0,0,0,29
2025-09-13 20:57:50.633444,Rain,8.707011377050478,47,0,0,0,0,27
2025-09-13 21:57:50.633444,Cloudy,0.0,57,0,0,0,0,31
2025-09-13 22:57:50.633444,Cloudy,0.0,78,0,0,0,0,38
2025-09-13 23:57:50.633444,Cloudy,0.0,93,0,0,0,0,23
2025-09-14 00:57:50.633444,Clear,0.0,51,0,0,0,1,20
2025-09-14 01:57:50.633444,Rain,8.119734297935736,57,0,0,0,0,28
2025-09-14 02:57:50.633444,Clear,0.0,63,0,0,0,0,29
2025-09-14 03:57:50.633444,Heavy Rain,30.67283392968546,28,0,0,0,0,21
2025-09-14 04:57:50.633444,Clear,0.0,41,0,0,0,0,32
2025-09-14 05:57:50.633444,Clear,0.0,48,0,0,0,0,23
2025-09-14 06:57:50.633444,Rain,8.23656172271821,66,0,0,0,0,28
2025-09-14 07:57:50.633444,Cloudy,0.0,64,0,0,0,1,26
2025-09-14 08:57:50.633444,Clear,0.0,75,0,0,0,0,21
2025-09-14 09:57:50.633444,Clear,0.0,87,0,0,0,0,30
2025-09-14 10:57:50.633444,Clear,0.0,92,0,0,0,0,21
2025-09-14 11:57:50.633444,Clear,0.0,81,0,0,0,0,23
2025-09-14 12:57:50.633444,Clear,0.0,74,0,0,0,0,25
2025-09-14 13:57:50.633444,Cloudy,0.0,45,0,0,0,0,29
2025-09-14 14:57:50.633444,Clear,0.0,97,0,0,0,0,26
2025-09-14 15:57:50.633444,Clear,0.0,90,0,0,0,0,28
2025-09-14 16:57:50.633444,Cloudy,0.0,40,0,0,0,0,38
2025-09-14 17:57:50.633444,Cloudy,0.0,72,0,0,0,0,29
2025-09-14 18:57:50.633444,Clear,0.0,66,0,0,0,0,28
2025-09-14 19:57:50.633444,Cloudy,0.0,94,0,0,0,0,29
2025-09-14 20:57:50.633444,Clear,0.0,89,0,0,0,0,19
2025-09-14 21:57:50.633444,Cloudy,0.0,50,0,0,0,0,35
2025-09-14 22:57:50.633444,Rain,6.013854231784859,60,0,0,0,0,27
2025-09-14 23:57:50.633444,Clear,0.0,42,0,0,0,0,27
2025-09-15 00:57:50.633444,Clear,0.0,98,0,0,0,0,25
2025-09-15 01:57:50.633444,Clear,0.0,92,0,0,0,0,27
2025-09-15 02:57:50.633444,Clear,0.0,76,0,0,0,0,18
2025-09-15 03:57:50.633444,Clear,0.0,70,0,0,0,0,30
2025-09-15 04:57:50.633444,Clear,0.0,76,0,0,0,0,35
2025-09-15 05:57:50.633444,Rain,2.6657727008982333,85,0,0,0,0,30
2025-09-15 06:57:50.633444,Heavy Rain,37.36280161754844,42,0,0,0,0,20
2025-09-15 07:57:50.633444,Clear,0.0,90,0,0,1,0,23
2025-09-15 08:57:50.633444,Clear,0.0,80,0,0,0,0,34
2025-09-15 09:57:50.633444,Rain,8.16300791588915,71,0,0,0,0,32
2025-09-15 10:57:50.633444,Clear,0.0,77,0,0,0,0,20
2025-09-15 11:57:50.633444,Clear,0.0,60,0,0,0,0,29
2025-09-15 12:57:50.633444,Cloudy,0.0,84,0,0,0,0,28
2025-09-15 13:57:50.633444,Cloudy,0.0,86,0,0,0,0,25
2025-09-15 14:57:50.633444,Clear,0.0,94,0,0,1,0,23
2025-09-15 15:57:50.633444,Cloudy,0.0,94,0,0,0,0,34
2025-09-15 16:57:50.633444,Clear,0.0,46,0,0,0,0,29
2025-09-15 17:57:50.633444,Clear,0.0,43,0,0,0,0,26
2025-09-15 18:57:50.633444,Rain,5.382726629334989,40,0,0,0,0,17
2025-09-15 19:57:50.633444,Clear,0.0,59,0,0,0,0,30
2025-09-15 20:57:50.633444,Clear,0.0,70,0,0,0,0,21
2025-09-15 21:57:50.633444,Clear,0.0,50,0,0,0,0,28
2025-09-15 22:57:50.633444,Clear,0.0,56,0,0,0,0,32
2025-09-15 23:57:50.633444,Cloudy,0.0,69,0,0,0,0,33
2025-09-16 00:57:50.633444,Rain,7.711805382232446,74,0,0,0,0,33
2025-09-16 01:57:50.633444,Clear,0.0,76,0,0,0,0,39
2025-09-16 02:57:50.633444,Clear,0.0,97,0,0,0,0,21
2025-09-16 03:57:50.633444,Clear,0.0,61,0,0,0,0,31
2025-09-16 04:57:50.633444,Clear,0.0,96,0,0,0,0,24
2025-09-16 05:57:50.633444,Cloudy,0.0,52,0,0,0,0,26
2025-09-16 06:57:50.633444,Clear,0.0,75,0,0,0,0,22
2025-09-16 07:57:50.633444,Clear,0.0,50,0,0,1,0,26
2025-09-16 08:57:50.633444,Clear,0.0,54,0,0,0,0,23
2025-09-16 09:57:50.633444,Clear,0.0,55,0,0,0,1,18
2025-09-16 10:57:50.633444,Cloudy,0.0,75,0,0,0,0,23
2025-09-16 11:57:50.633444,Clear,0.0,98,0,0,0,0,30
2025-09-16 12:57:50.633444,Clear,0.0,76,0,0,0,0,33
2025-09-16 13:57:50.633444,Clear,0.0,53,0,0,0,0,32
2025-09-16 14:57:50.633444,Cloudy,0.0,60,0,0,1,0,28
2025-09-16 15:57:50.633444,Clear,0.0,55,0,0,0,0,26
2025-09-16 16:57:50.633444,Clear,0.0,48,0,0,0,0,31
2025-09-16 17:57:50.633444,Clear,0.0,51,0,0,0,0,27
2025-09-16 18:57:50.633444,Rain,3.7747005702292507,80,0,0,0,0,27
2025-09-16 19:57:50.633444,Clear,0.0,96,0,0,0,0,26
2025-09-16 20:57:50.633444,Cloudy,0.0,84,0,0,0,0,27
2025-09-16 21:57:50.633444,Clear,0.0,57,0,0,0,0,40
2025-09-16 22:57:50.633444,Cloudy,0.0,55,0,0,0,0,27
2025-09-16 23:57:50.633444,Rain,7.8089903860270935,65,0,0,0,0,25
2025-09-17 00:57:50.633444,Clear,0.0,78,0,0,0,0,26
2025-09-17 01:57:50.633444,Clear,0.0,70,0,0,0,0,17
2025-09-17 02:57:50.633444,Clear,0.0,63,0,0,0,0,26
2025-09-17 03:57:50.633444,Heavy Rain,34.652280293829634,58,0,0,0,0,30
2025-09-17 04:57:50.633444,Clear,0.0,52,0,0,0,0,25
2025-09-17 05:57:50.633444,Clear,0.0,72,0,0,0,0,27
2025-09-17 06:57:50.633444,Cloudy,0.0,85,0,0,0,0,29
2025-09-17 07:57:50.633444,Heavy Rain,27.930566261604174,13,0,0,1,0,24
2025-09-17 08:57:50.633444,Clear,0.0,57,0,0,0,0,24
2025-09-17 09:57:50.633444,Rain,5.623237237267781,64,0,0,0,0,23
2025-09-17 10:57:50.633444,Clear,0.0,94,0,0,0,0,38
2025-09-17 11:57:50.633444,Rain,5.8325739872165405,62,0,0,0,0,19
2025-09-17 12:57:50.633444,Cloudy,0.0,62,0,0,0,0,35
2025-09-17 13:57:50.633444,Clear,0.0,62,0,0,0,0,20
2025-09-17 14:57:50.633444,Cloudy,0.0,46,0,0,1,0,28
2025-09-17 15:57:50.633444,Clear,0.0,80,0,0,0,0,21
2025-09-17 16:57:50.633444,Cloudy,0.0,70,0,0,0,0,22
2025-09-17 17:57:50.633444,Heavy Rain,20.793231617094996,57,0,0,0,0,27
2025-09-17 18:57:50.633444,Clear,0.0,83,0,0,0,0,25
2025-09-17 19:57:50.633444,Clear,0.0,70,0,0,0,0,33
2025-09-17 20:57:50.633444,Clear,0.0,64,0,0,0,0,28
2025-09-17 21:57:50.633444,Cloudy,0.0,97,0,0,0,0,34
2025-09-17 22:57:50.633444,Clear,0.0,63,0,0,0,0,27
2025-09-17 23:57:50.633444,Clear,0.0,63,0,0,0,0,27
2025-09-18 00:57:50.633444,Cloudy,0.0,83,0,0,0,0,19
2025-09-18 01:57:50.633444,Clear,0.0,82,0,0,0,0,30
2025-09-18 02:57:50.633444,Heavy Rain,10.405601710506192,45,0,0,0,0,32
2025-09-18 03:57:50.633444,Cloudy,0.0,41,0,0,0,0,25
2025-09-18 04:57:50.633444,Cloudy,0.0,67,0,0,0,0,27
2025-09-18 05:57:50.633444,Cloudy,0.0,98,0,0,0,0,32
2025-09-18 06:57:50.633444,Clear,0.0,40,0,0,0,0,25
2025-09-18 07:57:50.633444,Clear,0.0,46,0,0,1,0,26
2025-09-18 08:57:50.633444,Clear,0.0,75,0,0,0,0,22
2025-09-18 09:57:50.633444,Cloudy,0.0,93,0,0,0,0,25
2025-09-18 10:57:50.633444,Clear,0.0,88,0,0,0,0,30
2025-09-18 11:57:50.633444,Clear,0.0,70,0,0,0,0,31
2025-09-18 12:57:50.633444,Clear,0.0,88,0,0,0,0,37
2025-09-18 13:57:50.633444,Clear,0.0,70,0,0,0,0,24
2025-09-18 14:57:50.633444,Rain,4.50804240391463,70,0,0,1,0,33
2025-09-18 15:57:50.633444,Clear,0.0,52,0,0,0,0,29
2025-09-18 16:57:50.633444,Rain,3.4524258862006407,46,0,0,0,0,26
2025-09-18 17:57:50.633444,Clear,0.0,73,0,0,0,0,24
2025-09-18 18:57:50.633444,Rain,2.5254642577433177,64,0,0,0,0,20
2025-09-18 19:57:50.633444,Clear,0.0,72,0,0,0,0,28
2025-09-18 20:57:50.633444,Clear,0.0,67,0,0,0,0,36
2025-09-18 21:57:50.633444,Cloudy,0.0,71,0,0,0,0,26
2025-09-18 22:57:50.633444,Cloudy,0.0,51,0,0,0,0,37
2025-09-18 23:57:50.633444,Clear,0.0,55,0,0,0,0,28
2025-09-19 00:57:50.633444,Rain,4.2697414039048285,77,0,0,0,0,24
2025-09-19 01:57:50.633444,Heavy Rain,15.314124456864864,59,0,0,0,0,26
2025-09-19 02:57:50.633444,Cloudy,0.0,43,0,0,0,0,29
2025-09-19 03:57:50.633444,Clear,0.0,85,0,0,0,0,30
2025-09-19 04:57:50.633444,Clear,0.0,83,0,0,0,0,28
2025-09-19 05:57:50.633444,Clear,0.0,57,0,0,0,0,30
2025-09-19 06:57:50.633444,Clear,0.0,99,0,0,0,0,32
2025-09-19 07:57:50.633444,Heavy Rain,28.588705263570947,52,0,0,1,0,26
2025-09-19 08:57:50.633444,Clear,0.0,70,0,0,0,0,31
2025-09-19 09:57:50.633444,Clear,0.0,49,0,0,0,0,26
2025-09-19 10:57:50.633444,Clear,0.0,87,0,0,0,0,25
2025-09-19 11:57:50.633444,Cloudy,0.0,41,0,0,0,0,28
2025-09-19 12:57:50.633444,Heavy Rain,28.142681396334403,39,0,0,0,0,39
2025-09-19 13:57:50.633444,Clear,0.0,87,0,0,0,0,26
2025-09-19 14:57:50.633444,Rain,3.5636916872068793,58,0,0,1,0,26
2025-09-19 15:57:50.633444,Cloudy,0.0,69,0,0,0,0,32
2025-09-19 16:57:50.633444,Clear,0.0,69,0,0,0,0,31
2025-09-19 17:57:50.633444,Cloudy,0.0,86,0,0,0,0,40
2025-09-19 18:57:50.633444,Clear,0.0,46,0,0,0,0,27
2025-09-19 19:57:50.633444,Clear,0.0,47,0,0,0,0,22
2025-09-19 20:57:50.633444,Cloudy,0.0,90,0,0,0,0,25
2025-09-19 21:57:50.633444,Clear,0.0,76,0,0,0,0,31
2025-09-19 22:57:50.633444,Cloudy,0.0,58,0,0,0,0,31
2025-09-19 23:57:50.633444,Clear,0.0,78,0,0,0,0,28
2025-09-20 00:57:50.633444,Cloudy,0.0,85,0,0,0,0,26
2025-09-20 01:57:50.633444,Clear,0.0,85,0,0,0,0,27
2025-09-20 02:57:50.633444,Rain,6.922711339885977,89,0,0,0,0,30
2025-09-20 03:57:50.633444,Cloudy,0.0,99,0,0,0,0,26
2025-09-20 04:57:50.633444,Rain,4.945573550373583,43,0,0,0,0,30
2025-09-20 05:57:50.633444,Cloudy,0.0,95,0,0,0,0,23
2025-09-20 06:57:50.633444,Clear,0.0,75,0,0,0,0,18
2025-09-20 07:57:50.633444,Cloudy,0.0,81,0,0,0,0,25
2025-09-20 08:57:50.633444,Clear,0.0,74,0,0,0,0,31
2025-09-20 09:57:50.633444,Clear,0.0,91,0,0,0,0,23
2025-09-20 10:57:50.633444,Cloudy,0.0,97,0,0,0,0,31
2025-09-20 11:57:50.633444,Clear,0.0,75,0,0,0,0,19
2025-09-20 12:57:50.633444,Clear,0.0,63,0,0,0,0,39
2025-09-20 13:57:50.633444,Cloudy,0.0,40,0,0,0,0,38
2025-09-20 14:57:50.633444,Clear,0.0,89,0,0,0,0,33
2025-09-20 15:57:50.633444,Clear,0.0,41,0,0,0,0,28
2025-09-20 16:57:50.633444,Clear,0.0,51,0,0,0,0,29
2025-09-20 17:57:50.633444,Clear,0.0,80,0,0,0,0,40
2025-09-20 18:57:50.633444,Cloudy,0.0,81,0,0,0,0,29
2025-09-20 19:57:50.633444,Rain,5.007658684186107,89,0,0,0,0,21
2025-09-20 20:57:50.633444,Cloudy,0.0,95,0,0,0,0,29
2025-09-20 21:57:50.633444,Clear,0.0,59,0,0,0,0,27
2025-09-20 22:57:50.633444,Cloudy,0.0,65,0,0,0,0,26
2025-09-20 23:57:50.633444,Clear,0.0,99,0,0,0,0,26
2025-09-21 00:57:50.633444,Clear,0.0,82,0,0,0,0,24
2025-09-21 01:57:50.633444,Clear,0.0,88,0,0,0,0,27
2025-09-21 02:57:50.633444,Cloudy,0.0,79,0,0,0,0,33
2025-09-21 03:57:50.633444,Clear,0.0,98,0,0,0,0,25
2025-09-21 04:57:50.633444,Clear,0.0,89,0,0,0,0,22
2025-09-21 05:57:50.633444,Cloudy,0.0,59,0,0,0,0,33
2025-09-21 06:57:50.633444,Clear,0.0,49,0,0,0,0,21
2025-09-21 07:57:50.633444,Clear,0.0,43,0,0,0,0,40
2025-09-21 08:57:50.633444,Clear,0.0,77,0,0,0,0,26
2025-09-21 09:57:50.633444,Rain,4.410168429119285,42,0,0,0,0,30
2025-09-21 10:57:50.633444,Clear,0.0,54,0,0,0,0,21
2025-09-21 11:57:50.633444,Clear,0.0,69,0,0,0,0,23
2025-09-21 12:57:50.633444,Rain,8.223585915403138,46,0,0,0,0,27
2025-09-21 13:57:50.633444,Rain,6.586605923236061,97,0,0,0,0,23
2025-09-21 14:57:50.633444,Heavy Rain,19.36431940471831,69,0,0,0,0,27
2025-09-21 15:57:50.633444,Rain,8.831041068144504,95,0,0,0,0,36
2025-09-21 16:57:50.633444,Clear,0.0,53,0,0,0,0,32
2025-09-21 17:57:50.633444,Clear,0.0,76,0,0,0,0,34
2025-09-21 18:57:50.633444,Clear,0.0,67,0,0,0,0,31
2025-09-21 19:57:50.633444,Clear,0.0,63,0,0,0,0,15
2025-09-21 20:57:50.633444,Clear,0.0,47,0,0,0,0,29
2025-09-21 21:57:50.633444,Rain,6.464963356078172,72,0,0,0,0,28
2025-09-21 22:57:50.633444,Clear,0.0,98,0,0,0,0,24
2025-09-21 23:57:50.633444,Clear,0.0,74,0,0,0,0,32
2025-09-22 00:57:50.633444,Clear,0.0,71,0,0,0,0,21
2025-09-22 01:57:50.633444,Clear,0.0,73,0,0,0,0,19
2025-09-22 02:57:50.633444,Clear,0.0,60,0,0,0,0,35
2025-09-22 03:57:50.633444,Rain,8.729239432643261,92,0,0,0,0,28
2025-09-22 04:57:50.633444,Rain,3.209122209559819,72,0,0,0,0,25
2025-09-22 05:57:50.633444,Cloudy,0.0,98,0,0,0,0,26
2025-09-22 06:57:50.633444,Clear,0.0,59,0,0,0,0,38
2025-09-22 07:57:50.633444,Clear,0.0,69,0,0,1,0,22
2025-09-22 08:57:50.633444,Clear,0.0,56,0,0,0,0,28
2025-09-22 09:57:50.633444,Cloudy,0.0,55,0,0,0,0,34
2025-09-22 10:57:50.633444,Cloudy,0.0,41,0,0,0,0,24
2025-09-22 11:57:50.633444,Clear,0.0,53,0,0,0,0,24
2025-09-22 12:57:50.633444,Clear,0.0,47,0,0,0,0,32
2025-09-22 13:57:50.633444,Clear,0.0,97,0,0,0,0,25
2025-09-22 14:57:50.633444,Clear,0.0,79,0,0,1,0,27
2025-09-22 15:57:50.633444,Cloudy,0.0,74,0,0,0,0,26
2025-09-22 16:57:50.633444,Clear,0.0,48,0,0,0,0,28
2025-09-22 17:57:50.633444,Clear,0.0,90,0,0,0,0,36
2025-09-22 18:57:50.633444,Cloudy,0.0,82,0,0,0,0,32
2025-09-22 19:57:50.633444,Cloudy,0.0,43,0,0,0,0,23
2025-09-22 20:57:50.633444,Clear,0.0,74,0,0,0,0,24
2025-09-22 21:57:50.633444,Cloudy,0.0,54,0,0,0,0,37
2025-09-22 22:57:50.633444,Clear,0.0,60,0,0,0,0,19
2025-09-22 23:57:50.633444,Clear,0.0,78,0,0,0,0,22
2025-09-23 00:57:50.633444,Clear,0.0,52,0,0,0,0,24
2025-09-23 01:57:50.633444,Clear,0.0,87,0,0,0,0,27
2025-09-23 02:57:50.633444,Clear,0.0,86,0,0,0,0,19
2025-09-23 03:57:50.633444,Clear,0.0,73,0,0,0,0,31
2025-09-23 04:57:50.633444,Clear,0.0,87,0,0,0,0,28
2025-09-23 05:57:50.633444,Rain,9.933491812553262,69,0,0,0,0,31
2025-09-23 06:57:50.633444,Cloudy,0.0,66,0,0,0,0,20
2025-09-23 07:57:50.633444,Clear,0.0,77,0,0,1,0,31
2025-09-23 08:57:50.633444,Clear,0.0,70,0,0,0,0,32
2025-09-23 09:57:50.633444,Clear,0.0,74,0,0,0,0,23
2025-09-23 10:57:50.633444,Cloudy,0.0,41,0,0,0,0,29
2025-09-23 11:57:50.633444,Clear,0.0,43,0,0,0,0,21
2025-09-23 12:57:50.633444,Rain,7.375794610627339,45,0,0,0,0,31
2025-09-23 13:57:50.633444,Clear,0.0,47,0,0,0,0,33
2025-09-23 14:57:50.633444,Cloudy,0.0,74,0,0,1,0,34
2025-09-23 15:57:50.633444,Clear,0.0,64,0,0,0,0,38
2025-09-23 16:57:50.633444,Cloudy,0.0,99,0,0,0,0,31
2025-09-23 17:57:50.633444,Clear,0.0,64,0,0,0,0,26
2025-09-23 18:57:50.633444,Cloudy,0.0,82,0,0,0,0,20
2025-09-23 19:57:50.633444,Heavy Rain,41.19390404372557,23,0,0,0,0,26
2025-09-23 20:57:50.633444,Clear,0.0,63,0,0,0,0,25
2025-09-23 21:57:50.633444,Cloudy,0.0,86,0,0,0,0,35
2025-09-23 22:57:50.633444,Clear,0.0,78,0,0,0,0,26
2025-09-23 23:57:50.633444,Clear,0.0,91,0,0,0,0,32
2025-09-24 00:57:50.633444,Clear,0.0,71,0,0,0,0,22
2025-09-24 01:57:50.633444,Cloudy,0.0,73,0,0,0,0,20
2025-09-24 02:57:50.633444,Clear,0.0,72,0,0,0,0,31
2025-09-24 03:57:50.633444,Clear,0.0,86,0,0,0,0,31
2025-09-24 04:57:50.633444,Clear,0.0,98,0,0,0,0,32
2025-09-24 05:57:50.633444,Cloudy,0.0,53,0,0,0,0,29
2025-09-24 06:57:50.633444,Cloudy,0.0,68,0,0,0,0,24
2025-09-24 07:57:50.633444,Cloudy,0.0,82,0,0,1,0,34
2025-09-24 08:57:50.633444,Cloudy,0.0,49,0,0,0,0,23
2025-09-24 09:57:50.633444,Heavy Rain,38.445867666369985,50,0,0,0,0,22
2025-09-24 10:57:50.633444,Clear,0.0,69,0,0,0,0,30
2025-09-24 11:57:50.633444,Clear,0.0,93,0,0,0,0,34
2025-09-24 12:57:50.633444,Clear,0.0,88,0,0,0,0,26
2025-09-24 13:57:50.633444,Clear,0.0,70,0,0,0,0,34
2025-09-24 14:57:50.633444,Clear,0.0,97,0,0,1,0,27
2025-09-24 15:57:50.633444,Clear,0.0,68,0,0,0,0,22
2025-09-24 16:57:50.633444,Rain,8.701512020072546,87,0,0,0,0,30
2025-09-24 17:57:50.633444,Clear,0.0,60,0,0,0,0,29
2025-09-24 18:57:50.633444,Rain,5.481579911406508,69,0,0,0,0,22
2025-09-24 19:57:50.633444,Cloudy,0.0,50,0,0,0,0,29
2025-09-24 20:57:50.633444,Clear,0.0,65,0,0,0,0,19
2025-09-24 21:57:50.633444,Clear,0.0,96,0,0,0,0,29
2025-09-24 22:57:50.633444,Heavy Rain,35.18825129449563,51,0,0,0,0,25
2025-09-24 23:57:50.633444,Rain,8.848243411980349,69,0,0,0,0,33
2025-09-25 00:57:50.633444,Clear,0.0,53,0,0,0,0,30
2025-09-25 01:57:50.633444,Cloudy,0.0,75,0,0,0,0,29
2025-09-25 02:57:50.633444,Rain,8.521403893909142,73,0,0,0,0,25
2025-09-25 03:57:50.633444,Clear,0.0,96,0,0,0,0,22
2025-09-25 04:57:50.633444,Clear,0.0,84,0,0,0,0,28
2025-09-25 05:57:50.633444,Cloudy,0.0,41,0,0,0,0,34
2025-09-25 06:57:50.633444,Clear,0.0,62,0,0,0,0,26
2025-09-25 07:57:50.633444,Clear,0.0,55,0,0,1,0,21
2025-09-25 08:57:50.633444,Cloudy,0.0,63,0,0,0,0,26
2025-09-25 09:57:50.633444,Clear,0.0,51,0,0,0,0,28
2025-09-25 10:57:50.633444,Clear,0.0,48,0,0,0,0,30
2025-09-25 11:57:50.633444,Clear,0.0,55,0,0,0,0,36
2025-09-25 12:57:50.633444,Cloudy,0.0,52,0,0,0,0,25
2025-09-25 13:57:50.633444,Heavy Rain,25.669801825052012,52,0,0,0,0,23
2025-09-25 14:57:50.633444,Clear,0.0,89,0,0,1,0,23
2025-09-25 15:57:50.633444,Heavy Rain,16.395343428148653,12,0,0,0,0,26
2025-09-25 16:57:50.633444,Clear,0.0,94,0,0,0,0,31
2025-09-25 17:57:50.633444,Clear,0.0,95,0,0,0,0,32
2025-09-25 18:57:50.633444,Clear,0.0,52,0,0,0,0,22
2025-09-25 19:57:50.633444,Clear,0.0,88,0,0,0,0,22
2025-09-25 20:57:50.633444,Clear,0.0,92,0,0,0,1,31
2025-09-25 21:57:50.633444,Cloudy,0.0,72,0,0,0,0,32
2025-09-25 22:57:50.633444,Clear,0.0,66,0,0,0,0,32
2025-09-25 23:57:50.633444,Cloudy,0.0,97,0,0,0,0,23
2025-09-26 00:57:50.633444,Cloudy,0.0,66,0,0,0,0,20
2025-09-26 01:57:50.633444,Clear,0.0,92,0,0,0,0,21
2025-09-26 02:57:50.633444,Cloudy,0.0,78,0,0,0,0,28
2025-09-26 03:57:50.633444,Clear,0.0,83,0,0,0,0,33
2025-09-26 04:57:50.633444,Clear,0.0,40,0,0,0,0,27
2025-09-26 05:57:50.633444,Clear,0.0,58,0,0,0,0,18
2025-09-26 06:57:50.633444,Clear,0.0,63,0,0,0,0,32
2025-09-26 07:57:50.633444,Clear,0.0,93,0,0,1,0,23
2025-09-26 08:57:50.633444,Cloudy,0.0,71,0,0,0,0,28
2025-09-26 09:57:50.633444,Clear,0.0,89,0,0,0,1,28
2025-09-26 10:57:50.633444,Clear,0.0,60,0,0,0,0,21
2025-09-26 11:57:50.633444,Clear,0.0,89,0,0,0,0,26
2025-09-26 12:57:50.633444,Clear,0.0,88,0,0,0,0,33
2025-09-26 13:57:50.633444,Cloudy,0.0,62,0,0,0,0,24
2025-09-26 14:57:50.633444,Cloudy,0.0,63,0,0,1,0,36
2025-09-26 15:57:50.633444,Clear,0.0,46,0,0,0,0,26
2025-09-26 16:57:50.633444,Clear,0.0,94,0,0,0,1,31
2025-09-26 17:57:50.633444,Clear,0.0,85,0,0,0,0,28
2025-09-26 18:57:50.633444,Clear,0.0,96,0,0,0,0,32
2025-09-26 19:57:50.633444,Cloudy,0.0,99,0,0,0,0,29
2025-09-26 20:57:50.633444,Clear,0.0,68,0,0,0,0,25
2025-09-26 21:57:50.633444,Clear,0.0,52,0,0,0,0,29
2025-09-26 22:57:50.633444,Cloudy,0.0,54,0,0,0,0,31
2025-09-26 23:57:50.633444,Cloudy,0.0,62,0,0,0,0,24
2025-09-27 00:57:50.633444,Clear,0.0,91,0,0,0,0,25
2025-09-27 01:57:50.633444,Clear,0.0,47,0,0,0,0,19
2025-09-27 02:57:50.633444,Clear,0.0,70,0,0,0,0,23
2025-09-27 03:57:50.633444,Cloudy,0.0,90,0,0,0,0,31
2025-09-27 04:57:50.633444,Clear,0.0,79,0,0,0,0,27
2025-09-27 05:57:50.633444,Clear,0.0,89,0,0,0,0,26
2025-09-27 06:57:50.633444,Clear,0.0,81,0,0,0,0,31
2025-09-27 07:57:50.633444,Clear,0.0,93,0,0,0,0,28
2025-09-27 08:57:50.633444,Cloudy,0.0,56,0,0,0,0,27
2025-09-27 09:57:50.633444,Clear,0.0,79,0,0,0,0,19
2025-09-27 10:57:50.633444,Cloudy,0.0,68,0,0,0,0,27
2025-09-27 11:57:50.633444,Clear,0.0,50,0,0,0,0,22
2025-09-27 12:57:50.633444,Clear,0.0,62,0,0,0,0,23
2025-09-27 13:57:50.633444,Clear,0.0,80,0,0,0,0,29
2025-09-27 14:57:50.633444,Rain,9.387481364887751,66,0,0,0,0,34
2025-09-27 15:57:50.633444,Clear,0.0,91,0,0,0,0,33
2025-09-27 16:57:50.633444,Clear,0.0,85,0,0,0,0,25
2025-09-27 17:57:50.633444,Rain,5.616900916652355,96,0,0,0,0,26
2025-09-27 18:57:50.633444,Cloudy,0.0,43,0,0,0,0,26
2025-09-27 19:57:50.633444,Clear,0.0,50,0,0,0,0,24
2025-09-27 20:57:50.633444,Clear,0.0,94,0,0,0,0,31
2025-09-27 21:57:50.633444,Clear,0.0,64,0,0,0,0,28
2025-09-27 22:57:50.633444,Clear,0.0,81,0,0,0,0,30
2025-09-27 23:57:50.633444,Clear,0.0,48,0,0,0,1,24
2025-09-28 00:57:50.633444,Clear,0.0,89,0,0,0,0,35
2025-09-28 01:57:50.633444,Cloudy,0.0,86,0,0,0,0,19
2025-09-28 02:57:50.633444,Cloudy,0.0,63,0,0,0,0,27
2025-09-28 03:57:50.633444,Clear,0.0,95,0,0,0,0,24
2025-09-28 04:57:50.633444,Clear,0.0,52,0,0,0,0,29
2025-09-28 05:57:50.633444,Clear,0.0,83,0,0,0,0,39
2025-09-28 06:57:50.633444,Clear,0.0,76,0,0,0,0,37
2025-09-28 07:57:50.633444,Clear,0.0,95,0,0,0,0,36
2025-09-28 08:57:50.633444,Rain,5.232690024795205,97,0,0,0,0,23
2025-09-28 09:57:50.633444,Cloudy,0.0,41,0,0,0,0,33
2025-09-28 10:57:50.633444,Cloudy,0.0,46,0,0,0,0,34
2025-09-28 11:57:50.633444,Clear,0.0,58,0,0,0,0,33
2025-09-28 12:57:50.633444,Clear,0.0,90,0,0,0,0,32
2025-09-28 13:57:50.633444,Clear,0.0,72,0,0,0,0,35
2025-09-28 14:57:50.633444,Rain,4.392929084177709,71,0,0,0,0,31
2025-09-28 15:57:50.633444,Clear,0.0,88,0,0,0,0,29
2025-09-28 16:57:50.633444,Clear,0.0,66,0,0,0,0,34
2025-09-28 17:57:50.633444,Heavy Rain,46.939231172423625,25,0,0,0,0,28
2025-09-28 18:57:50.633444,Clear,0.0,76,0,0,0,0,30
2025-09-28 19:57:50.633444,Clear,0.0,93,0,0,0,0,26
2025-09-28 20:57:50.633444,Clear,0.0,89,0,0,0,0,31
2025-09-28 21:57:50.633444,Clear,0.0,51,0,0,0,0,35
2025-09-28 22:57:50.633444,Clear,0.0,82,0,0,0,0,26
2025-09-28 23:57:50.633444,Clear,0.0,87,0,0,0,0,22
2025-09-29 00:57:50.633444,Cloudy,0.0,62,0,0,0,0,18
2025-09-29 01:57:50.633444,Clear,0.0,50,0,0,0,0,30
2025-09-29 02:57:50.633444,Clear,0.0,52,0,0,0,0,25
2025-09-29 03:57:50.633444,Clear,0.0,77,0,0,0,0,35
2025-09-29 04:57:50.633444,Clear,0.0,72,0,0,0,0,29
2025-09-29 05:57:50.633444,Clear,0.0,75,0,0,0,0,39
2025-09-29 06:57:50.633444,Clear,0.0,43,0,0,0,0,27
2025-09-29 07:57:50.633444,Clear,0.0,88,0,0,1,0,28
2025-09-29 08:57:50.633444,Clear,0.0,82,0,0,0,0,43
2025-09-29 09:57:50.633444,Clear,0.0,58,0,0,0,0,30
2025-09-29 10:57:50.633444,Heavy Rain,47.655449795473665,51,0,0,0,0,23
2025-09-29 11:57:50.633444,Cloudy,0.0,94,0,0,0,0,33
2025-09-29 12:57:50.633444,Clear,0.0,78,0,0,0,0,29
2025-09-29 13:57:50.633444,Cloudy,0.0,40,0,0,0,0,26
2025-09-29 14:57:50.633444,Clear,0.0,75,0,0,1,0,29
2025-09-29 15:57:50.633444,Cloudy,0.0,48,0,0,0,0,25
2025-09-29 16:57:50.633444,Clear,0.0,82,0,0,0,0,30
2025-09-29 17:57:50.633444,Clear,0.0,53,0,0,0,0,27
2025-09-29 18:57:50.633444,Clear,0.0,56,0,0,0,0,20
2025-09-29 19:57:50.633444,Clear,0.0,41,0,0,0,0,32
2025-09-29 20:57:50.633444,Heavy Rain,10.159132215502273,11,0,0,0,0,28
2025-09-29 21:57:50.633444,Rain,2.739403506764356,82,0,0,0,0,23
2025-09-29 22:57:50.633444,Cloudy,0.0,55,0,0,0,0,39
2025-09-29 23:57:50.633444,Clear,0.0,93,0,0,0,0,30
2025-09-30 00:57:50.633444,Clear,0.0,49,0,0,0,0,27
2025-09-30 01:57:50.633444,Cloudy,0.0,82,0,0,0,0,22
2025-09-30 02:57:50.633444,Clear,0.0,62,0,0,0,0,20
2025-09-30 03:57:50.633444,Rain,9.18333879275566,60,0,0,0,0,32
2025-09-30 04:57:50.633444,Clear,0.0,71,0,0,0,0,30
2025-09-30 05:57:50.633444,Clear,0.0,77,0,0,0,0,31
2025-09-30 06:57:50.633444,Clear,0.0,93,0,0,0,0,37
2025-09-30 07:57:50.633444,Clear,0.0,88,0,0,1,0,33
2025-09-30 08:57:50.633444,Clear,0.0,72,0,0,0,0,26
2025-09-30 09:57:50.633444,Clear,0.0,46,0,0,0,0,28
2025-09-30 10:57:50.633444,Clear,0.0,61,0,0,0,0,29
2025-09-30 11:57:50.633444,Clear,0.0,60,0,0,0,0,25
2025-09-30 12:57:50.633444,Rain,3.833917787496171,60,0,0,0,0,28
2025-09-30 13:57:50.633444,Heavy Rain,37.448892347442516,50,0,0,0,0,26
2025-09-30 14:57:50.633444,Cloudy,0.0,92,0,0,1,0,30
2025-09-30 15:57:50.633444,Clear,0.0,94,0,0,0,0,27
2025-09-30 16:57:50.633444,Cloudy,0.0,71,0,0,0,0,24
2025-09-30 17:57:50.633444,Cloudy,0.0,49,0,0,0,1,32
2025-09-30 18:57:50.633444,Clear,0.0,98,0,0,0,0,15
2025-09-30 19:57:50.633444,Clear,0.0,91,0,0,0,0,30
2025-09-30 20:57:50.633444,Clear,0.0,51,0,0,0,0,28
2025-09-30 21:57:50.633444,Cloudy,0.0,97,0,0,0,0,25
2025-09-30 22:57:50.633444,Rain,4.003899903340595,86,0,0,0,0,29
2025-09-30 23:57:50.633444,Clear,0.0,76,0,0,0,0,22
2025-10-01 00:57:50.633444,Clear,0.0,49,0,1,0,0,24
2025-10-01 01:57:50.633444,Clear,0.0,57,0,1,0,0,33
2025-10-01 02:57:50.633444,Rain,3.203337737713322,81,0,1,0,0,19
2025-10-01 03:57:50.633444,Clear,0.0,86,0,1,0,0,26
2025-10-01 04:57:50.633444,Cloudy,0.0,73,0,1,0,0,25
2025-10-01 05:57:50.633444,Clear,0.0,44,0,1,0,0,19
2025-10-01 06:57:50.633444,Clear,0.0,83,0,1,0,0,25
2025-10-01 07:57:50.633444,Clear,0.0,85,0,1,1,0,21
2025-10-01 08:57:50.633444,Rain,2.292676836061414,65,0,1,0,0,28
2025-10-01 09:57:50.633444,Clear,0.0,91,0,1,0,0,21
2025-10-01 10:57:50.633444,Clear,0.0,43,0,1,0,0,25
2025-10-01 11:57:50.633444,Clear,0.0,87,0,1,0,0,31
2025-10-01 12:57:50.633444,Clear,0.0,45,0,1,0,0,36
2025-10-01 13:57:50.633444,Clear,0.0,75,0,1,0,0,29
2025-10-01 14:57:50.633444,Cloudy,0.0,49,0,1,1,0,34
2025-10-01 15:57:50.633444,Rain,5.191323267712425,61,0,1,0,0,34
2025-10-01 16:57:50.633444,Clear,0.0,99,0,1,0,0,33
2025-10-01 17:57:50.633444,Clear,0.0,83,0,1,0,0,32
2025-10-01 18:57:50.633444,Cloudy,0.0,89,0,1,0,0,31
2025-10-01 19:57:50.633444,Clear,0.0,54,0,1,0,0,29
2025-10-01 20:57:50.633444,Cloudy,0.0,90,0,1,0,0,29
2025-10-01 21:57:50.633444,Cloudy,0.0,72,0,1,0,0,29
2025-10-01 22:57:50.633444,Clear,0.0,50,0,1,0,0,21
2025-10-01 23:57:50.633444,Clear,0.0,42,0,1,0,0,29
2025-10-02 00:57:50.633444,Cloudy,0.0,82,0,1,0,0,20
2025-10-02 01:57:50.633444,Rain,6.506028024602687,77,0,1,0,0,28
2025-10-02 02:57:50.633444,Clear,0.0,74,0,1,0,0,26
2025-10-02 03:57:50.633444,Clear,0.0,40,0,1,0,0,17
2025-10-02 04:57:50.633444,Cloudy,0.0,49,0,1,0,0,25
2025-10-02 05:57:50.633444,Clear,0.0,61,0,1,0,0,25
2025-10-02 06:57:50.633444,Heavy Rain,26.96808483399795,34,0,1,0,0,32
2025-10-02 07:57:50.633444,Rain,4.851157231642673,98,0,1,1,0,25
2025-10-02 08:57:50.633444,Clear,0.0,46,0,1,0,0,26
2025-10-02 09:57:50.633444,Cloudy,0.0,43,0,1,0,0,27
2025-10-02 10:57:50.633444,Clear,0.0,60,0,1,0,0,25
2025-10-02 11:57:50.633444,Heavy Rain,29.158425509510693,52,0,1,0,0,21
2025-10-02 12:57:50.633444,Clear,0.0,94,0,1,0,0,21
2025-10-02 13:57:50.633444,Clear,0.0,94,0,1,0,0,26
2025-10-02 14:57:50.633444,Clear,0.0,53,0,1,1,0,24
2025-10-02 15:57:50.633444,Clear,0.0,62,0,1,0,0,40
2025-10-02 16:57:50.633444,Clear,0.0,79,0,1,0,0,27
2025-10-02 17:57:50.633444,Clear,0.0,77,0,1,0,0,22
2025-10-02 18:57:50.633444,Clear,0.0,72,0,1,0,0,30
2025-10-02 19:57:50.633444,Clear,0.0,57,0,1,0,0,29
2025-10-02 20:57:50.633444,Clear,0.0,66,0,1,0,0,22
2025-10-02 21:57:50.633444,Clear,0.0,48,0,1,0,0,26
2025-10-02 22:57:50.633444,Clear,0.0,57,0,1,0,0,25
2025-10-02 23:57:50.633444,Clear,0.0,53,0,1,0,0,22
2025-10-03 00:57:50.633444,Clear,0.0,72,0,1,0,0,25
2025-10-03 01:57:50.633444,Cloudy,0.0,42,0,1,0,0,25
2025-10-03 02:57:50.633444,Clear,0.0,86,0,1,0,0,29
2025-10-03 03:57:50.633444,Rain,7.538789386196514,75,0,1,0,0,28
2025-10-03 04:57:50.633444,Clear,0.0,78,0,1,0,1,21
2025-10-03 05:57:50.633444,Clear,0.0,82,0,1,0,0,19
2025-10-03 06:57:50.633444,Cloudy,0.0,89,0,1,0,0,32
2025-10-03 07:57:50.633444,Cloudy,0.0,57,0,1,1,0,27
2025-10-03 08:57:50.633444,Clear,0.0,84,0,1,0,0,25
2025-10-03 09:57:50.633444,Clear,0.0,61,0,1,0,0,22
2025-10-03 10:57:50.633444,Clear,0.0,82,0,1,0,0,28
2025-10-03 11:57:50.633444,Cloudy,0.0,57,0,1,0,0,24
2025-10-03 12:57:50.633444,Rain,6.552435773236808,58,0,1,0,0,20
2025-10-03 13:57:50.633444,Clear,0.0,64,0,1,0,0,31
2025-10-03 14:57:50.633444,Clear,0.0,89,0,1,1,0,34
2025-10-03 15:57:50.633444,Clear,0.0,96,0,1,0,0,28
2025-10-03 16:57:50.633444,Cloudy,0.0,98,0,1,0,0,28
2025-10-03 17:57:50.633444,Clear,0.0,77,0,1,0,0,36
2025-10-03 18:57:50.633444,Heavy Rain,16.840597615024976,20,0,1,0,0,24
2025-10-03 19:57:50.633444,Clear,0.0,52,0,1,0,0,25
2025-10-03 20:57:50.633444,Clear,0.0,45,0,1,0,0,33
2025-10-03 21:57:50.633444,Clear,0.0,95,0,1,0,0,21
2025-10-03 22:57:50.633444,Heavy Rain,17.556046833222354,11,0,1,0,0,29
2025-10-03 23:57:50.633444,Clear,0.0,46,0,1,0,0,33
2025-10-04 00:57:50.633444,Clear,0.0,61,0,1,0,0,32
2025-10-04 01:57:50.633444,Cloudy,0.0,64,0,1,0,0,25
2025-10-04 02:57:50.633444,Cloudy,0.0,72,0,1,0,0,27
2025-10-04 03:57:50.633444,Heavy Rain,25.286584143797608,15,0,1,0,0,34
2025-10-04 04:57:50.633444,Heavy Rain,44.33221406432572,67,0,1,0,0,33
2025-10-04 05:57:50.633444,Rain,2.347760482909335,72,0,1,0,0,29
2025-10-04 06:57:50.633444,Cloudy,0.0,83,0,1,0,1,30
2025-10-04 07:57:50.633444,Clear,0.0,40,0,1,0,0,30
2025-10-04 08:57:50.633444,Clear,0.0,71,0,1,0,0,27
2025-10-04 09:57:50.633444,Heavy Rain,19.771659896295823,33,0,1,0,0,36
2025-10-04 10:57:50.633444,Clear,0.0,49,0,1,0,0,17
2025-10-04 11:57:50.633444,Rain,5.727083673615964,88,0,1,0,0,23
2025-10-04 12:57:50.633444,Cloudy,0.0,71,0,1,0,0,20
2025-10-04 13:57:50.633444,Cloudy,0.0,61,0,1,0,0,29
2025-10-04 14:57:50.633444,Clear,0.0,42,0,1,0,0,32
2025-10-04 15:57:50.633444,Clear,0.0,43,0,1,0,0,23
2025-10-04 16:57:50.633444,Clear,0.0,69,0,1,0,0,32
2025-10-04 17:57:50.633444,Clear,0.0,98,0,1,0,0,28
2025-10-04 18:57:50.633444,Heavy Rain,30.93272949683804,14,0,1,0,0,32
2025-10-04 19:57:50.633444,Clear,0.0,53,0,1,0,0,27
2025-10-04 20:57:50.633444,Clear,0.0,76,0,1,0,0,31
2025-10-04 21:57:50.633444,Heavy Rain,36.389810478040275,64,0,1,0,0,29
2025-10-04 22:57:50.633444,Clear,0.0,66,0,1,0,0,29
2025-10-04 23:57:50.633444,Clear,0.0,86,0,1,0,0,16
2025-10-05 00:57:50.633444,Clear,0.0,81,0,1,0,0,32
2025-10-05 01:57:50.633444,Rain,9.50364137184966,88,0,1,0,0,32
2025-10-05 02:57:50.633444,Clear,0.0,98,0,1,0,0,15
2025-10-05 03:57:50.633444,Cloudy,0.0,63,0,1,0,0,19
2025-10-05 04:57:50.633444,Cloudy,0.0,65,0,1,0,0,27
2025-10-05 05:57:50.633444,Clear,0.0,53,0,1,0,1,29
2025-10-05 06:57:50.633444,Clear,0.0,40,0,1,0,0,32
2025-10-05 07:57:50.633444,Cloudy,0.0,94,0,1,0,0,25
2025-10-05 08:57:50.633444,Cloudy,0.0,93,0,1,0,0,35
2025-10-05 09:57:50.633444,Rain,9.6546176126152,87,0,1,0,0,15
2025-10-05 10:57:50.633444,Cloudy,0.0,89,0,1,0,0,20
2025-10-05 11:57:50.633444,Cloudy,0.0,82,0,1,0,0,35
2025-10-05 12:57:50.633444,Clear,0.0,76,0,1,0,0,34
2025-10-05 13:57:50.633444,Clear,0.0,66,0,1,0,0,34
2025-10-05 14:57:50.633444,Cloudy,0.0,44,0,1,0,0,31
2025-10-05 15:57:50.633444,Clear,0.0,75,0,1,0,0,30
2025-10-05 16:57:50.633444,Clear,0.0,85,0,1,0,0,29
2025-10-05 17:57:50.633444,Clear,0.0,56,0,1,0,0,29
2025-10-05 18:57:50.633444,Clear,0.0,89,0,1,0,0,30
2025-10-05 19:57:50.633444,Cloudy,0.0,98,0,1,0,0,30
2025-10-05 20:57:50.633444,Rain,9.192421936028225,50,0,1,0,0,21
2025-10-05 21:57:50.633444,Clear,0.0,55,0,1,0,0,21
2025-10-05 22:57:50.633444,Cloudy,0.0,61,0,1,0,0,30
2025-10-05 23:57:50.633444,Heavy Rain,42.00835494307908,64,0,1,0,0,24
2025-10-06 00:57:50.633444,Clear,0.0,88,0,1,0,0,32
2025-10-06 01:57:50.633444,Clear,0.0,61,0,1,0,0,22
2025-10-06 02:57:50.633444,Clear,0.0,90,0,1,0,0,29
2025-10-06 03:57:50.633444,Cloudy,0.0,69,0,1,0,0,27
2025-10-06 04:57:50.633444,Clear,0.0,76,0,1,0,0,22
2025-10-06 05:57:50.633444,Clear,0.0,62,0,1,0,0,35
2025-10-06 06:57:50.633444,Clear,0.0,56,0,1,0,0,39
2025-10-06 07:57:50.633444,Cloudy,0.0,73,0,1,1,0,33
2025-10-06 08:57:50.633444,Rain,6.550602169645241,77,0,1,0,0,16
2025-10-06 09:57:50.633444,Cloudy,0.0,80,0,1,0,0,29
2025-10-06 10:57:50.633444,Heavy Rain,48.41769447924518,56,0,1,0,1,17
2025-10-06 11:57:50.633444,Clear,0.0,98,0,1,0,0,24
2025-10-06 12:57:50.633444,Clear,0.0,83,0,1,0,0,31
2025-10-06 13:57:50.633444,Heavy Rain,12.21266345214695,45,0,1,0,1,29
2025-10-06 14:57:50.633444,Cloudy,0.0,86,0,1,1,0,27
2025-10-06 15:57:50.633444,Cloudy,0.0,70,0,1,0,0,25
2025-10-06 16:57:50.633444,Heavy Rain,10.791898044681565,12,0,1,0,0,27
2025-10-06 17:57:50.633444,Cloudy,0.0,64,0,1,0,0,19
2025-10-06 18:57:50.633444,Cloudy,0.0,82,0,1,0,0,19
2025-10-06 19:57:50.633444,Cloudy,0.0,80,0,1,0,0,30
2025-10-06 20:57:50.633444,Clear,0.0,88,0,1,0,0,29
2025-10-06 21:57:50.633444,Cloudy,0.0,74,0,1,0,0,25
2025-10-06 22:57:50.633444,Clear,0.0,53,0,1,0,0,34
2025-10-06 23:57:50.633444,Clear,0.0,50,0,1,0,0,23
2025-10-07 00:57:50.633444,Clear,0.0,48,0,1,0,0,21
2025-10-07 01:57:50.633444,Clear,0.0,73,0,1,0,0,27
2025-10-07 02:57:50.633444,Cloudy,0.0,64,0,1,0,0,32
2025-10-07 03:57:50.633444,Clear,0.0,87,0,1,0,0,22
2025-10-07 04:57:50.633444,Clear,0.0,49,0,1,0,0,19
2025-10-07 05:57:50.633444,Clear,0.0,75,0,1,0,0,33
2025-10-07 06:57:50.633444,Clear,0.0,65,0,1,0,0,23
2025-10-07 07:57:50.633444,Clear,0.0,55,0,1,1,0,23
2025-10-07 08:57:50.633444,Clear,0.0,80,0,1,0,0,30
2025-10-07 09:57:50.633444,Cloudy,0.0,63,0,1,0,0,31
2025-10-07 10:57:50.633444,Clear,0.0,81,0,1,0,0,34
2025-10-07 11:57:50.633444,Clear,0.0,41,0,1,0,0,22
2025-10-07 12:57:50.633444,Clear,0.0,76,0,1,0,0,21
2025-10-07 13:57:50.633444,Cloudy,0.0,88,0,1,0,0,20
2025-10-07 14:57:50.633444,Rain,8.732939750491493,46,0,1,1,0,32
2025-10-07 15:57:50.633444,Clear,0.0,50,0,1,0,0,33
2025-10-07 16:57:50.633444,Clear,0.0,62,0,1,0,0,27
2025-10-07 17:57:50.633444,Cloudy,0.0,60,0,1,0,0,24
2025-10-07 18:57:50.633444,Cloudy,0.0,70,0,1,0,0,33
2025-10-07 19:57:50.633444,Clear,0.0,40,0,1,0,0,22
2025-10-07 20:57:50.633444,Clear,0.0,44,0,1,0,0,27
2025-10-07 21:57:50.633444,Cloudy,0.0,80,0,1,0,0,28
2025-10-07 22:57:50.633444,Rain,9.499200421165352,60,0,1,0,0,39
2025-10-07 23:57:50.633444,Clear,0.0,58,0,1,0,0,30
2025-10-08 00:57:50.633444,Clear,0.0,67,0,1,0,0,25
2025-10-08 01:57:50.633444,Clear,0.0,41,0,1,0,0,32
2025-10-08 02:57:50.633444,Clear,0.0,93,0,1,0,0,28
2025-10-08 03:57:50.633444,Clear,0.0,63,0,1,0,0,31
2025-10-08 04:57:50.633444,Heavy Rain,15.057652571706445,46,0,1,0,0,32
2025-10-08 05:57:50.633444,Clear,0.0,84,0,1,0,0,31
2025-10-08 06:57:50.633444,Heavy Rain,22.5167515606775,30,0,1,0,0,25
2025-10-08 07:57:50.633444,Clear,0.0,73,0,1,1,0,30
2025-10-08 08:57:50.633444,Clear,0.0,47,0,1,0,0,30
2025-10-08 09:57:50.633444,Clear,0.0,75,0,1,0,0,28
2025-10-08 10:57:50.633444,Rain,7.3189698567178025,96,0,1,0,0,33
2025-10-08 11:57:50.633444,Cloudy,0.0,40,0,1,0,0,26
2025-10-08 12:57:50.633444,Clear,0.0,69,0,1,0,0,23
2025-10-08 13:57:50.633444,Heavy Rain,13.557254401419279,56,0,1,0,0,31
2025-10-08 14:57:50.633444,Heavy Rain,37.42274196672411,67,0,1,1,0,29
2025-10-08 15:57:50.633444,Clear,0.0,65,0,1,0,0,27
2025-10-08 16:57:50.633444,Cloudy,0.0,58,0,1,0,0,32
2025-10-08 17:57:50.633444,Rain,8.693446119751224,85,0,1,0,0,33
2025-10-08 18:57:50.633444,Clear,0.0,48,0,1,0,0,23
2025-10-08 19:57:50.633444,Clear,0.0,76,0,1,0,0,35
2025-10-08 20:57:50.633444,Cloudy,0.0,73,0,1,0,0,27
2025-10-08 21:57:50.633444,Heavy Rain,39.979750674602926,22,0,1,0,0,23
2025-10-08 22:57:50.633444,Clear,0.0,49,0,1,0,0,28
2025-10-08 23:57:50.633444,Clear,0.0,66,0,1,0,0,29
2025-10-09 00:57:50.633444,Clear,0.0,80,0,1,0,0,17
2025-10-09 01:57:50.633444,Clear,0.0,66,0,1,0,0,39
2025-10-09 02:57:50.633444,Rain,6.05000242241893,76,0,1,0,0,18
2025-10-09 03:57:50.633444,Cloudy,0.0,95,0,1,0,0,32
2025-10-09 04:57:50.633444,Cloudy,0.0,99,0,1,0,0,23
2025-10-09 05:57:50.633444,Heavy Rain,27.1190200323074,47,0,1,0,0,30
2025-10-09 06:57:50.633444,Clear,0.0,88,0,1,0,0,29
2025-10-09 07:57:50.633444,Clear,0.0,60,0,1,1,0,20
2025-10-09 08:57:50.633444,Cloudy,0.0,92,0,1,0,0,27
2025-10-09 09:57:50.633444,Rain,4.3034369594078825,89,0,1,0,0,33
2025-10-09 10:57:50.633444,Clear,0.0,77,0,1,0,0,23
2025-10-09 11:57:50.633444,Clear,0.0,60,0,1,0,0,21
2025-10-09 12:57:50.633444,Clear,0.0,73,0,1,0,0,27
2025-10-09 13:57:50.633444,Clear,0.0,80,0,1,0,0,34
2025-10-09 14:57:50.633444,Cloudy,0.0,74,0,1,1,0,24
2025-10-09 15:57:50.633444,Rain,7.196484895413326,55,0,1,0,0,28
2025-10-09 16:57:50.633444,Clear,0.0,92,0,1,0,0,30
2025-10-09 17:57:50.633444,Clear,0.0,75,0,1,0,0,25
2025-10-09 18:57:50.633444,Cloudy,0.0,68,0,1,0,0,35
2025-10-09 19:57:50.633444,Clear,0.0,56,0,1,0,0,32
2025-10-09 20:57:50.633444,Clear,0.0,42,0,1,0,0,21
2025-10-09 21:57:50.633444,Clear,0.0,94,0,1,0,0,32
2025-10-09 22:57:50.633444,Rain,6.054243643681964,84,0,1,0,0,22
2025-10-09 23:57:50.633444,Cloudy,0.0,70,0,1,0,0,16
2025-10-10 00:57:50.633444,Clear,0.0,67,0,1,0,0,26
2025-10-10 01:57:50.633444,Cloudy,0.0,74,0,1,0,0,19
2025-10-10 02:57:50.633444,Clear,0.0,74,0,1,0,0,37
2025-10-10 03:57:50.633444,Cloudy,0.0,44,0,1,0,0,24
2025-10-10 04:57:50.633444,Rain,2.289994531206017,60,0,1,0,0,29
2025-10-10 05:57:50.633444,Heavy Rain,38.388541694958505,39,0,1,0,0,32
2025-10-10 06:57:50.633444,Cloudy,0.0,94,0,1,0,0,21
2025-10-10 07:57:50.633444,Clear,0.0,94,0,1,1,0,27
2025-10-10 08:57:50.633444,Clear,0.0,55,0,1,0,0,24
2025-10-10 09:57:50.633444,Clear,0.0,76,0,1,0,0,32
2025-10-10 10:57:50.633444,Clear,0.0,56,0,1,0,0,23
2025-10-10 11:57:50.633444,Clear,0.0,71,0,1,0,0,20
2025-10-10 12:57:50.633444,Clear,0.0,56,0,1,0,0,24
2025-10-10 13:57:50.633444,Clear,0.0,51,0,1,0,0,30
2025-10-10 14:57:50.633444,Rain,7.180969253238273,84,0,1,1,0,21
2025-10-10 15:57:50.633444,Cloudy,0.0,46,0,1,0,0,36
2025-10-10 16:57:50.633444,Clear,0.0,86,0,1,0,0,25
2025-10-10 17:57:50.633444,Clear,0.0,62,0,1,0,0,28
2025-10-10 18:57:50.633444,Clear,0.0,85,0,1,0,0,24
2025-10-10 19:57:50.633444,Clear,0.0,90,0,1,0,0,31
2025-10-10 20:57:50.633444,Clear,0.0,99,0,1,0,0,20
2025-10-10 21:57:50.633444,Clear,0.0,86,0,1,0,0,26
2025-10-10 22:57:50.633444,Heavy Rain,28.882806125085054,57,0,1,0,0,31
2025-10-10 23:57:50.633444,Clear,0.0,47,0,1,0,0,22
2025-10-11 00:57:50.633444,Clear,0.0,79,0,1,0,0,24
2025-10-11 01:57:50.633444,Clear,0.0,61,0,1,0,0,34
2025-10-11 02:57:50.633444,Clear,0.0,70,0,1,0,0,28
2025-10-11 03:57:50.633444,Clear,0.0,71,0,1,0,0,19
2025-10-11 04:57:50.633444,Heavy Rain,10.277995640239448,21,0,1,0,0,18
2025-10-11 05:57:50.633444,Rain,7.725191829034284,63,0,1,0,0,32
2025-10-11 06:57:50.633444,Cloudy,0.0,52,0,1,0,0,19
2025-10-11 07:57:50.633444,Clear,0.0,42,0,1,0,0,36
2025-10-11 08:57:50.633444,Cloudy,0.0,77,0,1,0,0,32
2025-10-11 09:57:50.633444,Clear,0.0,51,0,1,0,0,30
2025-10-11 10:57:50.633444,Cloudy,0.0,65,0,1,0,0,36
2025-10-11 11:57:50.633444,Clear,0.0,51,0,1,0,0,18
2025-10-11 12:57:50.633444,Rain,9.67590274897514,88,0,1,0,0,30
2025-10-11 13:57:50.633444,Clear,0.0,58,0,1,0,0,26
2025-10-11 14:57:50.633444,Clear,0.0,98,0,1,0,0,21
2025-10-11 15:57:50.633444,Clear,0.0,49,0,1,0,0,27
2025-10-11 16:57:50.633444,Cloudy,0.0,91,0,1,0,0,26
2025-10-11 17:57:50.633444,Cloudy,0.0,91,0,1,0,0,24
2025-10-11 18:57:50.633444,Clear,0.0,52,0,1,0,0,23
2025-10-11 19:57:50.633444,Clear,0.0,94,0,1,0,0,30
2025-10-11 20:57:50.633444,Clear,0.0,61,0,1,0,0,24
2025-10-11 21:57:50.633444,Clear,0.0,83,0,1,0,0,26
2025-10-11 22:57:50.633444,Clear,0.0,78,0,1,0,0,25
2025-10-11 23:57:50.633444,Clear,0.0,40,0,1,0,0,27
2025-10-12 00:57:50.633444,Rain,5.095514659771047,84,0,1,0,0,22
2025-10-12 01:57:50.633444,Clear,0.0,62,0,1,0,0,31
2025-10-12 02:57:50.633444,Clear,0.0,55,0,1,0,0,35
2025-10-12 03:57:50.633444,Clear,0.0,69,0,1,0,0,29
2025-10-12 04:57:50.633444,Heavy Rain,13.700109612551659,24,0,1,0,0,25
2025-10-12 05:57:50.633444,Clear,0.0,59,0,1,0,0,25
2025-10-12 06:57:50.633444,Heavy Rain,25.40636688985937,43,0,1,0,0,22
2025-10-12 07:57:50.633444,Clear,0.0,86,0,1,0,0,26
2025-10-12 08:57:50.633444,Clear,0.0,75,0,1,0,0,21
2025-10-12 09:57:50.633444,Clear,0.0,96,0,1,0,0,26
2025-10-12 10:57:50.633444,Rain,3.5537058545918514,56,0,1,0,0,28
2025-10-12 11:57:50.633444,Cloudy,0.0,47,0,1,0,0,26
2025-10-12 12:57:50.633444,Clear,0.0,93,0,1,0,0,32
2025-10-12 13:57:50.633444,Clear,0.0,47,0,1,0,0,29
2025-10-12 14:57:50.633444,Rain,9.43978751674192,53,0,1,0,0,30
2025-10-12 15:57:50.633444,Cloudy,0.0,73,0,1,0,0,29
2025-10-12 16:57:50.633444,Cloudy,0.0,78,0,1,0,0,35
2025-10-12 17:57:50.633444,Cloudy,0.0,68,0,1,0,0,26
2025-10-12 18:57:50.633444,Clear,0.0,59,0,1,0,0,29
2025-10-12 19:57:50.633444,Clear,0.0,91,0,1,0,0,32
2025-10-12 20:57:50.633444,Rain,5.489479936711469,89,0,1,0,0,34
2025-10-12 21:57:50.633444,Clear,0.0,73,0,1,0,0,26
2025-10-12 22:57:50.633444,Cloudy,0.0,87,0,1,0,0,23
2025-10-12 23:57:50.633444,Clear,0.0,94,0,1,0,0,25
2025-10-13 00:57:50.633444,Clear,0.0,98,0,1,0,0,29
2025-10-13 01:57:50.633444,Clear,0.0,54,0,1,0,0,22
2025-10-13 02:57:50.633444,Clear,0.0,66,0,1,0,0,28
2025-10-13 03:57:50.633444,Clear,0.0,86,0,1,0,0,36
2025-10-13 04:57:50.633444,Cloudy,0.0,54,0,1,0,0,33
2025-10-13 05:57:50.633444,Clear,0.0,84,0,1,0,0,23
2025-10-13 06:57:50.633444,Clear,0.0,85,0,1,0,0,27
2025-10-13 07:57:50.633444,Clear,0.0,73,0,1,1,0,27
2025-10-13 08:57:50.633444,Cloudy,0.0,90,0,1,0,0,28
2025-10-13 09:57:50.633444,Clear,0.0,73,0,1,0,0,30
2025-10-13 10:57:50.633444,Cloudy,0.0,66,0,1,0,1,25
2025-10-13 11:57:50.633444,Clear,0.0,72,0,1,0,0,28
2025-10-13 12:57:50.633444,Clear,0.0,79,0,1,0,0,25
2025-10-13 13:57:50.633444,Clear,0.0,88,0,1,0,0,29
2025-10-13 14:57:50.633444,Clear,0.0,80,0,1,1,0,27
2025-10-13 15:57:50.633444,Clear,0.0,83,0,1,0,0,31
2025-10-13 16:57:50.633444,Cloudy,0.0,52,0,1,0,0,33
2025-10-13 17:57:50.633444,Clear,0.0,66,0,1,0,0,31
2025-10-13 18:57:50.633444,Heavy Rain,48.82558556382685,50,0,1,0,0,33
2025-10-13 19:57:50.633444,Clear,0.0,47,0,1,0,0,24
2025-10-13 20:57:50.633444,Cloudy,0.0,84,0,1,0,0,20
2025-10-13 21:57:50.633444,Rain,6.134030930530334,57,0,1,0,0,28
2025-10-13 22:57:50.633444,Rain,6.2040610926122115,45,0,1,0,0,33
2025-10-13 23:57:50.633444,Clear,0.0,60,0,1,0,0,34
2025-10-14 00:57:50.633444,Cloudy,0.0,91,0,1,0,0,31
2025-10-14 01:57:50.633444,Clear,0.0,49,0,1,0,0,27
2025-10-14 02:57:50.633444,Rain,6.816527851997938,61,0,1,0,0,25
2025-10-14 03:57:50.633444,Clear,0.0,80,0,1,0,0,33
2025-10-14 04:57:50.633444,Cloudy,0.0,52,0,1,0,0,33
2025-10-14 05:57:50.633444,Clear,0.0,88,0,1,0,0,30
2025-10-14 06:57:50.633444,Cloudy,0.0,46,0,1,0,0,34
2025-10-14 07:57:50.633444,Clear,0.0,77,0,1,1,0,23
2025-10-14 08:57:50.633444,Cloudy,0.0,70,0,1,0,0,38
2025-10-14 09:57:50.633444,Clear,0.0,84,0,1,0,0,32
2025-10-14 10:57:50.633444,Cloudy,0.0,96,0,1,0,0,32
2025-10-14 11:57:50.633444,Cloudy,0.0,50,0,1,0,0,39
2025-10-14 12:57:50.633444,Clear,0.0,94,0,1,0,0,26
2025-10-14 13:57:50.633444,Clear,0.0,57,0,1,0,0,33
2025-10-14 14:57:50.633444,Cloudy,0.0,54,0,1,1,0,23
2025-10-14 15:57:50.633444,Heavy Rain,47.35494894126495,24,0,1,0,0,36
2025-10-14 16:57:50.633444,Clear,0.0,68,0,1,0,0,30
2025-10-14 17:57:50.633444,Clear,0.0,47,0,1,0,0,34
2025-10-14 18:57:50.633444,Clear,0.0,71,0,1,0,0,28
2025-10-14 19:57:50.633444,Clear,0.0,94,0,1,0,0,17
2025-10-14 20:57:50.633444,Clear,0.0,79,0,1,0,0,22
2025-10-14 21:57:50.633444,Clear,0.0,78,0,1,0,0,30
2025-10-14 22:57:50.633444,Clear,0.0,90,0,1,0,0,32
2025-10-14 23:57:50.633444,Cloudy,0.0,56,0,1,0,0,36
2025-10-15 00:57:50.633444,Rain,2.4932865707462106,91,0,1,0,0,24
2025-10-15 01:57:50.633444,Clear,0.0,90,0,1,0,0,30
2025-10-15 02:57:50.633444,Cloudy,0.0,53,0,1,0,0,25
2025-10-15 03:57:50.633444,Clear,0.0,59,0,1,0,0,24
2025-10-15 04:57:50.633444,Clear,0.0,79,0,1,0,0,31
2025-10-15 05:57:50.633444,Cloudy,0.0,78,0,1,0,0,37
2025-10-15 06:57:50.633444,Clear,0.0,74,0,1,0,0,24
2025-10-15 07:57:50.633444,Clear,0.0,50,0,1,1,0,25
2025-10-15 08:57:50.633444,Cloudy,0.0,71,0,1,0,0,22
2025-10-15 09:57:50.633444,Heavy Rain,17.00584199698733,20,0,1,0,0,28
2025-10-15 10:57:50.633444,Clear,0.0,83,0,1,0,0,28
2025-10-15 11:57:50.633444,Clear,0.0,46,0,1,0,0,23
2025-10-15 12:57:50.633444,Clear,0.0,70,0,1,0,0,26
2025-10-15 13:57:50.633444,Cloudy,0.0,79,0,1,0,0,33
2025-10-15 14:57:50.633444,Cloudy,0.0,50,0,1,1,0,25
2025-10-15 15:57:50.633444,Cloudy,0.0,52,0,1,0,0,18
2025-10-15 16:57:50.633444,Clear,0.0,57,0,1,0,0,29
2025-10-15 17:57:50.633444,Clear,0.0,55,0,1,0,0,28
2025-10-15 18:57:50.633444,Cloudy,0.0,61,0,1,0,0,25
2025-10-15 19:57:50.633444,Cloudy,0.0,69,0,1,0,0,36
2025-10-15 20:57:50.633444,Cloudy,0.0,44,0,1,0,0,26
2025-10-15 21:57:50.633444,Cloudy,0.0,55,0,1,0,0,31
2025-10-15 22:57:50.633444,Rain,7.11342970374962,51,0,1,0,0,25
2025-10-15 23:57:50.633444,Rain,5.177788016103771,46,0,1,0,0,27
2025-10-16 00:57:50.633444,Clear,0.0,66,0,1,0,0,32
2025-10-16 01:57:50.633444,Cloudy,0.0,76,0,1,0,0,23
2025-10-16 02:57:50.633444,Cloudy,0.0,62,0,1,0,0,24
2025-10-16 03:57:50.633444,Clear,0.0,64,0,1,0,0,24
2025-10-16 04:57:50.633444,Clear,0.0,53,0,1,0,0,32
2025-10-16 05:57:50.633444,Cloudy,0.0,88,0,1,0,0,21
2025-10-16 06:57:50.633444,Clear,0.0,65,0,1,0,0,31
2025-10-16 07:57:50.633444,Clear,0.0,92,0,1,1,0,28
2025-10-16 08:57:50.633444,Clear,0.0,99,0,1,0,0,22
2025-10-16 09:57:50.633444,Clear,0.0,40,0,1,0,0,20
2025-10-16 10:57:50.633444,Clear,0.0,73,0,1,0,0,22
2025-10-16 11:57:50.633444,Clear,0.0,90,0,1,0,0,25
2025-10-16 12:57:50.633444,Cloudy,0.0,79,0,1,0,0,26
2025-10-16 13:57:50.633444,Clear,0.0,68,0,1,0,0,26
2025-10-16 14:57:50.633444,Clear,0.0,57,0,1,1,0,32
2025-10-16 15:57:50.633444,Clear,0.0,68,0,1,0,0,26
2025-10-16 16:57:50.633444,Clear,0.0,55,0,1,0,0,36
2025-10-16 17:57:50.633444,Heavy Rain,29.653111878691355,24,0,1,0,0,30
2025-10-16 18:57:50.633444,Clear,0.0,90,0,1,0,0,32
2025-10-16 19:57:50.633444,Clear,0.0,56,0,1,0,0,25
2025-10-16 20:57:50.633444,Clear,0.0,71,0,1,0,0,18
2025-10-16 21:57:50.633444,Clear,0.0,53,0,1,0,0,30
2025-10-16 22:57:50.633444,Clear,0.0,53,0,1,0,0,24
2025-10-16 23:57:50.633444,Clear,0.0,94,0,1,0,0,39
2025-10-17 00:57:50.633444,Cloudy,0.0,82,0,1,0,0,29
2025-10-17 01:57:50.633444,Clear,0.0,47,0,1,0,1,18
2025-10-17 02:57:50.633444,Clear,0.0,75,0,1,0,0,20
2025-10-17 03:57:50.633444,Clear,0.0,76,0,1,0,0,22
2025-10-17 04:57:50.633444,Clear,0.0,71,0,1,0,0,18
2025-10-17 05:57:50.633444,Cloudy,0.0,45,0,1,0,0,30
2025-10-17 06:57:50.633444,Clear,0.0,59,0,1,0,0,30
2025-10-17 07:57:50.633444,Cloudy,0.0,91,0,1,1,0,18
2025-10-17 08:57:50.633444,Clear,0.0,47,0,1,0,0,26
2025-10-17 09:57:50.633444,Cloudy,0.0,41,0,1,0,0,28
2025-10-17 10:57:50.633444,Rain,8.67260726229376,58,0,1,0,0,17
2025-10-17 11:57:50.633444,Clear,0.0,63,0,1,0,0,23
2025-10-17 12:57:50.633444,Clear,0.0,78,0,1,0,0,29
2025-10-17 13:57:50.633444,Cloudy,0.0,61,0,1,0,0,25
2025-10-17 14:57:50.633444,Clear,0.0,99,0,1,1,0,23
2025-10-17 15:57:50.633444,Rain,3.625209863360512,66,0,1,0,0,32
2025-10-17 16:57:50.633444,Clear,0.0,69,0,1,0,0,29
2025-10-17 17:57:50.633444,Rain,6.929555727315989,64,0,1,0,0,28
2025-10-17 18:57:50.633444,Clear,0.0,91,0,1,0,0,34
2025-10-17 19:57:50.633444,Clear,0.0,40,0,1,0,0,30
2025-10-17 20:57:50.633444,Clear,0.0,41,0,1,0,0,28
2025-10-17 21:57:50.633444,Cloudy,0.0,76,0,1,0,0,25
2025-10-17 22:57:50.633444,Clear,0.0,78,0,1,0,0,23
2025-10-17 23:57:50.633444,Cloudy,0.0,86,0,1,0,0,26
2025-10-18 00:57:50.633444,Clear,0.0,59,0,1,0,0,26
2025-10-18 01:57:50.633444,Heavy Rain,47.27609187319792,12,0,1,0,0,32
2025-10-18 02:57:50.633444,Cloudy,0.0,79,0,1,0,0,24
2025-10-18 03:57:50.633444,Clear,0.0,57,0,1,0,0,31
2025-10-18 04:57:50.633444,Clear,0.0,46,0,1,0,0,23
2025-10-18 05:57:50.633444,Clear,0.0,78,0,1,0,0,32
2025-10-18 06:57:50.633444,Cloudy,0.0,95,0,1,0,0,34
2025-10-18 07:57:50.633444,Clear,0.0,70,0,1,0,0,35
2025-10-18 08:57:50.633444,Cloudy,0.0,82,0,1,0,0,28
2025-10-18 09:57:50.633444,Cloudy,0.0,80,0,1,0,0,25
2025-10-18 10:57:50.633444,Clear,0.0,75,0,1,0,0,25
2025-10-18 11:57:50.633444,Clear,0.0,82,0,1,0,0,28
2025-10-18 12:57:50.633444,Clear,0.0,62,0,1,0,0,39
2025-10-18 13:57:50.633444,Cloudy,0.0,66,0,1,0,0,19
2025-10-18 14:57:50.633444,Clear,0.0,47,0,1,0,0,19
2025-10-18 15:57:50.633444,Clear,0.0,42,0,1,0,0,30
2025-10-18 16:57:50.633444,Clear,0.0,52,0,1,0,0,28
2025-10-18 17:57:50.633444,Cloudy,0.0,88,0,1,0,0,26
2025-10-18 18:57:50.633444,Clear,0.0,52,0,1,0,0,16
2025-10-18 19:57:50.633444,Cloudy,0.0,70,0,1,0,0,23
2025-10-18 20:57:50.633444,Clear,0.0,59,0,1,0,0,34
2025-10-18 21:57:50.633444,Cloudy,0.0,93,0,1,0,0,27
2025-10-18 22:57:50.633444,Clear,0.0,49,0,1,0,0,26
2025-10-18 23:57:50.633444,Rain,8.426031607993924,55,0,1,0,0,32
2025-10-19 00:57:50.633444,Cloudy,0.0,98,0,1,0,0,20
2025-10-19 01:57:50.633444,Cloudy,0.0,44,0,1,0,0,23
2025-10-19 02:57:50.633444,Clear,0.0,71,0,1,0,0,22
2025-10-19 03:57:50.633444,Clear,0.0,48,0,1,0,0,34
2025-10-19 04:57:50.633444,Clear,0.0,62,0,1,0,0,20
2025-10-19 05:57:50.633444,Cloudy,0.0,87,0,1,0,0,31
2025-10-19 06:57:50.633444,Cloudy,0.0,57,0,1,0,0,22
2025-10-19 07:57:50.633444,Cloudy,0.0,50,0,1,0,0,23
2025-10-19 08:57:50.633444,Cloudy,0.0,50,0,1,0,0,23
2025-10-19 09:57:50.633444,Heavy Rain,34.875967727394574,15,0,1,0,0,26
2025-10-19 10:57:50.633444,Clear,0.0,61,0,1,0,0,24
2025-10-19 11:57:50.633444,Clear,0.0,98,0,1,0,0,23
2025-10-19 12:57:50.633444,Clear,0.0,54,0,1,0,0,26
2025-10-19 13:57:50.633444,Rain,3.263857081234285,97,0,1,0,0,30
2025-10-19 14:57:50.633444,Clear,0.0,73,0,1,0,1,20
2025-10-19 15:57:50.633444,Clear,0.0,49,0,1,0,0,32
2025-10-19 16:57:50.633444,Cloudy,0.0,62,0,1,0,0,29
2025-10-19 17:57:50.633444,Clear,0.0,43,0,1,0,0,35
2025-10-19 18:57:50.633444,Cloudy,0.0,97,0,1,0,0,20
2025-10-19 19:57:50.633444,Clear,0.0,42,0,1,0,0,31
2025-10-19 20:57:50.633444,Clear,0.0,41,0,1,0,0,21
2025-10-19 21:57:50.633444,Clear,0.0,61,0,1,0,0,25
2025-10-19 22:57:50.633444,Clear,0.0,52,0,1,0,0,22
2025-10-19 23:57:50.633444,Clear,0.0,63,0,1,0,0,27
2025-10-20 00:57:50.633444,Clear,0.0,59,0,1,0,0,25
2025-10-20 01:57:50.633444,Clear,0.0,77,0,1,0,0,32
2025-10-20 02:57:50.633444,Heavy Rain,30.875905153441536,12,0,1,0,0,29
2025-10-20 03:57:50.633444,Clear,0.0,96,0,1,0,0,26
2025-10-20 04:57:50.633444,Clear,0.0,69,0,1,0,0,21
2025-10-20 05:57:50.633444,Cloudy,0.0,72,0,1,0,0,23
2025-10-20 06:57:50.633444,Clear,0.0,74,0,1,0,0,27
2025-10-20 07:57:50.633444,Cloudy,0.0,67,0,1,1,0,27
2025-10-20 08:57:50.633444,Clear,0.0,75,0,1,0,0,29
2025-10-20 09:57:50.633444,Clear,0.0,46,0,1,0,0,30
2025-10-20 10:57:50.633444,Clear,0.0,76,0,1,0,0,21
2025-10-20 11:57:50.633444,Cloudy,0.0,43,0,1,0,0,23
2025-10-20 12:57:50.633444,Clear,0.0,90,0,1,0,0,24
2025-10-20 13:57:50.633444,Cloudy,0.0,95,0,1,0,0,20
2025-10-20 14:57:50.633444,Clear,0.0,65,0,1,1,0,39
2025-10-20 15:57:50.633444,Clear,0.0,41,0,1,0,0,32
2025-10-20 16:57:50.633444,Clear,0.0,64,0,1,0,0,28
2025-10-20 17:57:50.633444,Clear,0.0,43,0,1,0,0,20
2025-10-20 18:57:50.633444,Rain,5.06571278204206,61,0,1,0,1,22
2025-10-20 19:57:50.633444,Clear,0.0,40,0,1,0,0,29
2025-10-20 20:57:50.633444,Clear,0.0,47,0,1,0,0,24
2025-10-20 21:57:50.633444,Clear,0.0,59,0,1,0,0,32
2025-10-20 22:57:50.633444,Clear,0.0,90,0,1,0,0,33
2025-10-20 23:57:50.633444,Rain,2.354041882159244,71,0,1,0,0,35
2025-10-21 00:57:50.633444,Clear,0.0,89,0,1,0,0,25
2025-10-21 01:57:50.633444,Clear,0.0,95,0,1,0,0,24
2025-10-21 02:57:50.633444,Clear,0.0,52,0,1,0,0,27
2025-10-21 03:57:50.633444,Clear,0.0,53,0,1,0,0,33
2025-10-21 04:57:50.633444,Clear,0.0,81,0,1,0,0,32
2025-10-21 05:57:50.633444,Heavy Rain,11.392594110502747,52,0,1,0,0,27
2025-10-21 06:57:50.633444,Clear,0.0,81,0,1,0,0,20
2025-10-21 07:57:50.633444,Clear,0.0,93,0,1,1,0,24
2025-10-21 08:57:50.633444,Cloudy,0.0,97,0,1,0,0,25
2025-10-21 09:57:50.633444,Cloudy,0.0,41,0,1,0,0,27
2025-10-21 10:57:50.633444,Clear,0.0,47,0,1,0,0,18
2025-10-21 11:57:50.633444,Clear,0.0,42,0,1,0,0,34
2025-10-21 12:57:50.633444,Rain,7.26764142109182,49,0,1,0,0,17
2025-10-21 13:57:50.633444,Cloudy,0.0,96,0,1,0,0,34
2025-10-21 14:57:50.633444,Clear,0.0,83,0,1,1,0,27
2025-10-21 15:57:50.633444,Cloudy,0.0,62,0,1,0,0,32
2025-10-21 16:57:50.633444,Clear,0.0,71,0,1,0,0,19
2025-10-21 17:57:50.633444,Rain,2.6784241975449534,64,0,1,0,0,29
2025-10-21 18:57:50.633444,Cloudy,0.0,57,0,1,0,0,23
2025-10-21 19:57:50.633444,Clear,0.0,63,0,1,0,0,25
2025-10-21 20:57:50.633444,Cloudy,0.0,77,0,1,0,0,30
2025-10-21 21:57:50.633444,Heavy Rain,20.54641105227784,10,0,1,0,0,27
2025-10-21 22:57:50.633444,Cloudy,0.0,54,0,1,0,0,23
2025-10-21 23:57:50.633444,Clear,0.0,92,0,1,0,0,28
2025-10-22 00:57:50.633444,Clear,0.0,85,0,1,0,0,20
2025-10-22 01:57:50.633444,Clear,0.0,90,0,1,0,0,28
2025-10-22 02:57:50.633444,Cloudy,0.0,80,0,1,0,0,35
2025-10-22 03:57:50.633444,Cloudy,0.0,98,0,1,0,0,31
2025-10-22 04:57:50.633444,Clear,0.0,49,0,1,0,0,26
2025-10-22 05:57:50.633444,Clear,0.0,92,0,1,0,0,39
2025-10-22 06:57:50.633444,Cloudy,0.0,63,0,1,0,0,32
2025-10-22 07:57:50.633444,Clear,0.0,67,0,1,1,0,32
2025-10-22 08:57:50.633444,Cloudy,0.0,71,0,1,0,0,29
2025-10-22 09:57:50.633444,Cloudy,0.0,47,0,1,0,0,20
2025-10-22 10:57:50.633444,Clear,0.0,66,0,1,0,0,31
2025-10-22 11:57:50.633444,Clear,0.0,74,0,1,0,0,28
2025-10-22 12:57:50.633444,Clear,0.0,97,0,1,0,0,29
2025-10-22 13:57:50.633444,Clear,0.0,62,0,1,0,0,28
2025-10-22 14:57:50.633444,Clear,0.0,76,0,1,1,0,19
2025-10-22 15:57:50.633444,Clear,0.0,74,0,1,0,1,23
2025-10-22 16:57:50.633444,Cloudy,0.0,92,0,1,0,0,21
2025-10-22 17:57:50.633444,Cloudy,0.0,45,0,1,0,0,25
2025-10-22 18:57:50.633444,Clear,0.0,82,0,1,0,0,29
2025-10-22 19:57:50.633444,Clear,0.0,74,0,1,0,0,32
2025-10-22 20:57:50.633444,Clear,0.0,98,0,1,0,0,29
2025-10-22 21:57:50.633444,Clear,0.0,73,0,1,0,0,24
2025-10-22 22:57:50.633444,Clear,0.0,73,0,1,0,0,32
2025-10-22 23:57:50.633444,Clear,0.0,67,0,1,0,0,25
2025-10-23 00:57:50.633444,Clear,0.0,54,0,1,0,0,24
2025-10-23 01:57:50.633444,Clear,0.0,49,0,1,0,0,27
2025-10-23 02:57:50.633444,Cloudy,0.0,57,0,1,0,0,21
2025-10-23 03:57:50.633444,Cloudy,0.0,97,0,1,0,0,30
2025-10-23 04:57:50.633444,Clear,0.0,57,0,1,0,0,36
2025-10-23 05:57:50.633444,Clear,0.0,98,0,1,0,0,15
2025-10-23 06:57:50.633444,Clear,0.0,81,0,1,0,0,29
2025-10-23 07:57:50.633444,Cloudy,0.0,40,0,1,1,0,42
2025-10-23 08:57:50.633444,Clear,0.0,47,0,1,0,0,28
2025-10-23 09:57:50.633444,Rain,9.531222456057431,80,0,1,0,0,29
2025-10-23 10:57:50.633444,Clear,0.0,79,0,1,0,0,32
2025-10-23 11:57:50.633444,Clear,0.0,64,0,1,0,0,26
2025-10-23 12:57:50.633444,Clear,0.0,73,0,1,0,0,33
2025-10-23 13:57:50.633444,Clear,0.0,74,0,1,0,0,33
2025-10-23 14:57:50.633444,Cloudy,0.0,87,0,1,1,0,27
2025-10-23 15:57:50.633444,Clear,0.0,79,0,1,0,0,23
2025-10-23 16:57:50.633444,Cloudy,0.0,58,0,1,0,0,34
2025-10-23 17:57:50.633444,Rain,8.618655804986009,63,0,1,0,0,35
2025-10-23 18:57:50.633444,Cloudy,0.0,50,0,1,0,0,38
2025-10-23 19:57:50.633444,Clear,0.0,70,0,1,0,0,32
2025-10-23 20:57:50.633444,Cloudy,0.0,48,0,1,0,0,30
2025-10-23 21:57:50.633444,Clear,0.0,71,0,1,0,0,27
2025-10-23 22:57:50.633444,Clear,0.0,92,0,1,0,0,36
2025-10-23 23:57:50.633444,Clear,0.0,56,0,1,0,0,33
2025-10-24 00:57:50.633444,Cloudy,0.0,81,0,1,0,0,37
2025-10-24 01:57:50.633444,Clear,0.0,56,0,1,0,0,22
2025-10-24 02:57:50.633444,Clear,0.0,76,0,1,0,0,29
2025-10-24 03:57:50.633444,Heavy Rain,29.34151307123624,38,0,1,0,0,31
2025-10-24 04:57:50.633444,Clear,0.0,76,0,1,0,0,20
2025-10-24 05:57:50.633444,Cloudy,0.0,90,0,1,0,0,30
2025-10-24 06:57:50.633444,Clear,0.0,96,0,1,0,0,31
2025-10-24 07:57:50.633444,Clear,0.0,94,0,1,1,0,31
2025-10-24 08:57:50.633444,Clear,0.0,91,0,1,0,0,32
2025-10-24 09:57:50.633444,Cloudy,0.0,54,0,1,0,0,27
2025-10-24 10:57:50.633444,Cloudy,0.0,98,0,1,0,0,33
2025-10-24 11:57:50.633444,Clear,0.0,42,0,1,0,0,26
2025-10-24 12:57:50.633444,Rain,7.809091543729459,55,0,1,0,0,34
2025-10-24 13:57:50.633444,Clear,0.0,85,0,1,0,0,27
2025-10-24 14:57:50.633444,Cloudy,0.0,61,0,1,1,0,32
2025-10-24 15:57:50.633444,Clear,0.0,40,0,1,0,0,34
2025-10-24 16:57:50.633444,Clear,0.0,52,0,1,0,0,18
2025-10-24 17:57:50.633444,Clear,0.0,51,0,1,0,0,23
2025-10-24 18:57:50.633444,Cloudy,0.0,71,0,1,0,0,27
2025-10-24 19:57:50.633444,Cloudy,0.0,84,0,1,0,0,23
2025-10-24 20:57:50.633444,Clear,0.0,97,0,1,0,0,26
2025-10-24 21:57:50.633444,Cloudy,0.0,62,0,1,0,0,31
2025-10-24 22:57:50.633444,Rain,8.218624470517666,49,0,1,0,0,24
2025-10-24 23:57:50.633444,Clear,0.0,99,0,1,0,0,24
2025-10-25 00:57:50.633444,Clear,0.0,59,0,1,0,0,32
2025-10-25 01:57:50.633444,Clear,0.0,66,0,1,0,0,28
2025-10-25 02:57:50.633444,Clear,0.0,62,0,1,0,0,26
2025-10-25 03:57:50.633444,Cloudy,0.0,47,0,1,0,0,31
2025-10-25 04:57:50.633444,Clear,0.0,96,0,1,0,0,28
2025-10-25 05:57:50.633444,Clear,0.0,89,0,1,0,0,33
2025-10-25 06:57:50.633444,Clear,0.0,96,0,1,0,0,25
2025-10-25 07:57:50.633444,Clear,0.0,56,0,1,0,0,23
2025-10-25 08:57:50.633444,Clear,0.0,73,0,1,0,0,31
2025-10-25 09:57:50.633444,Clear,0.0,58,0,1,0,0,30
2025-10-25 10:57:50.633444,Cloudy,0.0,81,0,1,0,0,16
2025-10-25 11:57:50.633444,Clear,0.0,66,0,1,0,0,26
2025-10-25 12:57:50.633444,Clear,0.0,50,0,1,0,0,35
2025-10-25 13:57:50.633444,Clear,0.0,76,0,1,0,0,25
2025-10-25 14:57:50.633444,Cloudy,0.0,80,0,1,0,0,24
2025-10-25 15:57:50.633444,Clear,0.0,87,0,1,0,1,32
2025-10-25 16:57:50.633444,Clear,0.0,70,0,1,0,0,33
2025-10-25 17:57:50.633444,Cloudy,0.0,76,0,1,0,0,18
2025-10-25 18:57:50.633444,Clear,0.0,90,0,1,0,0,32
2025-10-25 19:57:50.633444,Clear,0.0,64,0,1,0,0,24
2025-10-25 20:57:50.633444,Clear,0.0,66,0,1,0,0,21
2025-10-25 21:57:50.633444,Clear,0.0,72,0,1,0,0,36
2025-10-25 22:57:50.633444,Heavy Rain,12.603529858067573,31,0,1,0,0,25
2025-10-25 23:57:50.633444,Clear,0.0,85,0,1,0,0,30
2025-10-26 00:57:50.633444,Clear,0.0,66,0,1,0,0,27
2025-10-26 01:57:50.633444,Cloudy,0.0,72,0,1,0,0,22
2025-10-26 02:57:50.633444,Clear,0.0,43,0,1,0,0,33
2025-10-26 03:57:50.633444,Clear,0.0,90,0,1,0,0,23
2025-10-26 04:57:50.633444,Cloudy,0.0,83,0,1,0,0,32
2025-10-26 05:57:50.633444,Cloudy,0.0,58,0,1,0,0,27
2025-10-26 06:57:50.633444,Clear,0.0,67,0,1,0,0,35
2025-10-26 07:57:50.633444,Clear,0.0,67,0,1,0,0,22
2025-10-26 08:57:50.633444,Clear,0.0,75,0,1,0,0,24
2025-10-26 09:57:50.633444,Clear,0.0,85,0,1,0,0,31
2025-10-26 10:57:50.633444,Clear,0.0,40,0,1,0,0,31
2025-10-26 11:57:50.633444,Rain,7.403371650618091,60,0,1,0,0,30
2025-10-26 12:57:50.633444,Heavy Rain,39.05775074555187,50,0,1,0,0,32
2025-10-26 13:57:50.633444,Cloudy,0.0,95,0,1,0,0,28
2025-10-26 14:57:50.633444,Rain,5.998585989692226,40,0,1,0,0,23
2025-10-26 15:57:50.633444,Cloudy,0.0,68,0,1,0,0,27
2025-10-26 16:57:50.633444,Clear,0.0,50,0,1,0,0,30
2025-10-26 17:57:50.633444,Clear,0.0,54,0,1,0,0,29
2025-10-26 18:57:50.633444,Clear,0.0,41,0,1,0,0,16
2025-10-26 19:57:50.633444,Cloudy,0.0,86,0,1,0,0,32
2025-10-26 20:57:50.633444,Clear,0.0,70,0,1,0,0,34
2025-10-26 21:57:50.633444,Clear,0.0,67,0,1,0,0,23
2025-10-26 22:57:50.633444,Cloudy,0.0,54,0,1,0,0,24
2025-10-26 23:57:50.633444,Clear,0.0,43,0,1,0,0,19
2025-10-27 00:57:50.633444,Cloudy,0.0,53,0,1,0,0,25
2025-10-27 01:57:50.633444,Clear,0.0,98,0,1,0,0,28
2025-10-27 02:57:50.633444,Clear,0.0,59,0,1,0,0,19
2025-10-27 03:57:50.633444,Cloudy,0.0,42,0,1,0,0,27
2025-10-27 04:57:50.633444,Clear,0.0,53,0,1,0,0,28
2025-10-27 05:57:50.633444,Cloudy,0.0,69,0,1,0,0,29
2025-10-27 06:57:50.633444,Clear,0.0,88,0,1,0,0,29
2025-10-27 07:57:50.633444,Clear,0.0,59,0,1,1,0,31
2025-10-27 08:57:50.633444,Heavy Rain,24.09398289735163,48,0,1,0,0,30
2025-10-27 09:57:50.633444,Clear,0.0,91,0,1,0,0,33
2025-10-27 10:57:50.633444,Clear,0.0,72,0,1,0,0,29
2025-10-27 11:57:50.633444,Clear,0.0,52,0,1,0,0,38
2025-10-27 12:57:50.633444,Cloudy,0.0,48,0,1,0,0,24
2025-10-27 13:57:50.633444,Clear,0.0,86,0,1,0,0,32
2025-10-27 14:57:50.633444,Clear,0.0,57,0,1,1,0,33
2025-10-27 15:57:50.633444,Clear,0.0,77,0,1,0,0,29
2025-10-27 16:57:50.633444,Cloudy,0.0,77,0,1,0,0,25
2025-10-27 17:57:50.633444,Rain,9.946965935680137,47,0,1,0,0,34
2025-10-27 18:57:50.633444,Clear,0.0,43,0,1,0,0,27
2025-10-27 19:57:50.633444,Cloudy,0.0,70,0,1,0,0,25
2025-10-27 20:57:50.633444,Clear,0.0,65,0,1,0,0,28
2025-10-27 21:57:50.633444,Rain,2.3256245092571115,68,0,1,0,0,32
2025-10-27 22:57:50.633444,Cloudy,0.0,95,0,1,0,0,30
2025-10-27 23:57:50.633444,Clear,0.0,65,0,1,0,0,23
2025-10-28 00:57:50.633444,Clear,0.0,96,0,1,0,0,27
2025-10-28 01:57:50.633444,Clear,0.0,93,0,1,0,0,29
2025-10-28 02:57:50.633444,Clear,0.0,68,0,1,0,0,28
2025-10-28 03:57:50.633444,Clear,0.0,97,0,1,0,0,26
2025-10-28 04:57:50.633444,Clear,0.0,44,0,1,0,0,18
2025-10-28 05:57:50.633444,Clear,0.0,48,0,1,0,0,23
2025-10-28 06:57:50.633444,Clear,0.0,61,0,1,0,0,31
2025-10-28 07:57:50.633444,Cloudy,0.0,77,0,1,1,0,30
2025-10-28 08:57:50.633444,Clear,0.0,98,0,1,0,0,27
2025-10-28 09:57:50.633444,Clear,0.0,91,0,1,0,0,28
2025-10-28 10:57:50.633444,Rain,4.608067255201551,52,0,1,0,0,23
2025-10-28 11:57:50.633444,Clear,0.0,61,0,1,0,0,33
2025-10-28 12:57:50.633444,Clear,0.0,85,0,1,0,0,22
2025-10-28 13:57:50.633444,Cloudy,0.0,58,0,1,0,0,40
2025-10-28 14:57:50.633444,Clear,0.0,97,0,1,1,0,18
2025-10-28 15:57:50.633444,Clear,0.0,57,0,1,0,0,23
2025-10-28 16:57:50.633444,Clear,0.0,86,0,1,0,0,26
2025-10-28 17:57:50.633444,Clear,0.0,64,0,1,0,0,33
2025-10-28 18:57:50.633444,Clear,0.0,87,0,1,0,0,25
2025-10-28 19:57:50.633444,Rain,5.125999866569818,85,0,1,0,0,38
2025-10-28 20:57:50.633444,Rain,2.27011350082613,40,0,1,0,0,22
2025-10-28 21:57:50.633444,Clear,0.0,48,0,1,0,0,20
2025-10-28 22:57:50.633444,Clear,0.0,56,0,1,0,0,27
2025-10-28 23:57:50.633444,Clear,0.0,77,0,1,0,0,17
2025-10-29 00:57:50.633444,Rain,9.884661417052463,58,0,1,0,0,31
2025-10-29 01:57:50.633444,Clear,0.0,56,0,1,0,0,16
2025-10-29 02:57:50.633444,Clear,0.0,75,0,1,0,0,24
2025-10-29 03:57:50.633444,Clear,0.0,67,0,1,0,0,27
2025-10-29 04:57:50.633444,Clear,0.0,53,0,1,0,0,29
2025-10-29 05:57:50.633444,Clear,0.0,69,0,1,0,0,25
2025-10-29 06:57:50.633444,Clear,0.0,47,0,1,0,0,31
2025-10-29 07:57:50.633444,Clear,0.0,49,0,1,1,0,25
2025-10-29 08:57:50.633444,Clear,0.0,44,0,1,0,0,31
2025-10-29 09:57:50.633444,Clear,0.0,46,0,1,0,0,28
2025-10-29 10:57:50.633444,Heavy Rain,49.45078333613921,58,0,1,0,0,27
2025-10-29 11:57:50.633444,Clear,0.0,99,0,1,0,0,36
2025-10-29 12:57:50.633444,Clear,0.0,52,0,1,0,0,23
2025-10-29 13:57:50.633444,Cloudy,0.0,66,0,1,0,0,26
2025-10-29 14:57:50.633444,Cloudy,0.0,42,0,1,1,0,23
2025-10-29 15:57:50.633444,Heavy Rain,30.7471601314529,14,0,1,0,0,25
2025-10-29 16:57:50.633444,Clear,0.0,74,0,1,0,0,35
2025-10-29 17:57:50.633444,Clear,0.0,42,0,1,0,0,31
2025-10-29 18:57:50.633444,Clear,0.0,98,0,1,0,0,28
2025-10-29 19:57:50.633444,Cloudy,0.0,47,0,1,0,0,26
2025-10-29 20:57:50.633444,Clear,0.0,80,0,1,0,0,30
2025-10-29 21:57:50.633444,Clear,0.0,44,0,1,0,0,20
2025-10-29 22:57:50.633444,Clear,0.0,44,0,1,0,0,29
2025-10-29 23:57:50.633444,Clear,0.0,43,0,1,0,0,32
2025-10-30 00:57:50.633444,Clear,0.0,98,0,1,0,0,25
2025-10-30 01:57:50.633444,Cloudy,0.0,41,0,1,0,0,19
2025-10-30 02:57:50.633444,Clear,0.0,88,0,1,0,0,28
2025-10-30 03:57:50.633444,Clear,0.0,46,0,1,0,0,33
2025-10-30 04:57:50.633444,Clear,0.0,83,0,1,0,0,21
2025-10-30 05:57:50.633444,Rain,2.404941584635676,83,0,1,0,0,34
2025-10-30 06:57:50.633444,Heavy Rain,38.076750932867775,38,0,1,0,0,30
2025-10-30 07:57:50.633444,Rain,2.474538839795506,74,0,1,1,0,24
2025-10-30 08:57:50.633444,Cloudy,0.0,40,0,1,0,0,26
2025-10-30 09:57:50.633444,Clear,0.0,66,0,1,0,0,24
2025-10-30 10:57:50.633444,Clear,0.0,59,0,1,0,0,34
2025-10-30 11:57:50.633444,Clear,0.0,45,0,1,0,0,36
2025-10-30 12:57:50.633444,Cloudy,0.0,66,0,1,0,0,29
2025-10-30 13:57:50.633444,Clear,0.0,54,0,1,0,0,36
2025-10-30 14:57:50.633444,Cloudy,0.0,97,0,1,1,0,33
2025-10-30 15:57:50.633444,Rain,9.924470091549857,56,0,1,0,0,13
2025-10-30 16:57:50.633444,Cloudy,0.0,71,0,1,0,0,27
2025-10-30 17:57:50.633444,Clear,0.0,75,0,1,0,0,25
2025-10-30 18:57:50.633444,Clear,0.0,45,0,1,0,0,31
2025-10-30 19:57:50.633444,Clear,0.0,69,0,1,0,0,16
2025-10-30 20:57:50.633444,Heavy Rain,17.650817245689282,67,0,1,0,0,25
2025-10-30 21:57:50.633444,Cloudy,0.0,83,0,1,0,0,33
2025-10-30 22:57:50.633444,Heavy Rain,25.819792355221036,33,0,1,0,0,31
2025-10-30 23:57:50.633444,Clear,0.0,41,0,1,0,0,37
2025-10-31 00:57:50.633444,Clear,0.0,45,0,1,0,1,42
2025-10-31 01:57:50.633444,Clear,0.0,98,0,1,0,0,38
2025-10-31 02:57:50.633444,Cloudy,0.0,75,0,1,0,0,23
2025-10-31 03:57:50.633444,Heavy Rain,21.35238968685006,22,0,1,0,0,14
2025-10-31 04:57:50.633444,Cloudy,0.0,94,0,1,0,0,32
2025-10-31 05:57:50.633444,Clear,0.0,97,0,1,0,1,28
2025-10-31 06:57:50.633444,Clear,0.0,81,0,1,0,0,32
2025-10-31 07:57:50.633444,Clear,0.0,65,0,1,1,0,24
2025-10-31 08:57:50.633444,Clear,0.0,92,0,1,0,1,33
2025-10-31 09:57:50.633444,Heavy Rain,31.746517084312877,64,0,1,0,0,26
2025-10-31 10:57:50.633444,Cloudy,0.0,83,0,1,0,0,33
2025-10-31 11:57:50.633444,Cloudy,0.0,61,0,1,0,0,25
2025-10-31 12:57:50.633444,Rain,5.424259439854218,60,0,1,0,0,27
2025-10-31 13:57:50.633444,Clear,0.0,45,0,1,0,0,18
2025-10-31 14:57:50.633444,Cloudy,0.0,57,0,1,1,0,23
2025-10-31 15:57:50.633444,Clear,0.0,52,0,1,0,0,21
2025-10-31 16:57:50.633444,Clear,0.0,91,0,1,0,0,36
2025-10-31 17:57:50.633444,Clear,0.0,42,0,1,0,0,26
2025-10-31 18:57:50.633444,Clear,0.0,63,0,1,0,0,31
2025-10-31 19:57:50.633444,Clear,0.0,68,0,1,0,0,24
2025-10-31 20:57:50.633444,Clear,0.0,77,0,1,0,0,23
2025-10-31 21:57:50.633444,Clear,0.0,59,0,1,0,0,21
2025-10-31 22:57:50.633444,Heavy Rain,12.08074948321718,54,0,1,0,0,31
2025-10-31 23:57:50.633444,Cloudy,0.0,54,0,1,0,0,25
2025-11-01 00:57:50.633444,Heavy Rain,41.13725731666638,31,0,1,0,0,24
2025-11-01 01:57:50.633444,Rain,3.7779302809802386,79,0,1,0,0,23
2025-11-01 02:57:50.633444,Cloudy,0.0,78,0,1,0,0,25
2025-11-01 03:57:50.633444,Clear,0.0,66,0,1,0,0,26
2025-11-01 04:57:50.633444,Clear,0.0,45,0,1,0,0,18
2025-11-01 05:57:50.633444,Clear,0.0,64,0,1,0,0,23
2025-11-01 06:57:50.633444,Clear,0.0,43,0,1,0,0,28
2025-11-01 07:57:50.633444,Clear,0.0,76,0,1,0,0,23
2025-11-01 08:57:50.633444,Clear,0.0,53,0,1,0,0,31
2025-11-01 09:57:50.633444,Clear,0.0,75,0,1,0,0,29
2025-11-01 10:57:50.633444,Heavy Rain,28.308139182797937,27,0,1,0,0,25
2025-11-01 11:57:50.633444,Cloudy,0.0,97,0,1,0,0,27
2025-11-01 12:57:50.633444,Heavy Rain,43.33837028394293,33,0,1,0,0,22
2025-11-01 13:57:50.633444,Clear,0.0,82,0,1,0,0,39
2025-11-01 14:57:50.633444,Heavy Rain,34.12611086822484,46,0,1,0,0,19
2025-11-01 15:57:50.633444,Clear,0.0,95,0,1,0,0,23
2025-11-01 16:57:50.633444,Clear,0.0,96,0,1,0,0,26
2025-11-01 17:57:50.633444,Clear,0.0,71,0,1,0,0,21
2025-11-01 18:57:50.633444,Clear,0.0,71,0,1,0,0,23
2025-11-01 19:57:50.633444,Clear,0.0,46,0,1,0,0,31
2025-11-01 20:57:50.633444,Heavy Rain,38.80879332292875,43,0,1,0,0,26
2025-11-01 21:57:50.633444,Cloudy,0.0,84,0,1,0,0,24
2025-11-01 22:57:50.633444,Cloudy,0.0,44,0,1,0,0,31
2025-11-01 23:57:50.633444,Cloudy,0.0,87,0,1,0,0,24
2025-11-02 00:57:50.633444,Cloudy,0.0,60,0,1,0,0,20
2025-11-02 01:57:50.633444,Cloudy,0.0,46,0,1,0,0,29
2025-11-02 02:57:50.633444,Cloudy,0.0,94,0,1,0,0,22
2025-11-02 03:57:50.633444,Rain,7.858930761863875,41,0,1,0,0,30
2025-11-02 04:57:50.633444,Clear,0.0,47,0,1,0,0,29
2025-11-02 05:57:50.633444,Cloudy,0.0,89,0,1,0,0,25
2025-11-02 06:57:50.633444,Rain,7.067976251374246,77,0,1,0,0,33
2025-11-02 07:57:50.633444,Cloudy,0.0,49,0,1,0,0,24
2025-11-02 08:57:50.633444,Clear,0.0,61,0,1,0,0,30
2025-11-02 09:57:50.633444,Heavy Rain,22.71245776122647,10,0,1,0,0,36
2025-11-02 10:57:50.633444,Rain,8.137571436106608,82,0,1,0,0,30
2025-11-02 11:57:50.633444,Clear,0.0,93,0,1,0,0,22
2025-11-02 12:57:50.633444,Cloudy,0.0,90,0,1,0,0,21
2025-11-02 13:57:50.633444,Cloudy,0.0,41,0,1,0,0,34
2025-11-02 14:57:50.633444,Cloudy,0.0,52,0,1,0,0,26
2025-11-02 15:57:50.633444,Cloudy,0.0,68,0,1,0,0,31
2025-11-02 16:57:50.633444,Rain,9.293989269166369,79,0,1,0,0,25
2025-11-02 17:57:50.633444,Clear,0.0,86,0,1,0,0,28
2025-11-02 18:57:50.633444,Clear,0.0,61,0,1,0,0,34
2025-11-02 19:57:50.633444,Clear,0.0,93,0,1,0,1,25
2025-11-02 20:57:50.633444,Cloudy,0.0,50,0,1,0,0,21
2025-11-02 21:57:50.633444,Clear,0.0,93,0,1,0,0,35
2025-11-02 22:57:50.633444,Cloudy,0.0,62,0,1,0,0,28
2025-11-02 23:57:50.633444,Clear,0.0,70,0,1,0,0,29
2025-11-03 00:57:50.633444,Cloudy,0.0,56,0,1,0,0,32
2025-11-03 01:57:50.633444,Clear,0.0,87,0,1,0,0,26
2025-11-03 02:57:50.633444,Cloudy,0.0,81,0,1,0,0,28
2025-11-03 03:57:50.633444,Clear,0.0,95,0,1,0,0,33
2025-11-03 04:57:50.633444,Clear,0.0,77,0,1,0,0,29
2025-11-03 05:57:50.633444,Rain,7.9435397630107945,48,0,1,0,0,25
2025-11-03 06:57:50.633444,Clear,0.0,77,0,1,0,0,28
2025-11-03 07:57:50.633444,Clear,0.0,48,0,1,1,0,24
2025-11-03 08:57:50.633444,Cloudy,0.0,62,0,1,0,0,24
2025-11-03 09:57:50.633444,Clear,0.0,94,0,1,0,0,33
2025-11-03 10:57:50.633444,Cloudy,0.0,52,0,1,0,0,24
2025-11-03 11:57:50.633444,Cloudy,0.0,47,0,1,0,0,27
2025-11-03 12:57:50.633444,Clear,0.0,70,0,1,0,0,30
2025-11-03 13:57:50.633444,Clear,0.0,43,0,1,0,0,24
2025-11-03 14:57:50.633444,Clear,0.0,85,0,1,1,0,28
2025-11-03 15:57:50.633444,Clear,0.0,87,0,1,0,0,25
2025-11-03 16:57:50.633444,Clear,0.0,59,0,1,0,0,26
2025-11-03 17:57:50.633444,Clear,0.0,53,0,1,0,0,25
2025-11-03 18:57:50.633444,Cloudy,0.0,58,0,1,0,0,23
2025-11-03 19:57:50.633444,Clear,0.0,59,0,1,0,0,27
2025-11-03 20:57:50.633444,Rain,8.934007729373846,88,0,1,0,0,24
2025-11-03 21:57:50.633444,Rain,8.047967025672353,85,0,1,0,0,30
2025-11-03 22:57:50.633444,Clear,0.0,90,0,1,0,0,33
2025-11-03 23:57:50.633444,Clear,0.0,90,0,1,0,0,24
2025-11-04 00:57:50.633444,Clear,0.0,63,0,1,0,0,26
2025-11-04 01:57:50.633444,Clear,0.0,93,0,1,0,0,26
2025-11-04 02:57:50.633444,Clear,0.0,79,0,1,0,1,16
2025-11-04 03:57:50.633444,Cloudy,0.0,87,0,1,0,0,23
2025-11-04 04:57:50.633444,Clear,0.0,79,0,1,0,0,22
2025-11-04 05:57:50.633444,Cloudy,0.0,80,0,1,0,0,32
2025-11-04 06:57:50.633444,Rain,5.87218978757163,94,0,1,0,0,27
2025-11-04 07:57:50.633444,Clear,0.0,87,0,1,1,0,23
2025-11-04 08:57:50.633444,Heavy Rain,29.872108387174663,53,0,1,0,0,24
2025-11-04 09:57:50.633444,Clear,0.0,52,0,1,0,0,26
2025-11-04 10:57:50.633444,Rain,5.508744541440366,41,0,1,0,0,35
2025-11-04 11:57:50.633444,Clear,0.0,92,0,1,0,0,24
2025-11-04 12:57:50.633444,Clear,0.0,82,0,1,0,0,31
2025-11-04 13:57:50.633444,Rain,4.788752618835804,41,0,1,0,0,27
2025-11-04 14:57:50.633444,Cloudy,0.0,49,0,1,1,1,20
2025-11-04 15:57:50.633444,Clear,0.0,40,0,1,0,0,21
2025-11-04 16:57:50.633444,Rain,7.545720410920211,78,0,1,0,0,26
2025-11-04 17:57:50.633444,Clear,0.0,98,0,1,0,0,30
2025-11-04 18:57:50.633444,Cloudy,0.0,94,0,1,0,0,26
2025-11-04 19:57:50.633444,Rain,4.1007917885651,95,0,1,0,0,27
2025-11-04 20:57:50.633444,Cloudy,0.0,63,0,1,0,0,26
2025-11-04 21:57:50.633444,Clear,0.0,61,0,1,0,0,27
2025-11-04 22:57:50.633444,Clear,0.0,49,0,1,0,0,25
2025-11-04 23:57:50.633444,Clear,0.0,56,0,1,0,0,26
2025-11-05 00:57:50.633444,Clear,0.0,61,0,1,0,0,32
2025-11-05 01:57:50.633444,Rain,2.449111985248696,53,0,1,0,0,35
2025-11-05 02:57:50.633444,Clear,0.0,98,0,1,0,0,31
2025-11-05 03:57:50.633444,Clear,0.0,92,0,1,0,0,25
2025-11-05 04:57:50.633444,Clear,0.0,69,0,1,0,0,18
2025-11-05 05:57:50.633444,Clear,0.0,51,0,1,0,0,26
2025-11-05 06:57:50.633444,Clear,0.0,90,0,1,0,0,30
2025-11-05 07:57:50.633444,Clear,0.0,46,0,1,1,0,32
2025-11-05 08:57:50.633444,Clear,0.0,63,0,1,0,0,23
2025-11-05 09:57:50.633444,Heavy Rain,37.95402177570444,55,0,1,0,0,29
2025-11-05 10:57:50.633444,Rain,7.221188962839819,64,0,1,0,0,30
2025-11-05 11:57:50.633444,Clear,0.0,65,0,1,0,0,31
2025-11-05 12:57:50.633444,Cloudy,0.0,42,0,1,0,0,36
2025-11-05 13:57:50.633444,Clear,0.0,84,0,1,0,0,33
2025-11-05 14:57:50.633444,Clear,0.0,64,0,1,1,1,45
2025-11-05 15:57:50.633444,Rain,9.83293142804592,92,0,1,0,0,32
2025-11-05 16:57:50.633444,Clear,0.0,71,0,1,0,0,21
2025-11-05 17:57:50.633444,Clear,0.0,60,0,1,0,0,16
2025-11-05 18:57:50.633444,Clear,0.0,67,0,1,0,0,43
2025-11-05 19:57:50.633444,Clear,0.0,41,0,1,0,0,30
2025-11-05 20:57:50.633444,Clear,0.0,64,0,1,0,0,30
2025-11-05 21:57:50.633444,Rain,6.558596490712785,75,0,1,0,0,22
2025-11-05 22:57:50.633444,Clear,0.0,87,0,1,0,0,26
2025-11-05 23:57:50.633444,Clear,0.0,83,0,1,0,0,25
2025-11-06 00:57:50.633444,Clear,0.0,63,0,1,0,0,22
2025-11-06 01:57:50.633444,Cloudy,0.0,84,0,1,0,0,19
2025-11-06 02:57:50.633444,Cloudy,0.0,91,0,1,0,0,29
2025-11-06 03:57:50.633444,Rain,9.498360114589149,74,0,1,0,0,23
2025-11-06 04:57:50.633444,Cloudy,0.0,57,0,1,0,0,28
2025-11-06 05:57:50.633444,Clear,0.0,83,0,1,0,0,27
2025-11-06 06:57:50.633444,Clear,0.0,71,0,1,0,0,17
2025-11-06 07:57:50.633444,Cloudy,0.0,52,0,1,1,0,29
2025-11-06 08:57:50.633444,Cloudy,0.0,69,0,1,0,0,30
2025-11-06 09:57:50.633444,Rain,9.537330821865204,53,0,1,0,0,29
2025-11-06 10:57:50.633444,Cloudy,0.0,82,0,1,0,0,36
2025-11-06 11:57:50.633444,Clear,0.0,43,0,1,0,0,18
2025-11-06 12:57:50.633444,Clear,0.0,55,0,1,0,0,25
2025-11-06 13:57:50.633444,Rain,5.097316797729422,74,0,1,0,0,28
2025-11-06 14:57:50.633444,Cloudy,0.0,53,0,1,1,0,29
2025-11-06 15:57:50.633444,Cloudy,0.0,76,0,1,0,0,26
2025-11-06 16:57:50.633444,Cloudy,0.0,64,0,1,0,0,16
2025-11-06 17:57:50.633444,Cloudy,0.0,43,0,1,0,0,30
2025-11-06 18:57:50.633444,Rain,5.519837077917551,71,0,1,0,0,25
2025-11-06 19:57:50.633444,Clear,0.0,45,0,1,0,0,34
2025-11-06 20:57:50.633444,Clear,0.0,95,0,1,0,0,27
2025-11-06 21:57:50.633444,Clear,0.0,61,0,1,0,0,32
2025-11-06 22:57:50.633444,Clear,0.0,92,0,1,0,0,22
2025-11-06 23:57:50.633444,Cloudy,0.0,87,0,1,0,0,31
2025-11-07 00:57:50.633444,Rain,4.63592422396613,64,0,1,0,0,28
2025-11-07 01:57:50.633444,Cloudy,0.0,60,0,1,0,0,29
2025-11-07 02:57:50.633444,Clear,0.0,52,0,1,0,0,37
2025-11-07 03:57:50.633444,Clear,0.0,44,0,1,0,0,26
2025-11-07 04:57:50.633444,Clear,0.0,74,0,1,0,0,22
2025-11-07 05:57:50.633444,Cloudy,0.0,82,0,1,0,0,37
2025-11-07 06:57:50.633444,Clear,0.0,91,0,1,0,0,27
2025-11-07 07:57:50.633444,Clear,0.0,49,0,1,1,0,30
2025-11-07 08:57:50.633444,Clear,0.0,97,0,1,0,0,35
2025-11-07 09:57:50.633444,Heavy Rain,44.107750576895185,13,0,1,0,0,31
2025-11-07 10:57:50.633444,Clear,0.0,81,0,1,0,0,30
2025-11-07 11:57:50.633444,Cloudy,0.0,60,0,1,0,0,21
2025-11-07 12:57:50.633444,Clear,0.0,83,0,1,0,0,30
2025-11-07 13:57:50.633444,Clear,0.0,50,0,1,0,0,16
2025-11-07 14:57:50.633444,Clear,0.0,79,0,1,1,0,20
2025-11-07 15:57:50.633444,Cloudy,0.0,55,0,1,0,0,32
2025-11-07 16:57:50.633444,Clear,0.0,73,0,1,0,0,34
2025-11-07 17:57:50.633444,Cloudy,0.0,69,0,1,0,0,24
2025-11-07 18:57:50.633444,Cloudy,0.0,88,0,1,0,0,31
2025-11-07 19:57:50.633444,Clear,0.0,98,0,1,0,0,25
2025-11-07 20:57:50.633444,Clear,0.0,87,0,1,0,0,33
2025-11-07 21:57:50.633444,Cloudy,0.0,65,0,1,0,0,32
2025-11-07 22:57:50.633444,Cloudy,0.0,46,0,1,0,0,34
2025-11-07 23:57:50.633444,Clear,0.0,90,0,1,0,0,37
2025-11-08 00:57:50.633444,Cloudy,0.0,46,0,1,0,0,28
2025-11-08 01:57:50.633444,Cloudy,0.0,49,0,1,0,0,30
2025-11-08 02:57:50.633444,Clear,0.0,58,0,1,0,0,24
2025-11-08 03:57:50.633444,Rain,5.918630472034296,61,0,1,0,0,24
2025-11-08 04:57:50.633444,Clear,0.0,97,0,1,0,0,28
2025-11-08 05:57:50.633444,Cloudy,0.0,41,0,1,0,0,20
2025-11-08 06:57:50.633444,Clear,0.0,76,0,1,0,0,32
2025-11-08 07:57:50.633444,Clear,0.0,90,0,1,0,0,22
2025-11-08 08:57:50.633444,Clear,0.0,71,0,1,0,0,37
2025-11-08 09:57:50.633444,Cloudy,0.0,53,0,1,0,0,26
2025-11-08 10:57:50.633444,Clear,0.0,56,0,1,0,0,24
2025-11-08 11:57:50.633444,Clear,0.0,51,0,1,0,0,19
2025-11-08 12:57:50.633444,Clear,0.0,48,0,1,0,0,21
2025-11-08 13:57:50.633444,Clear,0.0,74,0,1,0,0,36
2025-11-08 14:57:50.633444,Clear,0.0,80,0,1,0,0,32
2025-11-08 15:57:50.633444,Rain,8.226692416527698,56,0,1,0,0,29
2025-11-08 16:57:50.633444,Clear,0.0,80,0,1,0,0,32
2025-11-08 17:57:50.633444,Cloudy,0.0,71,0,1,0,0,29
2025-11-08 18:57:50.633444,Rain,2.473181374443884,79,0,1,0,0,33
2025-11-08 19:57:50.633444,Rain,3.2796985788599873,53,0,1,0,0,32
2025-11-08 20:57:50.633444,Clear,0.0,72,0,1,0,0,29
2025-11-08 21:57:50.633444,Clear,0.0,74,0,1,0,0,29
2025-11-08 22:57:50.633444,Cloudy,0.0,60,0,1,0,0,35
2025-11-08 23:57:50.633444,Clear,0.0,66,0,1,0,0,17
2025-11-09 00:57:50.633444,Cloudy,0.0,67,0,1,0,0,21
2025-11-09 01:57:50.633444,Clear,0.0,45,0,1,0,0,19
2025-11-09 02:57:50.633444,Clear,0.0,75,0,1,0,0,21
2025-11-09 03:57:50.633444,Clear,0.0,49,0,1,0,0,28
2025-11-09 04:57:50.633444,Cloudy,0.0,53,0,1,0,0,28
2025-11-09 05:57:50.633444,Clear,0.0,89,0,1,0,0,27
2025-11-09 06:57:50.633444,Clear,0.0,96,0,1,0,0,23
2025-11-09 07:57:50.633444,Rain,4.437960435260433,56,0,1,0,0,24
2025-11-09 08:57:50.633444,Clear,0.0,48,0,1,0,0,24
2025-11-09 09:57:50.633444,Clear,0.0,89,0,1,0,0,20
2025-11-09 10:57:50.633444,Clear,0.0,82,0,1,0,0,27
2025-11-09 11:57:50.633444,Cloudy,0.0,71,0,1,0,0,26
2025-11-09 12:57:50.633444,Cloudy,0.0,50,0,1,0,0,33
2025-11-09 13:57:50.633444,Cloudy,0.0,43,0,1,0,0,28
2025-11-09 14:57:50.633444,Clear,0.0,49,0,1,0,0,36
2025-11-09 15:57:50.633444,Clear,0.0,49,0,1,0,0,38
2025-11-09 16:57:50.633444,Cloudy,0.0,49,0,1,0,0,36
2025-11-09 17:57:50.633444,Clear,0.0,88,0,1,0,0,26
2025-11-09 18:57:50.633444,Clear,0.0,73,0,1,0,0,25
2025-11-09 19:57:50.633444,Clear,0.0,42,0,1,0,0,25
2025-11-09 20:57:50.633444,Cloudy,0.0,73,0,1,0,0,29
2025-11-09 21:57:50.633444,Clear,0.0,66,0,1,0,0,30
2025-11-09 22:57:50.633444,Cloudy,0.0,42,0,1,0,0,32
2025-11-09 23:57:50.633444,Clear,0.0,74,0,1,0,0,33
2025-11-10 00:57:50.633444,Clear,0.0,58,0,1,0,0,24
2025-11-10 01:57:50.633444,Clear,0.0,96,0,1,0,0,23
2025-11-10 02:57:50.633444,Clear,0.0,88,0,1,0,0,29
2025-11-10 03:57:50.633444,Cloudy,0.0,84,0,1,0,0,25
2025-11-10 04:57:50.633444,Clear,0.0,61,0,1,0,0,24
2025-11-10 05:57:50.633444,Clear,0.0,54,0,1,0,0,17
2025-11-10 06:57:50.633444,Clear,0.0,50,0,1,0,0,24
2025-11-10 07:57:50.633444,Clear,0.0,58,0,1,1,0,25
2025-11-10 08:57:50.633444,Clear,0.0,55,0,1,0,0,18
2025-11-10 09:57:50.633444,Rain,2.998417840752503,95,0,1,0,0,22
2025-11-10 10:57:50.633444,Clear,0.0,43,0,1,0,0,24
2025-11-10 11:57:50.633444,Cloudy,0.0,56,0,1,0,0,30
2025-11-10 12:57:50.633444,Rain,8.627855955726037,47,0,1,0,0,28
2025-11-10 13:57:50.633444,Rain,8.205662282235178,49,0,1,0,0,34
2025-11-10 14:57:50.633444,Rain,3.037685603465828,77,0,1,1,0,29
2025-11-10 15:57:50.633444,Clear,0.0,83,0,1,0,1,35
2025-11-10 16:57:50.633444,Clear,0.0,93,0,1,0,0,27
2025-11-10 17:57:50.633444,Clear,0.0,60,0,1,0,0,34
2025-11-10 18:57:50.633444,Clear,0.0,93,0,1,0,0,23
2025-11-10 19:57:50.633444,Cloudy,0.0,75,0,1,0,0,24
2025-11-10 20:57:50.633444,Clear,0.0,89,0,1,0,0,23
2025-11-10 21:57:50.633444,Clear,0.0,51,0,1,0,0,21
2025-11-10 22:57:50.633444,Cloudy,0.0,62,0,1,0,0,32
2025-11-10 23:57:50.633444,Rain,9.939347712128445,73,0,1,0,0,20
2025-11-11 00:57:50.633444,Clear,0.0,43,0,1,0,0,28
2025-11-11 01:57:50.633444,Clear,0.0,87,0,1,0,0,27
2025-11-11 02:57:50.633444,Clear,0.0,98,0,1,0,0,32
2025-11-11 03:57:50.633444,Clear,0.0,65,0,1,0,0,29
2025-11-11 04:57:50.633444,Cloudy,0.0,97,0,1,0,0,23
2025-11-11 05:57:50.633444,Clear,0.0,77,0,1,0,0,20
2025-11-11 06:57:50.633444,Cloudy,0.0,76,0,1,0,0,27
2025-11-11 07:57:50.633444,Clear,0.0,51,0,1,1,0,26
2025-11-11 08:57:50.633444,Cloudy,0.0,53,0,1,0,0,27
2025-11-11 09:57:50.633444,Clear,0.0,52,0,1,0,0,25
2025-11-11 10:57:50.633444,Clear,0.0,96,0,1,0,0,30
2025-11-11 11:57:50.633444,Cloudy,0.0,59,0,1,0,0,23
2025-11-11 12:57:50.633444,Clear,0.0,56,0,1,0,0,27
2025-11-11 13:57:50.633444,Cloudy,0.0,72,0,1,0,0,31
2025-11-11 14:57:50.633444,Clear,0.0,55,0,1,1,0,22
2025-11-11 15:57:50.633444,Cloudy,0.0,50,0,1,0,0,24
2025-11-11 16:57:50.633444,Cloudy,0.0,61,0,1,0,0,35
2025-11-11 17:57:50.633444,Clear,0.0,99,0,1,0,0,20
2025-11-11 18:57:50.633444,Clear,0.0,95,0,1,0,0,30
2025-11-11 19:57:50.633444,Cloudy,0.0,86,0,1,0,0,25
2025-11-11 20:57:50.633444,Clear,0.0,95,0,1,0,0,27
2025-11-11 21:57:50.633444,Cloudy,0.0,75,0,1,0,0,26
2025-11-11 22:57:50.633444,Clear,0.0,53,0,1,0,0,24
2025-11-11 23:57:50.633444,Clear,0.0,75,0,1,0,0,25
2025-11-12 00:57:50.633444,Cloudy,0.0,59,0,1,0,0,28
2025-11-12 01:57:50.633444,Clear,0.0,78,0,1,0,0,33
2025-11-12 02:57:50.633444,Clear,0.0,52,0,1,0,0,27
2025-11-12 03:57:50.633444,Rain,7.065240031396155,87,0,1,0,0,26
2025-11-12 04:57:50.633444,Clear,0.0,75,0,1,0,0,26
2025-11-12 05:57:50.633444,Clear,0.0,67,0,1,0,0,30
2025-11-12 06:57:50.633444,Clear,0.0,40,0,1,0,0,25
2025-11-12 07:57:50.633444,Clear,0.0,52,0,1,1,0,38
2025-11-12 08:57:50.633444,Cloudy,0.0,77,0,1,0,0,31
2025-11-12 09:57:50.633444,Clear,0.0,64,0,1,0,0,30
2025-11-12 10:57:50.633444,Rain,3.219588105649759,46,0,1,0,0,34
2025-11-12 11:57:50.633444,Clear,0.0,63,0,1,0,0,24
2025-11-12 12:57:50.633444,Clear,0.0,63,0,1,0,0,32
2025-11-12 13:57:50.633444,Clear,0.0,84,0,1,0,0,27
2025-11-12 14:57:50.633444,Cloudy,0.0,59,0,1,1,0,25
2025-11-12 15:57:50.633444,Clear,0.0,83,0,1,0,0,23
2025-11-12 16:57:50.633444,Clear,0.0,88,0,1,0,0,28
2025-11-12 17:57:50.633444,Clear,0.0,99,0,1,0,0,33
2025-11-12 18:57:50.633444,Clear,0.0,90,0,1,0,0,29
2025-11-12 19:57:50.633444,Clear,0.0,75,0,1,0,0,29
2025-11-12 20:57:50.633444,Clear,0.0,53,0,1,0,0,18
2025-11-12 21:57:50.633444,Clear,0.0,76,0,1,0,0,28
2025-11-12 22:57:50.633444,Clear,0.0,62,0,1,0,0,31
2025-11-12 23:57:50.633444,Cloudy,0.0,86,0,1,0,0,34
2025-11-13 00:57:50.633444,Cloudy,0.0,82,0,1,0,0,26
2025-11-13 01:57:50.633444,Cloudy,0.0,83,0,1,0,0,22
2025-11-13 02:57:50.633444,Clear,0.0,75,0,1,0,0,27
2025-11-13 03:57:50.633444,Clear,0.0,45,0,1,0,0,26
2025-11-13 04:57:50.633444,Clear,0.0,71,0,1,0,0,24
2025-11-13 05:57:50.633444,Clear,0.0,48,0,1,0,0,25
2025-11-13 06:57:50.633444,Clear,0.0,67,0,1,0,0,32
2025-11-13 07:57:50.633444,Clear,0.0,42,0,1,1,0,21
2025-11-13 08:57:50.633444,Clear,0.0,95,0,1,0,0,29
2025-11-13 09:57:50.633444,Cloudy,0.0,56,0,1,0,0,23
2025-11-13 10:57:50.633444,Clear,0.0,67,0,1,0,0,20
2025-11-13 11:57:50.633444,Cloudy,0.0,80,0,1,0,0,33
2025-11-13 12:57:50.633444,Cloudy,0.0,66,0,1,0,0,22
2025-11-13 13:57:50.633444,Clear,0.0,50,0,1,0,0,31
2025-11-13 14:57:50.633444,Clear,0.0,78,0,1,1,0,32
2025-11-13 15:57:50.633444,Clear,0.0,90,0,1,0,0,40
2025-11-13 16:57:50.633444,Heavy Rain,33.446953375587356,19,0,1,0,0,26
2025-11-13 17:57:50.633444,Clear,0.0,72,0,1,0,0,29
2025-11-13 18:57:50.633444,Clear,0.0,47,0,1,0,0,26
2025-11-13 19:57:50.633444,Rain,9.835622132362474,60,0,1,0,0,31
2025-11-13 20:57:50.633444,Clear,0.0,95,0,1,0,0,32
2025-11-13 21:57:50.633444,Clear,0.0,40,0,1,0,0,20
2025-11-13 22:57:50.633444,Clear,0.0,70,0,1,0,0,25
2025-11-13 23:57:50.633444,Clear,0.0,68,0,1,0,0,26
2025-11-14 00:57:50.633444,Clear,0.0,41,0,1,0,1,28
2025-11-14 01:57:50.633444,Cloudy,0.0,97,0,1,0,1,15
2025-11-14 02:57:50.633444,Clear,0.0,54,0,1,0,0,28
2025-11-14 03:57:50.633444,Clear,0.0,65,0,1,0,0,28
2025-11-14 04:57:50.633444,Clear,0.0,76,0,1,0,0,21
2025-11-14 05:57:50.633444,Clear,0.0,64,0,1,0,0,21
2025-11-14 06:57:50.633444,Clear,0.0,84,0,1,0,0,37
2025-11-14 07:57:50.633444,Clear,0.0,92,0,1,1,0,34
2025-11-14 08:57:50.633444,Clear,0.0,90,0,1,0,0,21
2025-11-14 09:57:50.633444,Clear,0.0,58,0,1,0,0,28
2025-11-14 10:57:50.633444,Clear,0.0,75,0,1,0,0,33
2025-11-14 11:57:50.633444,Cloudy,0.0,52,0,1,0,0,25
2025-11-14 12:57:50.633444,Clear,0.0,72,0,1,0,0,38
2025-11-14 13:57:50.633444,Heavy Rain,25.445386852980484,37,0,1,0,0,27
2025-11-14 14:57:50.633444,Cloudy,0.0,67,0,1,1,0,39
2025-11-14 15:57:50.633444,Cloudy,0.0,55,0,1,0,0,28
2025-11-14 16:57:50.633444,Clear,0.0,67,0,1,0,0,23
2025-11-14 17:57:50.633444,Clear,0.0,96,0,1,0,0,26
2025-11-14 18:57:50.633444,Clear,0.0,48,0,1,0,0,29
2025-11-14 19:57:50.633444,Clear,0.0,88,0,1,0,0,32
2025-11-14 20:57:50.633444,Heavy Rain,40.80525883815213,47,0,1,0,0,31
2025-11-14 21:57:50.633444,Clear,0.0,88,0,1,0,0,31
2025-11-14 22:57:50.633444,Rain,2.1343865910835325,74,0,1,0,0,29
2025-11-14 23:57:50.633444,Clear,0.0,49,0,1,0,0,28
2025-11-15 00:57:50.633444,Clear,0.0,81,0,1,0,0,27
2025-11-15 01:57:50.633444,Clear,0.0,85,0,1,0,0,31
2025-11-15 02:57:50.633444,Cloudy,0.0,67,0,1,0,0,33
2025-11-15 03:57:50.633444,Clear,0.0,44,0,1,0,0,35
2025-11-15 04:57:50.633444,Clear,0.0,56,0,1,0,0,20
2025-11-15 05:57:50.633444,Cloudy,0.0,58,0,1,0,0,27
2025-11-15 06:57:50.633444,Cloudy,0.0,65,0,1,0,0,25
2025-11-15 07:57:50.633444,Clear,0.0,67,0,1,0,0,18
2025-11-15 08:57:50.633444,Clear,0.0,77,0,1,0,0,30
2025-11-15 09:57:50.633444,Clear,0.0,68,0,1,0,0,28
2025-11-15 10:57:50.633444,Clear,0.0,84,0,1,0,0,21
2025-11-15 11:57:50.633444,Clear,0.0,82,0,1,0,0,38
2025-11-15 12:57:50.633444,Rain,5.360515957204065,77,0,1,0,0,22
2025-11-15 13:57:50.633444,Clear,0.0,41,0,1,0,0,33
2025-11-15 14:57:50.633444,Cloudy,0.0,68,0,1,0,0,31
2025-11-15 15:57:50.633444,Clear,0.0,52,0,1,0,0,26
2025-11-15 16:57:50.633444,Clear,0.0,45,0,1,0,0,28
2025-11-15 17:57:50.633444,Clear,0.0,56,0,1,0,0,30
2025-11-15 18:57:50.633444,Clear,0.0,40,0,1,0,0,31
2025-11-15 19:57:50.633444,Cloudy,0.0,95,0,1,0,0,27
2025-11-15 20:57:50.633444,Cloudy,0.0,92,0,1,0,0,28
2025-11-15 21:57:50.633444,Cloudy,0.0,56,0,1,0,0,19
2025-11-15 22:57:50.633444,Clear,0.0,50,0,1,0,0,25
2025-11-15 23:57:50.633444,Cloudy,0.0,87,0,1,0,0,32
2025-11-16 00:57:50.633444,Clear,0.0,78,0,1,0,0,21
2025-11-16 01:57:50.633444,Clear,0.0,55,0,1,0,0,27
2025-11-16 02:57:50.633444,Clear,0.0,68,0,1,0,0,33
2025-11-16 03:57:50.633444,Clear,0.0,78,0,1,0,0,28
2025-11-16 04:57:50.633444,Clear,0.0,47,0,1,0,0,24
2025-11-16 05:57:50.633444,Heavy Rain,10.532835234811827,58,0,1,0,0,35
2025-11-16 06:57:50.633444,Clear,0.0,70,0,1,0,0,28
2025-11-16 07:57:50.633444,Clear,0.0,90,0,1,0,0,33
2025-11-16 08:57:50.633444,Clear,0.0,99,0,1,0,0,40
2025-11-16 09:57:50.633444,Clear,0.0,63,0,1,0,0,23
2025-11-16 10:57:50.633444,Clear,0.0,93,0,1,0,0,20
2025-11-16 11:57:50.633444,Clear,0.0,67,0,1,0,0,25
2025-11-16 12:57:50.633444,Clear,0.0,79,0,1,0,0,24
2025-11-16 13:57:50.633444,Rain,5.707705368376156,64,0,1,0,0,23
2025-11-16 14:57:50.633444,Clear,0.0,40,0,1,0,0,26
2025-11-16 15:57:50.633444,Cloudy,0.0,83,0,1,0,0,29
2025-11-16 16:57:50.633444,Clear,0.0,91,0,1,0,0,24
2025-11-16 17:57:50.633444,Clear,0.0,96,0,1,0,0,28
2025-11-16 18:57:50.633444,Clear,0.0,49,0,1,0,0,27
2025-11-16 19:57:50.633444,Clear,0.0,88,0,1,0,0,33
2025-11-16 20:57:50.633444,Clear,0.0,86,0,1,0,0,27
2025-11-16 21:57:50.633444,Clear,0.0,66,0,1,0,0,22
2025-11-16 22:57:50.633444,Clear,0.0,81,0,1,0,0,23
2025-11-16 23:57:50.633444,Cloudy,0.0,47,0,1,0,0,31
2025-11-17 00:57:50.633444,Clear,0.0,88,0,1,0,0,22
2025-11-17 01:57:50.633444,Clear,0.0,91,0,1,0,0,33
2025-11-17 02:57:50.633444,Clear,0.0,98,0,1,0,0,27
2025-11-17 03:57:50.633444,Cloudy,0.0,44,0,1,0,0,21
2025-11-17 04:57:50.633444,Clear,0.0,57,0,1,0,0,25
2025-11-17 05:57:50.633444,Clear,0.0,47,0,1,0,0,20
2025-11-17 06:57:50.633444,Clear,0.0,68,0,1,0,0,27
2025-11-17 07:57:50.633444,Cloudy,0.0,74,0,1,1,0,33
2025-11-17 08:57:50.633444,Rain,8.134384884551874,87,0,1,0,0,21
2025-11-17 09:57:50.633444,Clear,0.0,93,0,1,0,0,36
2025-11-17 10:57:50.633444,Clear,0.0,53,0,1,0,0,18
2025-11-17 11:57:50.633444,Cloudy,0.0,92,0,1,0,0,24
2025-11-17 12:57:50.633444,Cloudy,0.0,84,0,1,0,0,23
2025-11-17 13:57:50.633444,Cloudy,0.0,84,0,1,0,0,18
2025-11-17 14:57:50.633444,Cloudy,0.0,53,0,1,1,0,28
2025-11-17 15:57:50.633444,Cloudy,0.0,98,0,1,0,1,21
2025-11-17 16:57:50.633444,Cloudy,0.0,40,0,1,0,0,23
2025-11-17 17:57:50.633444,Cloudy,0.0,98,0,1,0,0,30
2025-11-17 18:57:50.633444,Clear,0.0,66,0,1,0,0,40
2025-11-17 19:57:50.633444,Rain,2.035350123771945,62,0,1,0,0,28
2025-11-17 20:57:50.633444,Clear,0.0,56,0,1,0,0,29
2025-11-17 21:57:50.633444,Cloudy,0.0,40,0,1,0,0,31
2025-11-17 22:57:50.633444,Clear,0.0,67,0,1,0,0,26
2025-11-17 23:57:50.633444,Clear,0.0,84,0,1,0,0,20
2025-11-18 00:57:50.633444,Clear,0.0,88,0,1,0,0,32
2025-11-18 01:57:50.633444,Clear,0.0,44,0,1,0,0,32
2025-11-18 02:57:50.633444,Clear,0.0,61,0,1,0,0,29
2025-11-18 03:57:50.633444,Clear,0.0,68,0,1,0,0,23
2025-11-18 04:57:50.633444,Clear,0.0,89,0,1,0,0,21
2025-11-18 05:57:50.633444,Clear,0.0,96,0,1,0,0,26
2025-11-18 06:57:50.633444,Clear,0.0,88,0,1,0,0,20
2025-11-18 07:57:50.633444,Clear,0.0,43,0,1,1,0,19
2025-11-18 08:57:50.633444,Cloudy,0.0,67,0,1,0,0,35
2025-11-18 09:57:50.633444,Cloudy,0.0,56,0,1,0,0,27
2025-11-18 10:57:50.633444,Clear,0.0,40,0,1,0,0,25
2025-11-18 11:57:50.633444,Clear,0.0,75,0,1,0,0,25
2025-11-18 12:57:50.633444,Clear,0.0,64,0,1,0,0,23
2025-11-18 13:57:50.633444,Clear,0.0,50,0,1,0,0,30
2025-11-18 14:57:50.633444,Cloudy,0.0,76,0,1,1,0,21
2025-11-18 15:57:50.633444,Rain,4.713850109736195,63,0,1,0,0,32
2025-11-18 16:57:50.633444,Clear,0.0,97,0,1,0,0,29
2025-11-18 17:57:50.633444,Cloudy,0.0,74,0,1,0,0,35
2025-11-18 18:57:50.633444,Rain,9.949996539456473,80,0,1,0,0,23
2025-11-18 19:57:50.633444,Cloudy,0.0,73,0,1,0,0,25
2025-11-18 20:57:50.633444,Cloudy,0.0,46,0,1,0,0,25
2025-11-18 21:57:50.633444,Rain,2.2987537170019845,93,0,1,0,0,25
2025-11-18 22:57:50.633444,Clear,0.0,47,0,1,0,0,34
2025-11-18 23:57:50.633444,Clear,0.0,46,0,1,0,0,29
2025-11-19 00:57:50.633444,Clear,0.0,77,0,1,0,0,21
2025-11-19 01:57:50.633444,Clear,0.0,82,0,1,0,0,29
2025-11-19 02:57:50.633444,Clear,0.0,89,0,1,0,0,20
2025-11-19 03:57:50.633444,Rain,5.04354596220484,65,0,1,0,0,23
2025-11-19 04:57:50.633444,Clear,0.0,88,0,1,0,0,26
2025-11-19 05:57:50.633444,Rain,9.990629396164154,45,0,1,0,0,32
2025-11-19 06:57:50.633444,Rain,5.321741546739936,90,0,1,0,0,24
2025-11-19 07:57:50.633444,Cloudy,0.0,94,0,1,1,0,26
2025-11-19 08:57:50.633444,Clear,0.0,78,0,1,0,0,28
2025-11-19 09:57:50.633444,Cloudy,0.0,88,0,1,0,0,22
2025-11-19 10:57:50.633444,Heavy Rain,34.83142330274575,38,0,1,0,0,25
2025-11-19 11:57:50.633444,Clear,0.0,42,0,1,0,0,32
2025-11-19 12:57:50.633444,Clear,0.0,48,0,1,0,0,29
2025-11-19 13:57:50.633444,Cloudy,0.0,88,0,1,0,0,31
2025-11-19 14:57:50.633444,Clear,0.0,50,0,1,1,1,27
2025-11-19 15:57:50.633444,Clear,0.0,78,0,1,0,0,24
2025-11-19 16:57:50.633444,Clear,0.0,40,0,1,0,0,21
2025-11-19 17:57:50.633444,Cloudy,0.0,88,0,1,0,0,20
2025-11-19 18:57:50.633444,Clear,0.0,63,0,1,0,0,31
2025-11-19 19:57:50.633444,Clear,0.0,65,0,1,0,0,22
2025-11-19 20:57:50.633444,Clear,0.0,99,0,1,0,0,32
2025-11-19 21:57:50.633444,Cloudy,0.0,51,0,1,0,0,31
2025-11-19 22:57:50.633444,Cloudy,0.0,59,0,1,0,0,29
2025-11-19 23:57:50.633444,Clear,0.0,69,0,1,0,0,22
2025-11-20 00:57:50.633444,Clear,0.0,88,0,1,0,1,21
2025-11-20 01:57:50.633444,Cloudy,0.0,72,0,1,0,0,24
2025-11-20 02:57:50.633444,Clear,0.0,93,0,1,0,0,29
2025-11-20 03:57:50.633444,Clear,0.0,52,0,1,0,0,24
2025-11-20 04:57:50.633444,Clear,0.0,75,0,1,0,0,33
2025-11-20 05:57:50.633444,Rain,8.637402648466441,96,0,1,0,0,18
2025-11-20 06:57:50.633444,Cloudy,0.0,95,0,1,0,0,28
2025-11-20 07:57:50.633444,Clear,0.0,96,0,1,1,0,25
2025-11-20 08:57:50.633444,Clear,0.0,51,0,1,0,0,36
2025-11-20 09:57:50.633444,Clear,0.0,82,0,1,0,0,30
2025-11-20 10:57:50.633444,Clear,0.0,91,0,1,0,0,30
2025-11-20 11:57:50.633444,Cloudy,0.0,44,0,1,0,1,38
2025-11-20 12:57:50.633444,Cloudy,0.0,94,0,1,0,0,22
2025-11-20 13:57:50.633444,Clear,0.0,66,0,1,0,1,27
2025-11-20 14:57:50.633444,Clear,0.0,44,0,1,1,0,22
2025-11-20 15:57:50.633444,Clear,0.0,88,0,1,0,0,20
2025-11-20 16:57:50.633444,Rain,6.9830665238100265,57,0,1,0,0,21
2025-11-20 17:57:50.633444,Clear,0.0,64,0,1,0,0,29
2025-11-20 18:57:50.633444,Clear,0.0,61,0,1,0,0,24
2025-11-20 19:57:50.633444,Cloudy,0.0,75,0,1,0,0,19
2025-11-20 20:57:50.633444,Clear,0.0,43,0,1,0,0,22
2025-11-20 21:57:50.633444,Clear,0.0,72,0,1,0,0,30
2025-11-20 22:57:50.633444,Clear,0.0,98,0,1,0,0,18
2025-11-20 23:57:50.633444,Clear,0.0,41,0,1,0,0,32
2025-11-21 00:57:50.633444,Clear,0.0,51,0,1,0,0,20
2025-11-21 01:57:50.633444,Clear,0.0,55,0,1,0,0,22
2025-11-21 02:57:50.633444,Clear,0.0,50,0,1,0,0,24
2025-11-21 03:57:50.633444,Rain,7.995860636165945,91,0,1,0,0,31
2025-11-21 04:57:50.633444,Clear,0.0,40,0,1,0,0,17
2025-11-21 05:57:50.633444,Cloudy,0.0,60,0,1,0,0,27
2025-11-21 06:57:50.633444,Cloudy,0.0,75,0,1,0,0,33
2025-11-21 07:57:50.633444,Clear,0.0,47,0,1,1,0,31
2025-11-21 08:57:50.633444,Clear,0.0,75,0,1,0,0,35
2025-11-21 09:57:50.633444,Clear,0.0,50,0,1,0,0,29
2025-11-21 10:57:50.633444,Clear,0.0,62,0,1,0,0,30
2025-11-21 11:57:50.633444,Rain,3.418358188343194,44,0,1,0,0,26
2025-11-21 12:57:50.633444,Clear,0.0,56,0,1,0,0,24
2025-11-21 13:57:50.633444,Rain,6.965511923285161,52,0,1,0,0,30
2025-11-21 14:57:50.633444,Cloudy,0.0,92,0,1,1,0,21
2025-11-21 15:57:50.633444,Clear,0.0,80,0,1,0,0,25
2025-11-21 16:57:50.633444,Clear,0.0,62,0,1,0,0,26
2025-11-21 17:57:50.633444,Rain,2.3898751721967324,47,0,1,0,0,22
2025-11-21 18:57:50.633444,Clear,0.0,83,0,1,0,0,29
2025-11-21 19:57:50.633444,Clear,0.0,42,0,1,0,0,19
2025-11-21 20:57:50.633444,Rain,8.624302394734787,92,0,1,0,0,34
2025-11-21 21:57:50.633444,Cloudy,0.0,65,0,1,0,0,29
2025-11-21 22:57:50.633444,Clear,0.0,55,0,1,0,0,33
2025-11-21 23:57:50.633444,Clear,0.0,89,0,1,0,0,30
2025-11-22 00:57:50.633444,Cloudy,0.0,68,0,1,0,0,27
2025-11-22 01:57:50.633444,Clear,0.0,62,0,1,0,0,24
2025-11-22 02:57:50.633444,Clear,0.0,69,0,1,0,0,23
2025-11-22 03:57:50.633444,Clear,0.0,54,0,1,0,0,27
2025-11-22 04:57:50.633444,Rain,5.7693176146903,84,0,1,0,0,26
2025-11-22 05:57:50.633444,Cloudy,0.0,72,0,1,0,0,24
2025-11-22 06:57:50.633444,Clear,0.0,48,0,1,0,0,29
2025-11-22 07:57:50.633444,Cloudy,0.0,97,0,1,0,0,28
2025-11-22 08:57:50.633444,Clear,0.0,52,0,1,0,0,31
2025-11-22 09:57:50.633444,Clear,0.0,44,0,1,0,0,30
2025-11-22 10:57:50.633444,Rain,6.152166160876811,50,0,1,0,0,31
2025-11-22 11:57:50.633444,Clear,0.0,53,0,1,0,0,28
2025-11-22 12:57:50.633444,Cloudy,0.0,93,0,1,0,0,28
2025-11-22 13:57:50.633444,Clear,0.0,90,0,1,0,0,19
2025-11-22 14:57:50.633444,Clear,0.0,71,0,1,0,0,27
2025-11-22 15:57:50.633444,Cloudy,0.0,61,0,1,0,0,39
2025-11-22 16:57:50.633444,Cloudy,0.0,56,0,1,0,0,25
2025-11-22 17:57:50.633444,Clear,0.0,50,0,1,0,0,27
2025-11-22 18:57:50.633444,Clear,0.0,82,0,1,0,0,21
2025-11-22 19:57:50.633444,Clear,0.0,63,0,1,0,0,31
2025-11-22 20:57:50.633444,Clear,0.0,87,0,1,0,0,27
2025-11-22 21:57:50.633444,Rain,6.185983015536146,45,0,1,0,0,26
2025-11-22 22:57:50.633444,Clear,0.0,84,0,1,0,0,28
2025-11-22 23:57:50.633444,Cloudy,0.0,45,0,1,0,0,27
2025-11-23 00:57:50.633444,Clear,0.0,64,0,1,0,0,25
2025-11-23 01:57:50.633444,Clear,0.0,58,0,1,0,0,32
2025-11-23 02:57:50.633444,Clear,0.0,60,0,1,0,0,24
2025-11-23 03:57:50.633444,Clear,0.0,98,0,1,0,0,28
2025-11-23 04:57:50.633444,Clear,0.0,99,0,1,0,0,16
2025-11-23 05:57:50.633444,Heavy Rain,22.984578508364738,38,0,1,0,0,27
2025-11-23 06:57:50.633444,Cloudy,0.0,43,0,1,0,0,31
2025-11-23 07:57:50.633444,Clear,0.0,85,0,1,0,0,25
2025-11-23 08:57:50.633444,Cloudy,0.0,71,0,1,0,0,25
2025-11-23 09:57:50.633444,Cloudy,0.0,79,0,1,0,0,27
2025-11-23 10:57:50.633444,Rain,6.703846402632382,42,0,1,0,0,25
2025-11-23 11:57:50.633444,Clear,0.0,69,0,1,0,0,27
2025-11-23 12:57:50.633444,Cloudy,0.0,71,0,1,0,0,27
2025-11-23 13:57:50.633444,Clear,0.0,94,0,1,0,0,22
2025-11-23 14:57:50.633444,Clear,0.0,96,0,1,0,0,25
2025-11-23 15:57:50.633444,Clear,0.0,68,0,1,0,1,32
2025-11-23 16:57:50.633444,Cloudy,0.0,67,0,1,0,0,26
2025-11-23 17:57:50.633444,Cloudy,0.0,68,0,1,0,0,31
2025-11-23 18:57:50.633444,Cloudy,0.0,59,0,1,0,0,23
2025-11-23 19:57:50.633444,Clear,0.0,93,0,1,0,0,20
2025-11-23 20:57:50.633444,Heavy Rain,12.566272535168551,67,0,1,0,0,31
2025-11-23 21:57:50.633444,Clear,0.0,44,0,1,0,0,22
2025-11-23 22:57:50.633444,Rain,5.138141991398853,48,0,1,0,0,30
2025-11-23 23:57:50.633444,Cloudy,0.0,73,0,1,0,0,27
2025-11-24 00:57:50.633444,Cloudy,0.0,61,0,1,0,0,28
2025-11-24 01:57:50.633444,Clear,0.0,45,0,1,0,0,20
2025-11-24 02:57:50.633444,Cloudy,0.0,68,0,1,0,0,30
2025-11-24 03:57:50.633444,Clear,0.0,45,0,1,0,0,32
2025-11-24 04:57:50.633444,Clear,0.0,93,0,1,0,0,22
2025-11-24 05:57:50.633444,Clear,0.0,75,0,1,0,0,29
2025-11-24 06:57:50.633444,Clear,0.0,40,0,1,0,0,23
2025-11-24 07:57:50.633444,Cloudy,0.0,84,0,1,1,0,35
2025-11-24 08:57:50.633444,Clear,0.0,88,0,1,0,0,24
2025-11-24 09:57:50.633444,Clear,0.0,77,0,1,0,0,26
2025-11-24 10:57:50.633444,Clear,0.0,91,0,1,0,0,23
2025-11-24 11:57:50.633444,Clear,0.0,63,0,1,0,0,31
2025-11-24 12:57:50.633444,Heavy Rain,30.655564776038254,55,0,1,0,1,29
2025-11-24 13:57:50.633444,Cloudy,0.0,83,0,1,0,0,28
2025-11-24 14:57:50.633444,Clear,0.0,77,0,1,1,0,27
2025-11-24 15:57:50.633444,Clear,0.0,90,0,1,0,0,29
2025-11-24 16:57:50.633444,Clear,0.0,75,0,1,0,0,26
2025-11-24 17:57:50.633444,Clear,0.0,91,0,1,0,0,27
2025-11-24 18:57:50.633444,Clear,0.0,49,0,1,0,0,33
2025-11-24 19:57:50.633444,Cloudy,0.0,61,0,1,0,0,34
2025-11-24 20:57:50.633444,Clear,0.0,56,0,1,0,0,26
2025-11-24 21:57:50.633444,Clear,0.0,70,0,1,0,0,24
2025-11-24 22:57:50.633444,Clear,0.0,40,0,1,0,0,20
2025-11-24 23:57:50.633444,Clear,0.0,65,0,1,0,0,26
2025-11-25 00:57:50.633444,Clear,0.0,71,0,1,0,0,27
2025-11-25 01:57:50.633444,Clear,0.0,66,0,1,0,0,20
2025-11-25 02:57:50.633444,Clear,0.0,62,0,1,0,0,24
2025-11-25 03:57:50.633444,Cloudy,0.0,59,0,1,0,0,37
2025-11-25 04:57:50.633444,Cloudy,0.0,95,0,1,0,0,24
2025-11-25 05:57:50.633444,Cloudy,0.0,76,0,1,0,0,25
2025-11-25 06:57:50.633444,Clear,0.0,72,0,1,0,0,24
2025-11-25 07:57:50.633444,Clear,0.0,96,0,1,1,0,19
2025-11-25 08:57:50.633444,Clear,0.0,47,0,1,0,0,25
2025-11-25 09:57:50.633444,Clear,0.0,48,0,1,0,0,31
2025-11-25 10:57:50.633444,Clear,0.0,49,0,1,0,0,21
2025-11-25 11:57:50.633444,Cloudy,0.0,75,0,1,0,0,31
2025-11-25 12:57:50.633444,Clear,0.0,63,0,1,0,0,25
2025-11-25 13:57:50.633444,Cloudy,0.0,53,0,1,0,0,29
2025-11-25 14:57:50.633444,Clear,0.0,43,0,1,1,0,34
2025-11-25 15:57:50.633444,Cloudy,0.0,68,0,1,0,1,25
2025-11-25 16:57:50.633444,Clear,0.0,63,0,1,0,0,32
2025-11-25 17:57:50.633444,Cloudy,0.0,95,0,1,0,0,20
2025-11-25 18:57:50.633444,Heavy Rain,19.809286885038738,20,0,1,0,0,29
2025-11-25 19:57:50.633444,Rain,3.9070603043560332,52,0,1,0,0,23
2025-11-25 20:57:50.633444,Cloudy,0.0,67,0,1,0,0,29
2025-11-25 21:57:50.633444,Cloudy,0.0,77,0,1,0,0,31
2025-11-25 22:57:50.633444,Clear,0.0,90,0,1,0,0,22
2025-11-25 23:57:50.633444,Clear,0.0,59,0,1,0,0,30
2025-11-26 00:57:50.633444,Clear,0.0,62,0,1,0,0,30
2025-11-26 01:57:50.633444,Rain,9.541560137167814,48,0,1,0,0,28
2025-11-26 02:57:50.633444,Clear,0.0,55,0,1,0,0,42
2025-11-26 03:57:50.633444,Clear,0.0,49,0,1,0,0,30
2025-11-26 04:57:50.633444,Cloudy,0.0,90,0,1,0,0,29
2025-11-26 05:57:50.633444,Clear,0.0,64,0,1,0,0,31
2025-11-26 06:57:50.633444,Rain,9.206652280289644,78,0,1,0,0,24
2025-11-26 07:57:50.633444,Cloudy,0.0,81,0,1,1,0,22
2025-11-26 08:57:50.633444,Rain,8.403067285018258,73,0,1,0,0,30
2025-11-26 09:57:50.633444,Cloudy,0.0,47,0,1,0,0,30
2025-11-26 10:57:50.633444,Cloudy,0.0,74,0,1,0,0,30
2025-11-26 11:57:50.633444,Clear,0.0,90,0,1,0,0,31
2025-11-26 12:57:50.633444,Heavy Rain,18.258937995703647,36,0,1,0,0,24
2025-11-26 13:57:50.633444,Clear,0.0,71,0,1,0,0,28
2025-11-26 14:57:50.633444,Clear,0.0,76,0,1,1,0,38
2025-11-26 15:57:50.633444,Rain,6.076833889009702,62,0,1,0,0,21
2025-11-26 16:57:50.633444,Clear,0.0,47,0,1,0,0,33
2025-11-26 17:57:50.633444,Clear,0.0,44,0,1,0,0,27
2025-11-26 18:57:50.633444,Cloudy,0.0,73,0,1,0,0,25
2025-11-26 19:57:50.633444,Clear,0.0,89,0,1,0,0,26
2025-11-26 20:57:50.633444,Clear,0.0,61,0,1,0,0,27
2025-11-26 21:57:50.633444,Clear,0.0,65,0,1,0,0,37
2025-11-26 22:57:50.633444,Rain,7.518311430022121,65,0,1,0,0,32
2025-11-26 23:57:50.633444,Cloudy,0.0,73,0,1,0,0,32
2025-11-27 00:57:50.633444,Clear,0.0,76,0,1,0,0,32
2025-11-27 01:57:50.633444,Clear,0.0,84,0,1,0,0,27
2025-11-27 02:57:50.633444,Clear,0.0,85,0,1,0,1,41
2025-11-27 03:57:50.633444,Clear,0.0,49,0,1,0,0,40
2025-11-27 04:57:50.633444,Cloudy,0.0,91,0,1,0,0,24
2025-11-27 05:57:50.633444,Rain,9.10652701427789,68,0,1,0,0,37
2025-11-27 06:57:50.633444,Clear,0.0,87,0,1,0,0,28
2025-11-27 07:57:50.633444,Cloudy,0.0,67,0,1,1,0,30
2025-11-27 08:57:50.633444,Clear,0.0,79,0,1,0,0,27
2025-11-27 09:57:50.633444,Clear,0.0,49,0,1,0,0,19
2025-11-27 10:57:50.633444,Cloudy,0.0,88,0,1,0,1,34
2025-11-27 11:57:50.633444,Clear,0.0,74,0,1,0,0,21
2025-11-27 12:57:50.633444,Clear,0.0,48,0,1,0,0,18
2025-11-27 13:57:50.633444,Cloudy,0.0,55,0,1,0,0,27
2025-11-27 14:57:50.633444,Clear,0.0,97,0,1,1,0,26
2025-11-27 15:57:50.633444,Clear,0.0,62,0,1,0,0,27
2025-11-27 16:57:50.633444,Clear,0.0,53,0,1,0,0,32
2025-11-27 17:57:50.633444,Clear,0.0,59,0,1,0,0,25
2025-11-27 18:57:50.633444,Cloudy,0.0,61,0,1,0,0,27
2025-11-27 19:57:50.633444,Cloudy,0.0,63,0,1,0,0,24
2025-11-27 20:57:50.633444,Clear,0.0,56,0,1,0,0,27
2025-11-27 21:57:50.633444,Clear,0.0,48,0,1,0,0,24
2025-11-27 22:57:50.633444,Clear,0.0,73,0,1,0,0,36
2025-11-27 23:57:50.633444,Clear,0.0,78,0,1,0,0,29
2025-11-28 00:57:50.633444,Clear,0.0,82,0,1,0,0,30
2025-11-28 01:57:50.633444,Clear,0.0,55,0,1,0,0,31
2025-11-28 02:57:50.633444,Heavy Rain,48.907087583887105,29,0,1,0,0,29
2025-11-28 03:57:50.633444,Cloudy,0.0,54,0,1,0,0,27
2025-11-28 04:57:50.633444,Clear,0.0,81,0,1,0,0,29
2025-11-28 05:57:50.633444,Rain,9.458657197806403,90,0,1,0,0,28
2025-11-28 06:57:50.633444,Cloudy,0.0,72,0,1,0,0,37
2025-11-28 07:57:50.633444,Heavy Rain,26.3012084635372,55,0,1,1,0,30
2025-11-28 08:57:50.633444,Cloudy,0.0,56,0,1,0,0,30
2025-11-28 09:57:50.633444,Clear,0.0,58,0,1,0,0,37
2025-11-28 10:57:50.633444,Rain,9.02826845419984,89,0,1,0,0,29
2025-11-28 11:57:50.633444,Clear,0.0,42,0,1,0,0,29
2025-11-28 12:57:50.633444,Clear,0.0,44,0,1,0,0,28
2025-11-28 13:57:50.633444,Clear,0.0,79,0,1,0,0,25
2025-11-28 14:57:50.633444,Heavy Rain,13.818086069367217,68,0,1,1,0,21
2025-11-28 15:57:50.633444,Clear,0.0,82,0,1,0,0,33
2025-11-28 16:57:50.633444,Cloudy,0.0,57,0,1,0,0,34
2025-11-28 17:57:50.633444,Cloudy,0.0,44,0,1,0,0,27
2025-11-28 18:57:50.633444,Cloudy,0.0,69,0,1,0,0,26
2025-11-28 19:57:50.633444,Clear,0.0,94,0,1,0,0,29
2025-11-28 20:57:50.633444,Clear,0.0,56,0,1,0,0,35
2025-11-28 21:57:50.633444,Clear,0.0,52,0,1,0,0,30
2025-11-28 22:57:50.633444,Clear,0.0,79,0,1,0,0,16
2025-11-28 23:57:50.633444,Rain,6.7226223988088005,69,0,1,0,0,25
2025-11-29 00:57:50.633444,Rain,4.558891245826052,95,0,1,0,0,29
2025-11-29 01:57:50.633444,Clear,0.0,97,0,1,0,0,28
2025-11-29 02:57:50.633444,Clear,0.0,67,0,1,0,0,26
2025-11-29 03:57:50.633444,Cloudy,0.0,65,0,1,0,0,33
2025-11-29 04:57:50.633444,Clear,0.0,40,0,1,0,0,34
2025-11-29 05:57:50.633444,Cloudy,0.0,72,0,1,0,0,26
2025-11-29 06:57:50.633444,Clear,0.0,86,0,1,0,0,20
2025-11-29 07:57:50.633444,Clear,0.0,52,0,1,0,0,27
2025-11-29 08:57:50.633444,Clear,0.0,98,0,1,0,0,33
2025-11-29 09:57:50.633444,Clear,0.0,41,0,1,0,0,36
2025-11-29 10:57:50.633444,Cloudy,0.0,79,0,1,0,0,36
2025-11-29 11:57:50.633444,Cloudy,0.0,94,0,1,0,0,22
2025-11-29 12:57:50.633444,Cloudy,0.0,63,0,1,0,0,32
2025-11-29 13:57:50.633444,Clear,0.0,44,0,1,0,0,33
2025-11-29 14:57:50.633444,Cloudy,0.0,62,0,1,0,0,25
2025-11-29 15:57:50.633444,Cloudy,0.0,42,0,1,0,0,31
2025-11-29 16:57:50.633444,Clear,0.0,72,0,1,0,0,29
2025-11-29 17:57:50.633444,Clear,0.0,93,0,1,0,0,32
2025-11-29 18:57:50.633444,Clear,0.0,78,0,1,0,0,31
2025-11-29 19:57:50.633444,Clear,0.0,40,0,1,0,0,27
2025-11-29 20:57:50.633444,Clear,0.0,58,0,1,0,0,23
2025-11-29 21:57:50.633444,Clear,0.0,64,0,1,0,0,19
2025-11-29 22:57:50.633444,Rain,2.361426049976572,92,0,1,0,0,18
2025-11-29 23:57:50.633444,Cloudy,0.0,72,0,1,0,0,26
2025-11-30 00:57:50.633444,Heavy Rain,30.2180625132316,13,0,1,0,0,33
2025-11-30 01:57:50.633444,Rain,5.4236098837377655,59,0,1,0,0,19
2025-11-30 02:57:50.633444,Clear,0.0,95,0,1,0,0,20
2025-11-30 03:57:50.633444,Cloudy,0.0,59,0,1,0,0,22
2025-11-30 04:57:50.633444,Clear,0.0,77,0,1,0,0,26
2025-11-30 05:57:50.633444,Clear,0.0,95,0,1,0,0,25
2025-11-30 06:57:50.633444,Clear,0.0,67,0,1,0,0,32
2025-11-30 07:57:50.633444,Clear,0.0,52,0,1,0,0,25
2025-11-30 08:57:50.633444,Clear,0.0,60,0,1,0,0,30
2025-11-30 09:57:50.633444,Cloudy,0.0,93,0,1,0,0,27
2025-11-30 10:57:50.633444,Rain,4.42270626659524,60,0,1,0,0,32
2025-11-30 11:57:50.633444,Clear,0.0,76,0,1,0,0,23
2025-11-30 12:57:50.633444,Cloudy,0.0,50,0,1,0,0,30
2025-11-30 13:57:50.633444,Clear,0.0,85,0,1,0,0,21
2025-11-30 14:57:50.633444,Clear,0.0,79,0,1,0,0,24
2025-11-30 15:57:50.633444,Clear,0.0,75,0,1,0,0,35
2025-11-30 16:57:50.633444,Rain,7.014483882750816,46,0,1,0,0,22
2025-11-30 17:57:50.633444,Rain,2.0988144954690338,51,0,1,0,0,29
2025-11-30 18:57:50.633444,Clear,0.0,85,0,1,0,0,26
2025-11-30 19:57:50.633444,Clear,0.0,99,0,1,0,0,21
2025-11-30 20:57:50.633444,Clear,0.0,60,0,1,0,0,32
2025-11-30 21:57:50.633444,Clear,0.0,53,0,1,0,0,29
2025-11-30 22:57:50.633444,Clear,0.0,92,0,1,0,0,34
2025-11-30 23:57:50.633444,Clear,0.0,52,0,1,0,0,29
2025-12-01 00:57:50.633444,Clear,0.0,68,0,0,0,0,27
2025-12-01 01:57:50.633444,Clear,0.0,55,1,0,0,0,29
2025-12-01 02:57:50.633444,Heavy Rain,12.490717166845595,36,0,0,0,0,24
2025-12-01 03:57:50.633444,Clear,0.0,50,0,0,0,0,29
2025-12-01 04:57:50.633444,Clear,0.0,76,0,0,0,0,34
2025-12-01 05:57:50.633444,Heavy Rain,28.544939040565772,18,0,0,0,0,22
2025-12-01 06:57:50.633444,Cloudy,0.0,98,0,0,0,0,27
2025-12-01 07:57:50.633444,Clear,0.0,41,0,0,1,0,24
2025-12-01 08:57:50.633444,Rain,2.578668260548266,74,0,0,0,0,24
2025-12-01 09:57:50.633444,Cloudy,0.0,67,0,0,0,0,24
2025-12-01 10:57:50.633444,Heavy Rain,42.42930620162565,23,0,0,0,0,34
2025-12-01 11:57:50.633444,Clear,0.0,48,0,0,0,0,28
2025-12-01 12:57:50.633444,Clear,0.0,61,1,0,0,0,26
2025-12-01 13:57:50.633444,Clear,0.0,59,0,0,0,0,32
2025-12-01 14:57:50.633444,Cloudy,0.0,99,1,0,1,0,32
2025-12-01 15:57:50.633444,Clear,0.0,64,0,0,0,0,25
2025-12-01 16:57:50.633444,Rain,2.4822737394970504,45,0,0,0,0,25
2025-12-01 17:57:50.633444,Clear,0.0,72,0,0,0,0,36
2025-12-01 18:57:50.633444,Clear,0.0,70,0,0,0,0,27
2025-12-01 19:57:50.633444,Cloudy,0.0,76,0,0,0,0,25
2025-12-01 20:57:50.633444,Clear,0.0,52,0,0,0,0,31
2025-12-01 21:57:50.633444,Heavy Rain,48.79270338448272,58,0,0,0,0,28
2025-12-01 22:57:50.633444,Cloudy,0.0,48,0,0,0,0,29
2025-12-01 23:57:50.633444,Cloudy,0.0,83,0,0,0,0,32
2025-12-02 00:57:50.633444,Rain,4.063957394459291,40,0,0,0,0,28
2025-12-02 01:57:50.633444,Clear,0.0,50,0,0,0,0,29
2025-12-02 02:57:50.633444,Heavy Rain,13.54957006536829,62,0,0,0,0,31
2025-12-02 03:57:50.633444,Clear,0.0,99,0,0,0,0,29
2025-12-02 04:57:50.633444,Clear,0.0,87,0,0,0,0,26
2025-12-02 05:57:50.633444,Cloudy,0.0,56,0,0,0,0,25
2025-12-02 06:57:50.633444,Clear,0.0,88,0,0,0,0,25
2025-12-02 07:57:50.633444,Cloudy,0.0,71,0,0,1,0,28
2025-12-02 08:57:50.633444,Cloudy,0.0,53,1,0,0,0,25
2025-12-02 09:57:50.633444,Rain,6.045790056301364,98,0,0,0,0,30
2025-12-02 10:57:50.633444,Rain,7.8887768496587665,72,1,0,0,0,29
2025-12-02 11:57:50.633444,Rain,7.2199411196296746,71,0,0,0,0,30
2025-12-02 12:57:50.633444,Cloudy,0.0,60,1,0,0,0,15
2025-12-02 13:57:50.633444,Heavy Rain,30.019209507458264,22,0,0,0,0,28
2025-12-02 14:57:50.633444,Clear,0.0,56,0,0,1,0,31
2025-12-02 15:57:50.633444,Clear,0.0,70,0,0,0,0,25
2025-12-02 16:57:50.633444,Clear,0.0,86,0,0,0,0,21
2025-12-02 17:57:50.633444,Cloudy,0.0,97,0,0,0,0,26
2025-12-02 18:57:50.633444,Clear,0.0,60,0,0,0,0,28
2025-12-02 19:57:50.633444,Rain,6.233720765257444,80,0,0,0,0,36
2025-12-02 20:57:50.633444,Cloudy,0.0,83,0,0,0,0,33
2025-12-02 21:57:50.633444,Cloudy,0.0,93,1,0,0,0,26
2025-12-02 22:57:50.633444,Clear,0.0,67,0,0,0,0,35
2025-12-02 23:57:50.633444,Clear,0.0,53,0,0,0,0,28
2025-12-03 00:57:50.633444,Clear,0.0,97,0,0,0,0,28
2025-12-03 01:57:50.633444,Rain,5.604614714966011,59,0,0,0,0,26
2025-12-03 02:57:50.633444,Clear,0.0,79,0,0,0,0,39
2025-12-03 03:57:50.633444,Clear,0.0,75,0,0,0,0,27
2025-12-03 04:57:50.633444,Heavy Rain,47.25397020804569,53,0,0,0,0,31
2025-12-03 05:57:50.633444,Clear,0.0,77,0,0,0,0,29
2025-12-03 06:57:50.633444,Clear,0.0,85,1,0,0,0,29
2025-12-03 07:57:50.633444,Clear,0.0,52,0,0,1,0,33
2025-12-03 08:57:50.633444,Cloudy,0.0,75,0,0,0,0,34
2025-12-03 09:57:50.633444,Cloudy,0.0,84,1,0,0,0,24
2025-12-03 10:57:50.633444,Clear,0.0,66,0,0,0,0,26
2025-12-03 11:57:50.633444,Cloudy,0.0,77,1,0,0,0,34
2025-12-03 12:57:50.633444,Cloudy,0.0,85,1,0,0,0,31
2025-12-03 13:57:50.633444,Rain,5.645127722696002,91,0,0,0,0,35
2025-12-03 14:57:50.633444,Clear,0.0,50,0,0,1,0,31
2025-12-03 15:57:50.633444,Cloudy,0.0,94,0,0,0,1,30
2025-12-03 16:57:50.633444,Clear,0.0,59,1,0,0,0,23
2025-12-03 17:57:50.633444,Clear,0.0,78,0,0,0,0,32
2025-12-03 18:57:50.633444,Cloudy,0.0,46,0,0,0,0,29
2025-12-03 19:57:50.633444,Cloudy,0.0,55,0,0,0,0,27
2025-12-03 20:57:50.633444,Clear,0.0,85,0,0,0,0,20
2025-12-03 21:57:50.633444,Cloudy,0.0,72,0,0,0,0,26
2025-12-03 22:57:50.633444,Cloudy,0.0,85,0,0,0,0,21
2025-12-03 23:57:50.633444,Heavy Rain,20.47103998190249,10,0,0,0,0,25
2025-12-04 00:57:50.633444,Cloudy,0.0,98,0,0,0,0,34
2025-12-04 01:57:50.633444,Clear,0.0,93,0,0,0,0,31
2025-12-04 02:57:50.633444,Rain,9.462532971610973,62,1,0,0,0,26
2025-12-04 03:57:50.633444,Heavy Rain,32.1893582709122,30,0,0,0,0,24
2025-12-04 04:57:50.633444,Clear,0.0,62,1,0,0,0,20
2025-12-04 05:57:50.633444,Rain,8.35639240528885,95,0,0,0,0,25
2025-12-04 06:57:50.633444,Heavy Rain,32.78686111124818,32,0,0,0,0,20
2025-12-04 07:57:50.633444,Clear,0.0,48,0,0,1,0,26
2025-12-04 08:57:50.633444,Cloudy,0.0,82,0,0,0,0,29
2025-12-04 09:57:50.633444,Cloudy,0.0,46,0,0,0,0,34
2025-12-04 10:57:50.633444,Cloudy,0.0,90,0,0,0,0,27
2025-12-04 11:57:50.633444,Clear,0.0,73,0,0,0,0,29
2025-12-04 12:57:50.633444,Clear,0.0,88,0,0,0,0,27
2025-12-04 13:57:50.633444,Clear,0.0,67,0,0,0,0,30
2025-12-04 14:57:50.633444,Clear,0.0,99,0,0,1,0,31
2025-12-04 15:57:50.633444,Rain,2.7507568566647915,99,0,0,0,0,25
2025-12-04 16:57:50.633444,Clear,0.0,43,1,0,0,0,32
2025-12-04 17:57:50.633444,Clear,0.0,65,1,0,0,0,20
2025-12-04 18:57:50.633444,Clear,0.0,75,0,0,0,0,25
2025-12-04 19:57:50.633444,Clear,0.0,72,0,0,0,0,18
2025-12-04 20:57:50.633444,Clear,0.0,77,0,0,0,0,24
2025-12-04 21:57:50.633444,Cloudy,0.0,72,0,0,0,0,32
2025-12-04 22:57:50.633444,Clear,0.0,85,0,0,0,0,30
2025-12-04 23:57:50.633444,Clear,0.0,64,0,0,0,0,25
2025-12-05 00:57:50.633444,Cloudy,0.0,70,0,0,0,0,30
2025-12-05 01:57:50.633444,Clear,0.0,50,1,0,0,0,25
2025-12-05 02:57:50.633444,Clear,0.0,46,1,0,0,0,24
2025-12-05 03:57:50.633444,Rain,9.455511971765596,48,0,0,0,0,25
2025-12-05 04:57:50.633444,Clear,0.0,67,0,0,0,0,36
2025-12-05 05:57:50.633444,Clear,0.0,75,0,0,0,0,27
2025-12-05 06:57:50.633444,Clear,0.0,40,1,0,0,0,27
2025-12-05 07:57:50.633444,Clear,0.0,58,0,0,1,0,21
2025-12-05 08:57:50.633444,Clear,0.0,64,0,0,0,0,23
2025-12-05 09:57:50.633444,Clear,0.0,71,0,0,0,0,34
2025-12-05 10:57:50.633444,Cloudy,0.0,47,0,0,0,0,30
2025-12-05 11:57:50.633444,Cloudy,0.0,91,0,0,0,0,31
2025-12-05 12:57:50.633444,Clear,0.0,67,0,0,0,0,31
2025-12-05 13:57:50.633444,Cloudy,0.0,82,0,0,0,1,32
2025-12-05 14:57:50.633444,Clear,0.0,50,1,0,1,0,34
2025-12-05 15:57:50.633444,Clear,0.0,67,1,0,0,0,26
2025-12-05 16:57:50.633444,Cloudy,0.0,66,0,0,0,0,22
2025-12-05 17:57:50.633444,Clear,0.0,54,0,0,0,0,23
2025-12-05 18:57:50.633444,Rain,7.388055362671113,71,0,0,0,0,25
2025-12-05 19:57:50.633444,Cloudy,0.0,59,0,0,0,0,29
2025-12-05 20:57:50.633444,Rain,2.768657499096971,92,0,0,0,0,28
2025-12-05 21:57:50.633444,Cloudy,0.0,42,0,0,0,0,27
2025-12-05 22:57:50.633444,Cloudy,0.0,52,1,0,0,0,25
2025-12-05 23:57:50.633444,Clear,0.0,70,0,0,0,0,31
2025-12-06 00:57:50.633444,Clear,0.0,64,0,0,0,0,30
2025-12-06 01:57:50.633444,Cloudy,0.0,85,0,0,0,0,27
2025-12-06 02:57:50.633444,Heavy Rain,37.36561473315375,18,0,0,0,0,21
2025-12-06 03:57:50.633444,Clear,0.0,66,0,0,0,0,25
2025-12-06 04:57:50.633444,Rain,9.598798630950265,74,0,0,0,0,20
2025-12-06 05:57:50.633444,Clear,0.0,76,1,0,0,0,31
2025-12-06 06:57:50.633444,Rain,8.610853906653354,54,0,0,0,0,31
2025-12-06 07:57:50.633444,Clear,0.0,80,0,0,0,0,30
2025-12-06 08:57:50.633444,Clear,0.0,86,0,0,0,0,30
2025-12-06 09:57:50.633444,Cloudy,0.0,57,0,0,0,0,23
2025-12-06 10:57:50.633444,Cloudy,0.0,57,0,0,0,0,28
2025-12-06 11:57:50.633444,Clear,0.0,81,0,0,0,0,29
2025-12-06 12:57:50.633444,Clear,0.0,92,0,0,0,0,28
2025-12-06 13:57:50.633444,Clear,0.0,53,0,0,0,0,29
2025-12-06 14:57:50.633444,Clear,0.0,72,0,0,0,0,27
2025-12-06 15:57:50.633444,Clear,0.0,97,0,0,0,0,17
2025-12-06 16:57:50.633444,Cloudy,0.0,90,0,0,0,0,25
2025-12-06 17:57:50.633444,Cloudy,0.0,58,1,0,0,0,25
2025-12-06 18:57:50.633444,Rain,6.311560484977767,59,0,0,0,0,29
2025-12-06 19:57:50.633444,Clear,0.0,66,1,0,0,0,21
2025-12-06 20:57:50.633444,Clear,0.0,54,0,0,0,0,31
2025-12-06 21:57:50.633444,Clear,0.0,52,0,0,0,0,33
2025-12-06 22:57:50.633444,Cloudy,0.0,64,1,0,0,0,28
2025-12-06 23:57:50.633444,Clear,0.0,77,0,0,0,0,26
2025-12-07 00:57:50.633444,Clear,0.0,60,1,0,0,0,28
2025-12-07 01:57:50.633444,Cloudy,0.0,44,0,0,0,0,25
2025-12-07 02:57:50.633444,Rain,4.084691482918632,98,0,0,0,0,23
2025-12-07 03:57:50.633444,Clear,0.0,87,0,0,0,0,13
2025-12-07 04:57:50.633444,Clear,0.0,90,0,0,0,0,25
2025-12-07 05:57:50.633444,Heavy Rain,11.636777401985663,34,0,0,0,0,30
2025-12-07 06:57:50.633444,Clear,0.0,73,1,0,0,0,34
2025-12-07 07:57:50.633444,Clear,0.0,72,1,0,0,0,31
2025-12-07 08:57:50.633444,Clear,0.0,46,0,0,0,0,35
2025-12-07 09:57:50.633444,Heavy Rain,22.72349073141048,27,0,0,0,0,26
2025-12-07 10:57:50.633444,Cloudy,0.0,56,0,0,0,0,37
2025-12-07 11:57:50.633444,Cloudy,0.0,76,0,0,0,0,22
2025-12-07 12:57:50.633444,Rain,3.4162790720766,63,0,0,0,0,32
2025-12-07 13:57:50.633444,Rain,2.4983009546641783,83,1,0,0,0,30
2025-12-07 14:57:50.633444,Clear,0.0,83,0,0,0,0,28
2025-12-07 15:57:50.633444,Clear,0.0,47,0,0,0,0,32
2025-12-07 16:57:50.633444,Cloudy,0.0,51,0,0,0,0,38
2025-12-07 17:57:50.633444,Cloudy,0.0,85,0,0,0,0,23
2025-12-07 18:57:50.633444,Clear,0.0,88,0,0,0,0,25
2025-12-07 19:57:50.633444,Clear,0.0,90,0,0,0,0,26
2025-12-07 20:57:50.633444,Clear,0.0,99,1,0,0,0,37
2025-12-07 21:57:50.633444,Cloudy,0.0,79,1,0,0,0,21
2025-12-07 22:57:50.633444,Clear,0.0,80,0,0,0,0,27
2025-12-07 23:57:50.633444,Clear,0.0,64,0,0,0,0,30
2025-12-08 00:57:50.633444,Clear,0.0,47,0,0,0,0,21
2025-12-08 01:57:50.633444,Clear,0.0,90,0,0,0,0,28
2025-12-08 02:57:50.633444,Rain,6.728745814061576,86,0,0,0,0,29
2025-12-08 03:57:50.633444,Cloudy,0.0,48,0,0,0,0,27
2025-12-08 04:57:50.633444,Clear,0.0,40,1,0,0,0,30
2025-12-08 05:57:50.633444,Clear,0.0,91,1,0,0,0,18
2025-12-08 06:57:50.633444,Clear,0.0,41,0,0,0,0,29
2025-12-08 07:57:50.633444,Clear,0.0,98,1,0,1,0,30
2025-12-08 08:57:50.633444,Clear,0.0,65,0,0,0,0,36
2025-12-08 09:57:50.633444,Clear,0.0,85,0,0,0,0,24
2025-12-08 10:57:50.633444,Cloudy,0.0,93,0,0,0,0,33
2025-12-08 11:57:50.633444,Clear,0.0,60,1,0,0,0,36
2025-12-08 12:57:50.633444,Clear,0.0,54,0,0,0,0,24
2025-12-08 13:57:50.633444,Cloudy,0.0,57,0,0,0,0,25
2025-12-08 14:57:50.633444,Clear,0.0,91,0,0,1,0,25
2025-12-08 15:57:50.633444,Cloudy,0.0,78,0,0,0,0,35
2025-12-08 16:57:50.633444,Cloudy,0.0,45,0,0,0,0,20
2025-12-08 17:57:50.633444,Clear,0.0,83,1,0,0,0,34
2025-12-08 18:57:50.633444,Clear,0.0,94,0,0,0,0,23
2025-12-08 19:57:50.633444,Rain,2.9084656608114487,41,0,0,0,0,25
2025-12-08 20:57:50.633444,Rain,9.620944446322664,45,0,0,0,0,34
2025-12-08 21:57:50.633444,Clear,0.0,98,0,0,0,0,25
2025-12-08 22:57:50.633444,Clear,0.0,66,0,0,0,0,18
2025-12-08 23:57:50.633444,Clear,0.0,78,0,0,0,0,36
2025-12-09 00:57:50.633444,Clear,0.0,51,0,0,0,0,36
2025-12-09 01:57:50.633444,Clear,0.0,52,0,0,0,0,29
2025-12-09 02:57:50.633444,Clear,0.0,57,1,0,0,0,32
2025-12-09 03:57:50.633444,Clear,0.0,49,0,0,0,0,31
2025-12-09 04:57:50.633444,Heavy Rain,47.643965877862726,19,0,0,0,0,28
2025-12-09 05:57:50.633444,Clear,0.0,97,1,0,0,0,27
2025-12-09 06:57:50.633444,Rain,7.942622379010481,95,0,0,0,0,33
2025-12-09 07:57:50.633444,Clear,0.0,96,0,0,1,0,26
2025-12-09 08:57:50.633444,Clear,0.0,53,1,0,0,0,38
2025-12-09 09:57:50.633444,Cloudy,0.0,92,0,0,0,0,26
2025-12-09 10:57:50.633444,Clear,0.0,91,0,0,0,0,31
2025-12-09 11:57:50.633444,Clear,0.0,49,0,0,0,0,29
2025-12-09 12:57:50.633444,Clear,0.0,55,0,0,0,0,30
2025-12-09 13:57:50.633444,Clear,0.0,68,0,0,0,0,26
2025-12-09 14:57:50.633444,Rain,2.2867347665992392,45,0,0,1,0,29
2025-12-09 15:57:50.633444,Clear,0.0,90,0,0,0,0,34
2025-12-09 16:57:50.633444,Clear,0.0,59,0,0,0,0,30
2025-12-09 17:57:50.633444,Cloudy,0.0,74,0,0,0,0,17
2025-12-09 18:57:50.633444,Clear,0.0,82,0,0,0,0,19
2025-12-09 19:57:50.633444,Clear,0.0,87,0,0,0,0,30
2025-12-09 20:57:50.633444,Cloudy,0.0,60,0,0,0,0,26
2025-12-09 21:57:50.633444,Rain,7.806286247936179,93,0,0,0,0,28
2025-12-09 22:57:50.633444,Rain,8.50528765919318,48,0,0,0,0,27
2025-12-09 23:57:50.633444,Clear,0.0,87,0,0,0,0,29
2025-12-10 00:57:50.633444,Cloudy,0.0,60,0,0,0,0,26
2025-12-10 01:57:50.633444,Clear,0.0,95,0,0,0,0,33
2025-12-10 02:57:50.633444,Cloudy,0.0,91,0,0,0,0,23
2025-12-10 03:57:50.633444,Clear,0.0,85,0,0,0,0,37
2025-12-10 04:57:50.633444,Rain,9.306836984558567,54,0,0,0,0,28
2025-12-10 05:57:50.633444,Heavy Rain,37.47258784219081,42,0,0,0,0,28
2025-12-10 06:57:50.633444,Heavy Rain,11.664189594345086,30,0,0,0,0,28
2025-12-10 07:57:50.633444,Cloudy,0.0,57,0,0,1,0,30
2025-12-10 08:57:50.633444,Clear,0.0,69,0,0,0,0,28
2025-12-10 09:57:50.633444,Heavy Rain,25.84747996398098,54,0,0,0,0,26
2025-12-10 10:57:50.633444,Clear,0.0,42,0,0,0,0,24
2025-12-10 11:57:50.633444,Rain,2.8586939864676166,67,0,0,0,0,40
2025-12-10 12:57:50.633444,Clear,0.0,93,0,0,0,0,25
2025-12-10 13:57:50.633444,Clear,0.0,87,0,0,0,0,27
2025-12-10 14:57:50.633444,Clear,0.0,82,0,0,1,0,17
2025-12-10 15:57:50.633444,Clear,0.0,82,0,0,0,0,32
2025-12-10 16:57:50.633444,Clear,0.0,54,1,0,0,0,25
2025-12-10 17:57:50.633444,Clear,0.0,90,0,0,0,0,32
2025-12-10 18:57:50.633444,Cloudy,0.0,77,0,0,0,0,21
2025-12-10 19:57:50.633444,Rain,8.505887497225181,99,1,0,0,0,24
2025-12-10 20:57:50.633444,Cloudy,0.0,95,0,0,0,0,24
2025-12-10 21:57:50.633444,Clear,0.0,73,0,0,0,0,33
2025-12-10 22:57:50.633444,Cloudy,0.0,40,1,0,0,0,27
2025-12-10 23:57:50.633444,Cloudy,0.0,83,0,0,0,1,30
2025-12-11 00:57:50.633444,Cloudy,0.0,60,0,0,0,0,21
2025-12-11 01:57:50.633444,Cloudy,0.0,87,0,0,0,0,37
2025-12-11 02:57:50.633444,Clear,0.0,63,1,0,0,0,17
2025-12-11 03:57:50.633444,Clear,0.0,48,0,0,0,1,29
2025-12-11 04:57:50.633444,Clear,0.0,61,0,0,0,0,20
2025-12-11 05:57:50.633444,Rain,9.889365367123144,86,0,0,0,0,26
2025-12-11 06:57:50.633444,Rain,4.130071746197782,93,1,0,0,0,23
2025-12-11 07:57:50.633444,Clear,0.0,99,1,0,1,0,24
2025-12-11 08:57:50.633444,Rain,6.105182395627981,41,1,0,0,0,36
2025-12-11 09:57:50.633444,Clear,0.0,96,0,0,0,0,26
2025-12-11 10:57:50.633444,Clear,0.0,94,0,0,0,0,34
2025-12-11 11:57:50.633444,Cloudy,0.0,40,0,0,0,0,29
2025-12-11 12:57:50.633444,Cloudy,0.0,46,0,0,0,0,30
2025-12-11 13:57:50.633444,Cloudy,0.0,72,0,0,0,0,34
2025-12-11 14:57:50.633444,Clear,0.0,56,0,0,1,0,20
2025-12-11 15:57:50.633444,Clear,0.0,96,0,0,0,0,27
2025-12-11 16:57:50.633444,Cloudy,0.0,66,0,0,0,0,15
2025-12-11 17:57:50.633444,Rain,7.000745878676459,82,0,0,0,0,28
2025-12-11 18:57:50.633444,Rain,7.234534712349108,83,0,0,0,0,19
2025-12-11 19:57:50.633444,Clear,0.0,58,0,0,0,0,25
2025-12-11 20:57:50.633444,Clear,0.0,57,0,0,0,0,28
2025-12-11 21:57:50.633444,Cloudy,0.0,73,0,0,0,0,27
2025-12-11 22:57:50.633444,Clear,0.0,53,1,0,0,0,23
2025-12-11 23:57:50.633444,Clear,0.0,66,0,0,0,0,31
2025-12-12 00:57:50.633444,Clear,0.0,89,0,0,0,0,34
2025-12-12 01:57:50.633444,Clear,0.0,48,0,0,0,0,34
2025-12-12 02:57:50.633444,Clear,0.0,52,0,0,0,0,26
2025-12-12 03:57:50.633444,Rain,8.797202621569834,82,0,0,0,0,32
2025-12-12 04:57:50.633444,Clear,0.0,92,0,0,0,0,27
2025-12-12 05:57:50.633444,Cloudy,0.0,83,0,0,0,0,21
2025-12-12 06:57:50.633444,Heavy Rain,46.735659183631974,18,0,0,0,0,29
2025-12-12 07:57:50.633444,Cloudy,0.0,68,0,0,1,0,37
2025-12-12 08:57:50.633444,Cloudy,0.0,65,0,0,0,0,26
2025-12-12 09:57:50.633444,Cloudy,0.0,55,0,0,0,0,26
2025-12-12 10:57:50.633444,Clear,0.0,45,0,0,0,0,32
2025-12-12 11:57:50.633444,Clear,0.0,53,1,0,0,0,34
2025-12-12 12:57:50.633444,Cloudy,0.0,59,1,0,0,0,30
2025-12-12 13:57:50.633444,Clear,0.0,79,0,0,0,0,25
2025-12-12 14:57:50.633444,Cloudy,0.0,69,0,0,1,0,31
2025-12-12 15:57:50.633444,Clear,0.0,48,0,0,0,0,17
2025-12-12 16:57:50.633444,Clear,0.0,56,1,0,0,0,29
2025-12-12 17:57:50.633444,Clear,0.0,93,0,0,0,0,29
2025-12-12 18:57:50.633444,Heavy Rain,13.650402624370956,24,0,0,0,0,26
2025-12-12 19:57:50.633444,Cloudy,0.0,72,0,0,0,0,27
2025-12-12 20:57:50.633444,Clear,0.0,74,0,0,0,0,25
2025-12-12 21:57:50.633444,Clear,0.0,52,0,0,0,0,36
2025-12-12 22:57:50.633444,Clear,0.0,93,0,0,0,0,31
2025-12-12 23:57:50.633444,Rain,8.20721207820247,91,0,0,0,0,26
2025-12-13 00:57:50.633444,Cloudy,0.0,77,0,0,0,0,32
2025-12-13 01:57:50.633444,Clear,0.0,78,0,0,0,0,25
2025-12-13 02:57:50.633444,Clear,0.0,97,0,0,0,0,33
2025-12-13 03:57:50.633444,Clear,0.0,52,0,0,0,0,27
2025-12-13 04:57:50.633444,Cloudy,0.0,82,0,0,0,0,20
2025-12-13 05:57:50.633444,Cloudy,0.0,41,0,0,0,0,27
2025-12-13 06:57:50.633444,Cloudy,0.0,56,0,0,0,0,28
2025-12-13 07:57:50.633444,Cloudy,0.0,79,0,0,0,0,21
2025-12-13 08:57:50.633444,Rain,5.1106561162763535,88,1,0,0,0,27
2025-12-13 09:57:50.633444,Clear,0.0,68,0,0,0,0,32
2025-12-13 10:57:50.633444,Clear,0.0,74,0,0,0,0,34
2025-12-13 11:57:50.633444,Clear,0.0,54,0,0,0,0,26
2025-12-13 12:57:50.633444,Rain,6.228874719958709,55,1,0,0,0,27
2025-12-13 13:57:50.633444,Clear,0.0,66,0,0,0,1,24
2025-12-13 14:57:50.633444,Clear,0.0,69,0,0,0,0,25
2025-12-13 15:57:50.633444,Rain,8.579185528499139,50,0,0,0,0,21
2025-12-13 16:57:50.633444,Clear,0.0,63,0,0,0,1,23
2025-12-13 17:57:50.633444,Clear,0.0,91,0,0,0,0,28
2025-12-13 18:57:50.633444,Cloudy,0.0,53,1,0,0,0,23
2025-12-13 19:57:50.633444,Cloudy,0.0,55,0,0,0,0,27
2025-12-13 20:57:50.633444,Clear,0.0,70,0,0,0,0,32
2025-12-13 21:57:50.633444,Rain,8.454848611966426,97,0,0,0,0,29
2025-12-13 22:57:50.633444,Clear,0.0,59,0,0,0,0,25
2025-12-13 23:57:50.633444,Clear,0.0,91,0,0,0,0,32
2025-12-14 00:57:50.633444,Cloudy,0.0,46,0,0,0,0,18
2025-12-14 01:57:50.633444,Heavy Rain,10.558762294765716,21,1,0,0,0,22
2025-12-14 02:57:50.633444,Rain,8.068997345069295,50,0,0,0,0,18
2025-12-14 03:57:50.633444,Clear,0.0,88,0,0,0,0,28
2025-12-14 04:57:50.633444,Clear,0.0,55,0,0,0,0,24
2025-12-14 05:57:50.633444,Clear,0.0,76,0,0,0,0,37
2025-12-14 06:57:50.633444,Cloudy,0.0,45,1,0,0,0,35
2025-12-14 07:57:50.633444,Cloudy,0.0,74,0,0,0,1,28
2025-12-14 08:57:50.633444,Clear,0.0,77,0,0,0,0,19
2025-12-14 09:57:50.633444,Rain,2.263856311602071,66,0,0,0,0,29
2025-12-14 10:57:50.633444,Clear,0.0,82,0,0,0,0,32
2025-12-14 11:57:50.633444,Cloudy,0.0,83,1,0,0,0,29
2025-12-14 12:57:50.633444,Clear,0.0,40,0,0,0,0,27
2025-12-14 13:57:50.633444,Clear,0.0,87,0,0,0,0,19
2025-12-14 14:57:50.633444,Clear,0.0,84,1,0,0,0,30
2025-12-14 15:57:50.633444,Clear,0.0,67,0,0,0,0,28
2025-12-14 16:57:50.633444,Clear,0.0,61,0,0,0,0,31
2025-12-14 17:57:50.633444,Clear,0.0,95,0,0,0,0,26
2025-12-14 18:57:50.633444,Clear,0.0,58,1,0,0,0,36
2025-12-14 19:57:50.633444,Rain,2.8425260633812472,85,0,0,0,0,34
2025-12-14 20:57:50.633444,Clear,0.0,45,0,0,0,0,32
2025-12-14 21:57:50.633444,Clear,0.0,89,0,0,0,0,25
2025-12-14 22:57:50.633444,Clear,0.0,72,0,0,0,0,33
2025-12-14 23:57:50.633444,Clear,0.0,83,0,0,0,0,24
2025-12-15 00:57:50.633444,Cloudy,0.0,73,0,0,0,0,25
2025-12-15 01:57:50.633444,Clear,0.0,41,0,0,0,0,19
2025-12-15 02:57:50.633444,Clear,0.0,86,0,0,0,0,32
2025-12-15 03:57:50.633444,Clear,0.0,67,0,0,0,0,30
2025-12-15 04:57:50.633444,Heavy Rain,49.455841123007914,63,0,0,0,0,27
2025-12-15 05:57:50.633444,Clear,0.0,85,0,0,0,0,28
2025-12-15 06:57:50.633444,Rain,8.759425948347737,86,0,0,0,0,26
2025-12-15 07:57:50.633444,Clear,0.0,97,1,0,1,0,31
2025-12-15 08:57:50.633444,Heavy Rain,20.297023541024398,69,0,0,0,0,21
2025-12-15 09:57:50.633444,Heavy Rain,41.42038713383482,67,0,0,0,0,31
2025-12-15 10:57:50.633444,Clear,0.0,59,0,0,0,0,28
2025-12-15 11:57:50.633444,Clear,0.0,82,0,0,0,0,23
2025-12-15 12:57:50.633444,Clear,0.0,64,0,0,0,0,29
2025-12-15 13:57:50.633444,Clear,0.0,80,1,0,0,0,36
2025-12-15 14:57:50.633444,Clear,0.0,57,0,0,1,0,30
2025-12-15 15:57:50.633444,Cloudy,0.0,85,0,0,0,0,27
2025-12-15 16:57:50.633444,Clear,0.0,66,1,0,0,0,33
2025-12-15 17:57:50.633444,Clear,0.0,43,0,0,0,0,27
2025-12-15 18:57:50.633444,Clear,0.0,81,0,0,0,0,25
2025-12-15 19:57:50.633444,Heavy Rain,25.73722077159136,27,0,0,0,0,30
2025-12-15 20:57:50.633444,Clear,0.0,88,0,0,0,0,36
2025-12-15 21:57:50.633444,Clear,0.0,84,0,0,0,0,27
2025-12-15 22:57:50.633444,Clear,0.0,53,0,0,0,0,28
2025-12-15 23:57:50.633444,Clear,0.0,61,0,0,0,0,23
2025-12-16 00:57:50.633444,Heavy Rain,40.84874699383984,54,0,0,0,0,28
2025-12-16 01:57:50.633444,Clear,0.0,53,0,0,0,0,32
2025-12-16 02:57:50.633444,Heavy Rain,14.493866861927627,16,1,0,0,0,21
2025-12-16 03:57:50.633444,Clear,0.0,55,0,0,0,0,30
2025-12-16 04:57:50.633444,Clear,0.0,50,0,0,0,0,27
2025-12-16 05:57:50.633444,Cloudy,0.0,82,0,0,0,0,36
2025-12-16 06:57:50.633444,Clear,0.0,91,1,0,0,0,18
2025-12-16 07:57:50.633444,Cloudy,0.0,55,0,0,1,0,22
2025-12-16 08:57:50.633444,Clear,0.0,61,0,0,0,0,29
2025-12-16 09:57:50.633444,Cloudy,0.0,66,0,0,0,0,29
2025-12-16 10:57:50.633444,Rain,3.6101864612340835,75,1,0,0,0,27
2025-12-16 11:57:50.633444,Clear,0.0,70,0,0,0,0,36
2025-12-16 12:57:50.633444,Cloudy,0.0,95,0,0,0,0,26
2025-12-16 13:57:50.633444,Cloudy,0.0,40,0,0,0,0,16
2025-12-16 14:57:50.633444,Clear,0.0,66,1,0,1,0,23
2025-12-16 15:57:50.633444,Clear,0.0,75,0,0,0,0,25
2025-12-16 16:57:50.633444,Cloudy,0.0,72,0,0,0,0,32
2025-12-16 17:57:50.633444,Clear,0.0,44,0,0,0,0,37
2025-12-16 18:57:50.633444,Clear,0.0,60,0,0,0,0,31
2025-12-16 19:57:50.633444,Clear,0.0,44,0,0,0,0,25
2025-12-16 20:57:50.633444,Clear,0.0,81,0,0,0,0,26
2025-12-16 21:57:50.633444,Cloudy,0.0,48,1,0,0,0,31
2025-12-16 22:57:50.633444,Clear,0.0,78,1,0,0,0,23
2025-12-16 23:57:50.633444,Clear,0.0,58,0,0,0,0,35
2025-12-17 00:57:50.633444,Clear,0.0,50,0,0,0,0,29
2025-12-17 01:57:50.633444,Clear,0.0,91,0,0,0,0,29
2025-12-17 02:57:50.633444,Clear,0.0,86,0,0,0,0,28
2025-12-17 03:57:50.633444,Clear,0.0,74,0,0,0,0,23
2025-12-17 04:57:50.633444,Cloudy,0.0,42,1,0,0,0,31
2025-12-17 05:57:50.633444,Cloudy,0.0,81,0,0,0,0,31
2025-12-17 06:57:50.633444,Clear,0.0,68,0,0,0,0,33
2025-12-17 07:57:50.633444,Clear,0.0,44,1,0,1,0,21
2025-12-17 08:57:50.633444,Clear,0.0,84,1,0,0,0,25
2025-12-17 09:57:50.633444,Clear,0.0,53,0,0,0,0,30
2025-12-17 10:57:50.633444,Clear,0.0,80,0,0,0,0,23
2025-12-17 11:57:50.633444,Clear,0.0,86,0,0,0,0,33
2025-12-17 12:57:50.633444,Clear,0.0,87,0,0,0,0,27
2025-12-17 13:57:50.633444,Clear,0.0,98,0,0,0,0,25
2025-12-17 14:57:50.633444,Clear,0.0,51,1,0,1,0,26
2025-12-17 15:57:50.633444,Clear,0.0,54,0,0,0,0,29
2025-12-17 16:57:50.633444,Clear,0.0,68,0,0,0,0,23
2025-12-17 17:57:50.633444,Clear,0.0,89,1,0,0,0,32
2025-12-17 18:57:50.633444,Clear,0.0,96,0,0,0,0,25
2025-12-17 19:57:50.633444,Heavy Rain,33.14140446259384,65,0,0,0,0,34
2025-12-17 20:57:50.633444,Clear,0.0,90,1,0,0,0,33
2025-12-17 21:57:50.633444,Clear,0.0,93,0,0,0,0,28
2025-12-17 22:57:50.633444,Cloudy,0.0,96,0,0,0,0,31
2025-12-17 23:57:50.633444,Clear,0.0,50,0,0,0,0,25
2025-12-18 00:57:50.633444,Clear,0.0,40,0,0,0,0,29
2025-12-18 01:57:50.633444,Clear,0.0,92,0,0,0,0,18
2025-12-18 02:57:50.633444,Clear,0.0,87,0,0,0,0,23
2025-12-18 03:57:50.633444,Clear,0.0,44,1,0,0,0,27
2025-12-18 04:57:50.633444,Clear,0.0,79,0,0,0,0,20
2025-12-18 05:57:50.633444,Cloudy,0.0,73,0,0,0,0,25
2025-12-18 06:57:50.633444,Clear,0.0,63,0,0,0,0,30
2025-12-18 07:57:50.633444,Clear,0.0,67,0,0,1,0,25
2025-12-18 08:57:50.633444,Clear,0.0,55,1,0,0,0,27
2025-12-18 09:57:50.633444,Clear,0.0,70,0,0,0,0,33
2025-12-18 10:57:50.633444,Rain,3.7506770111534973,68,0,0,0,0,29
2025-12-18 11:57:50.633444,Clear,0.0,56,0,0,0,0,34
2025-12-18 12:57:50.633444,Rain,2.627946167714234,55,0,0,0,1,36
2025-12-18 13:57:50.633444,Clear,0.0,59,1,0,0,0,28
2025-12-18 14:57:50.633444,Clear,0.0,92,0,0,1,0,26
2025-12-18 15:57:50.633444,Clear,0.0,67,0,0,0,0,23
2025-12-18 16:57:50.633444,Clear,0.0,40,1,0,0,0,32
2025-12-18 17:57:50.633444,Clear,0.0,85,1,0,0,0,27
2025-12-18 18:57:50.633444,Rain,5.241876401846367,97,0,0,0,0,35
2025-12-18 19:57:50.633444,Clear,0.0,62,0,0,0,0,38
2025-12-18 20:57:50.633444,Clear,0.0,66,0,0,0,0,35
2025-12-18 21:57:50.633444,Heavy Rain,20.823258335620814,60,0,0,0,0,27
2025-12-18 22:57:50.633444,Clear,0.0,91,0,0,0,0,19
2025-12-18 23:57:50.633444,Clear,0.0,85,0,0,0,0,28
2025-12-19 00:57:50.633444,Cloudy,0.0,58,0,0,0,0,30
2025-12-19 01:57:50.633444,Clear,0.0,41,0,0,0,0,18
2025-12-19 02:57:50.633444,Cloudy,0.0,82,1,0,0,0,27
2025-12-19 03:57:50.633444,Clear,0.0,44,0,0,0,0,24
2025-12-19 04:57:50.633444,Clear,0.0,95,0,0,0,0,26
2025-12-19 05:57:50.633444,Cloudy,0.0,85,0,0,0,0,21
2025-12-19 06:57:50.633444,Clear,0.0,75,0,0,0,0,27
2025-12-19 07:57:50.633444,Cloudy,0.0,73,0,0,1,0,35
2025-12-19 08:57:50.633444,Clear,0.0,85,0,0,0,0,28
2025-12-19 09:57:50.633444,Clear,0.0,97,0,0,0,0,24
2025-12-19 10:57:50.633444,Cloudy,0.0,65,1,0,0,0,33
2025-12-19 11:57:50.633444,Cloudy,0.0,65,0,0,0,0,35
2025-12-19 12:57:50.633444,Clear,0.0,68,0,0,0,0,27
2025-12-19 13:57:50.633444,Cloudy,0.0,43,0,0,0,0,39
2025-12-19 14:57:50.633444,Heavy Rain,39.43799210662125,65,0,0,1,0,23
2025-12-19 15:57:50.633444,Cloudy,0.0,62,0,0,0,0,33
2025-12-19 16:57:50.633444,Clear,0.0,75,0,0,0,0,30
2025-12-19 17:57:50.633444,Cloudy,0.0,49,0,0,0,0,24
2025-12-19 18:57:50.633444,Clear,0.0,93,0,0,0,0,24
2025-12-19 19:57:50.633444,Cloudy,0.0,65,0,0,0,0,32
2025-12-19 20:57:50.633444,Clear,0.0,95,0,0,0,0,21
2025-12-19 21:57:50.633444,Cloudy,0.0,44,0,0,0,0,35
2025-12-19 22:57:50.633444,Rain,2.533949660207889,85,0,0,0,0,24
2025-12-19 23:57:50.633444,Rain,3.3872333558582337,91,0,0,0,0,22
2025-12-20 00:57:50.633444,Clear,0.0,85,0,0,0,1,24
2025-12-20 01:57:50.633444,Clear,0.0,60,0,0,0,0,22
2025-12-20 02:57:50.633444,Rain,2.6626278890147095,82,0,0,0,0,22
2025-12-20 03:57:50.633444,Clear,0.0,68,0,0,0,0,31
2025-12-20 04:57:50.633444,Clear,0.0,85,0,0,0,0,32
2025-12-20 05:57:50.633444,Cloudy,0.0,64,0,0,0,0,26
2025-12-20 06:57:50.633444,Cloudy,0.0,43,0,0,0,0,31
2025-12-20 07:57:50.633444,Cloudy,0.0,46,0,0,0,0,21
2025-12-20 08:57:50.633444,Clear,0.0,57,0,0,0,0,23
2025-12-20 09:57:50.633444,Clear,0.0,65,1,0,0,0,33
2025-12-20 10:57:50.633444,Cloudy,0.0,72,0,0,0,0,34
2025-12-20 11:57:50.633444,Clear,0.0,54,0,0,0,0,31
2025-12-20 12:57:50.633444,Rain,7.743376390643707,91,1,0,0,0,20
2025-12-20 13:57:50.633444,Clear,0.0,61,1,0,0,0,32
2025-12-20 14:57:50.633444,Cloudy,0.0,53,0,0,0,0,24
2025-12-20 15:57:50.633444,Clear,0.0,99,0,0,0,0,35
2025-12-20 16:57:50.633444,Clear,0.0,41,0,0,0,0,41
2025-12-20 17:57:50.633444,Rain,4.029673229201835,93,0,0,0,0,34
2025-12-20 18:57:50.633444,Clear,0.0,86,0,0,0,0,22
2025-12-20 19:57:50.633444,Clear,0.0,83,0,0,0,0,26
2025-12-20 20:57:50.633444,Clear,0.0,69,0,0,0,0,31
2025-12-20 21:57:50.633444,Cloudy,0.0,47,0,0,0,0,26
2025-12-20 22:57:50.633444,Clear,0.0,43,0,0,0,0,15
2025-12-20 23:57:50.633444,Cloudy,0.0,93,0,0,0,0,36
2025-12-21 00:57:50.633444,Clear,0.0,79,1,0,0,0,30
2025-12-21 01:57:50.633444,Clear,0.0,86,0,0,0,0,28
2025-12-21 02:57:50.633444,Clear,0.0,76,0,0,0,0,25
2025-12-21 03:57:50.633444,Cloudy,0.0,41,0,0,0,0,29
2025-12-21 04:57:50.633444,Rain,5.748808272490647,48,1,0,0,0,28
2025-12-21 05:57:50.633444,Clear,0.0,46,0,0,0,0,28
2025-12-21 06:57:50.633444,Rain,7.155997895296081,82,0,0,0,0,22
2025-12-21 07:57:50.633444,Clear,0.0,65,0,0,0,0,30
2025-12-21 08:57:50.633444,Clear,0.0,90,0,0,0,0,35
2025-12-21 09:57:50.633444,Cloudy,0.0,85,0,0,0,0,24
2025-12-21 10:57:50.633444,Heavy Rain,48.842479716254644,21,0,0,0,0,26
2025-12-21 11:57:50.633444,Rain,8.831022725598052,95,0,0,0,0,32
2025-12-21 12:57:50.633444,Clear,0.0,86,0,0,0,0,20
2025-12-21 13:57:50.633444,Cloudy,0.0,67,1,0,0,0,33
2025-12-21 14:57:50.633444,Rain,4.319568080248107,57,0,0,0,0,29
2025-12-21 15:57:50.633444,Clear,0.0,62,0,0,0,0,31
2025-12-21 16:57:50.633444,Clear,0.0,80,1,0,0,0,25
2025-12-21 17:57:50.633444,Rain,7.047003414567526,40,1,0,0,0,24
2025-12-21 18:57:50.633444,Cloudy,0.0,96,0,0,0,0,28
2025-12-21 19:57:50.633444,Rain,2.2857103049919028,50,0,0,0,0,23
2025-12-21 20:57:50.633444,Clear,0.0,56,0,0,0,0,24
2025-12-21 21:57:50.633444,Clear,0.0,87,1,0,0,0,35
2025-12-21 22:57:50.633444,Cloudy,0.0,97,0,0,0,0,24
2025-12-21 23:57:50.633444,Clear,0.0,44,0,0,0,0,32
2025-12-22 00:57:50.633444,Clear,0.0,57,0,0,0,0,34
2025-12-22 01:57:50.633444,Heavy Rain,39.57805430689628,68,0,0,0,0,25
2025-12-22 02:57:50.633444,Cloudy,0.0,75,1,0,0,0,34
2025-12-22 03:57:50.633444,Clear,0.0,89,0,0,0,0,29
2025-12-22 04:57:50.633444,Clear,0.0,73,0,0,0,0,25
2025-12-22 05:57:50.633444,Clear,0.0,69,1,0,0,0,28
2025-12-22 06:57:50.633444,Clear,0.0,47,0,0,0,0,35
2025-12-22 07:57:50.633444,Clear,0.0,74,0,0,1,0,25
2025-12-22 08:57:50.633444,Rain,3.1136017598286747,94,0,0,0,0,34
2025-12-22 09:57:50.633444,Cloudy,0.0,69,0,0,0,0,24
2025-12-22 10:57:50.633444,Heavy Rain,36.987357525017664,24,0,0,0,0,24
2025-12-22 11:57:50.633444,Clear,0.0,40,0,0,0,0,31
2025-12-22 12:57:50.633444,Clear,0.0,60,0,0,0,0,28
2025-12-22 13:57:50.633444,Clear,0.0,66,0,0,0,1,30
2025-12-22 14:57:50.633444,Clear,0.0,93,0,0,1,0,33
2025-12-22 15:57:50.633444,Cloudy,0.0,59,0,0,0,0,33
2025-12-22 16:57:50.633444,Clear,0.0,82,0,0,0,0,31
2025-12-22 17:57:50.633444,Clear,0.0,76,0,0,0,0,26
2025-12-22 18:57:50.633444,Cloudy,0.0,70,0,0,0,0,21
2025-12-22 19:57:50.633444,Cloudy,0.0,71,0,0,0,0,25
2025-12-22 20:57:50.633444,Cloudy,0.0,45,0,0,0,0,27
2025-12-22 21:57:50.633444,Rain,5.57046145620978,42,0,0,0,0,21
2025-12-22 22:57:50.633444,Cloudy,0.0,71,1,0,0,0,36
2025-12-22 23:57:50.633444,Clear,0.0,40,0,0,0,0,25
2025-12-23 00:57:50.633444,Rain,9.932345060752365,45,0,0,0,0,17
2025-12-23 01:57:50.633444,Clear,0.0,77,1,0,0,0,22
2025-12-23 02:57:50.633444,Cloudy,0.0,72,0,0,0,0,39
2025-12-23 03:57:50.633444,Rain,8.589986934799605,48,0,0,0,0,29
2025-12-23 04:57:50.633444,Clear,0.0,85,0,0,0,0,23
2025-12-23 05:57:50.633444,Clear,0.0,41,0,0,0,0,33
2025-12-23 06:57:50.633444,Clear,0.0,85,1,0,0,0,28
2025-12-23 07:57:50.633444,Rain,8.539740970713886,60,0,0,1,0,33
2025-12-23 08:57:50.633444,Heavy Rain,15.445236321638234,16,0,0,0,0,30
2025-12-23 09:57:50.633444,Clear,0.0,90,0,0,0,0,23
2025-12-23 10:57:50.633444,Cloudy,0.0,49,0,0,0,0,27
2025-12-23 11:57:50.633444,Clear,0.0,51,1,0,0,0,26
2025-12-23 12:57:50.633444,Clear,0.0,89,1,0,0,0,33
2025-12-23 13:57:50.633444,Clear,0.0,50,1,0,0,0,17
2025-12-23 14:57:50.633444,Clear,0.0,67,1,0,1,0,27
2025-12-23 15:57:50.633444,Cloudy,0.0,92,0,0,0,0,28
2025-12-23 16:57:50.633444,Clear,0.0,79,0,0,0,0,27
2025-12-23 17:57:50.633444,Clear,0.0,44,0,0,0,0,22
2025-12-23 18:57:50.633444,Heavy Rain,21.455783571043252,62,0,0,0,0,26
2025-12-23 19:57:50.633444,Clear,0.0,46,1,0,0,0,28
2025-12-23 20:57:50.633444,Clear,0.0,84,0,0,0,0,23
2025-12-23 21:57:50.633444,Clear,0.0,87,0,0,0,0,27
2025-12-23 22:57:50.633444,Clear,0.0,62,1,0,0,0,33
2025-12-23 23:57:50.633444,Clear,0.0,45,0,0,0,0,36
2025-12-24 00:57:50.633444,Clear,0.0,69,0,0,0,0,24
2025-12-24 01:57:50.633444,Cloudy,0.0,46,0,0,0,0,25
2025-12-24 02:57:50.633444,Clear,0.0,89,1,0,0,0,25
2025-12-24 03:57:50.633444,Rain,2.2253879231592038,42,0,0,0,0,36
2025-12-24 04:57:50.633444,Clear,0.0,73,0,0,0,0,33
2025-12-24 05:57:50.633444,Clear,0.0,43,1,0,0,0,26
2025-12-24 06:57:50.633444,Clear,0.0,66,0,0,0,0,30
2025-12-24 07:57:50.633444,Cloudy,0.0,86,0,0,1,0,22
2025-12-24 08:57:50.633444,Rain,6.086849274327037,74,0,0,0,0,30
2025-12-24 09:57:50.633444,Clear,0.0,91,0,0,0,0,27
2025-12-24 10:57:50.633444,Heavy Rain,48.27413799908064,56,0,0,0,0,30
2025-12-24 11:57:50.633444,Cloudy,0.0,55,0,0,0,0,35
2025-12-24 12:57:50.633444,Cloudy,0.0,86,1,0,0,0,29
2025-12-24 13:57:50.633444,Cloudy,0.0,44,0,0,0,0,27
2025-12-24 14:57:50.633444,Rain,8.957240289129853,97,0,0,1,0,26
2025-12-24 15:57:50.633444,Cloudy,0.0,96,0,0,0,0,24
2025-12-24 16:57:50.633444,Clear,0.0,77,0,0,0,0,28
2025-12-24 17:57:50.633444,Clear,0.0,62,1,0,0,0,22
2025-12-24 18:57:50.633444,Clear,0.0,44,0,0,0,0,24
2025-12-24 19:57:50.633444,Clear,0.0,85,1,0,0,0,27
2025-12-24 20:57:50.633444,Clear,0.0,91,0,0,0,0,33
2025-12-24 21:57:50.633444,Clear,0.0,83,1,0,0,0,32
2025-12-24 22:57:50.633444,Clear,0.0,98,0,0,0,0,23
2025-12-24 23:57:50.633444,Clear,0.0,92,0,0,0,0,28
2025-12-25 00:57:50.633444,Clear,0.0,96,0,0,0,0,26
2025-12-25 01:57:50.633444,Clear,0.0,56,0,0,0,0,28
2025-12-25 02:57:50.633444,Clear,0.0,99,0,0,0,0,24
2025-12-25 03:57:50.633444,Heavy Rain,13.687605466391704,33,0,0,0,0,24
2025-12-25 04:57:50.633444,Clear,0.0,63,0,0,0,0,18
2025-12-25 05:57:50.633444,Rain,6.189254145103595,58,0,0,0,0,19
2025-12-25 06:57:50.633444,Clear,0.0,86,0,0,0,0,30
2025-12-25 07:57:50.633444,Rain,5.639392469785804,57,1,0,1,0,32
2025-12-25 08:57:50.633444,Clear,0.0,89,1,0,0,0,22
2025-12-25 09:57:50.633444,Clear,0.0,66,0,0,0,0,32
2025-12-25 10:57:50.633444,Clear,0.0,47,1,0,0,0,35
2025-12-25 11:57:50.633444,Clear,0.0,67,1,0,0,0,25
2025-12-25 12:57:50.633444,Clear,0.0,82,0,0,0,0,25
2025-12-25 13:57:50.633444,Clear,0.0,40,0,0,0,0,33
2025-12-25 14:57:50.633444,Clear,0.0,47,0,0,1,0,28
2025-12-25 15:57:50.633444,Clear,0.0,71,1,0,0,0,23
2025-12-25 16:57:50.633444,Cloudy,0.0,49,1,0,0,0,21
2025-12-25 17:57:50.633444,Rain,5.171393835369414,91,0,0,0,0,31
2025-12-25 18:57:50.633444,Clear,0.0,78,1,0,0,0,28
2025-12-25 19:57:50.633444,Clear,0.0,75,1,0,0,0,25
2025-12-25 20:57:50.633444,Clear,0.0,48,0,0,0,0,29
2025-12-25 21:57:50.633444,Cloudy,0.0,75,1,0,0,0,22
2025-12-25 22:57:50.633444,Rain,7.331077841379747,72,0,0,0,0,32
2025-12-25 23:57:50.633444,Cloudy,0.0,48,0,0,0,0,25
2025-12-26 00:57:50.633444,Clear,0.0,78,0,0,0,0,31
2025-12-26 01:57:50.633444,Clear,0.0,42,0,0,0,0,30
2025-12-26 02:57:50.633444,Rain,7.746490112632872,67,1,0,0,0,28
2025-12-26 03:57:50.633444,Cloudy,0.0,97,0,0,0,0,27
2025-12-26 04:57:50.633444,Clear,0.0,64,0,0,0,0,24
2025-12-26 05:57:50.633444,Cloudy,0.0,74,0,0,0,0,29
2025-12-26 06:57:50.633444,Clear,0.0,45,0,0,0,0,23
2025-12-26 07:57:50.633444,Clear,0.0,49,0,0,1,0,26
2025-12-26 08:57:50.633444,Cloudy,0.0,76,1,0,0,0,23
2025-12-26 09:57:50.633444,Clear,0.0,70,0,0,0,0,24
2025-12-26 10:57:50.633444,Clear,0.0,61,0,0,0,0,32
2025-12-26 11:57:50.633444,Cloudy,0.0,77,0,0,0,0,30
2025-12-26 12:57:50.633444,Clear,0.0,62,1,0,0,0,24
2025-12-26 13:57:50.633444,Clear,0.0,85,0,0,0,0,24
2025-12-26 14:57:50.633444,Clear,0.0,60,0,0,1,0,33
2025-12-26 15:57:50.633444,Cloudy,0.0,96,0,0,0,0,16
2025-12-26 16:57:50.633444,Rain,4.411439672378524,56,0,0,0,0,28
2025-12-26 17:57:50.633444,Clear,0.0,75,0,0,0,0,30
2025-12-26 18:57:50.633444,Clear,0.0,40,0,0,0,0,31
2025-12-26 19:57:50.633444,Clear,0.0,84,0,0,0,0,28
2025-12-26 20:57:50.633444,Cloudy,0.0,46,1,0,0,0,28
2025-12-26 21:57:50.633444,Cloudy,0.0,99,1,0,0,0,30
2025-12-26 22:57:50.633444,Cloudy,0.0,71,0,0,0,0,19
2025-12-26 23:57:50.633444,Cloudy,0.0,96,0,0,0,0,24
2025-12-27 00:57:50.633444,Rain,4.9091434539949415,64,1,0,0,0,27
2025-12-27 01:57:50.633444,Cloudy,0.0,85,1,0,0,0,30
2025-12-27 02:57:50.633444,Clear,0.0,90,1,0,0,0,32
2025-12-27 03:57:50.633444,Clear,0.0,85,0,0,0,0,20
2025-12-27 04:57:50.633444,Clear,0.0,67,0,0,0,0,29
2025-12-27 05:57:50.633444,Cloudy,0.0,87,0,0,0,0,31
2025-12-27 06:57:50.633444,Clear,0.0,88,1,0,0,0,32
2025-12-27 07:57:50.633444,Cloudy,0.0,57,0,0,0,0,23
2025-12-27 08:57:50.633444,Cloudy,0.0,88,1,0,0,0,25
2025-12-27 09:57:50.633444,Cloudy,0.0,93,0,0,0,0,24
2025-12-27 10:57:50.633444,Cloudy,0.0,70,0,0,0,0,27
2025-12-27 11:57:50.633444,Clear,0.0,91,0,0,0,0,33
2025-12-27 12:57:50.633444,Rain,8.767794911119712,40,1,0,0,0,22
2025-12-27 13:57:50.633444,Clear,0.0,47,1,0,0,0,24
2025-12-27 14:57:50.633444,Clear,0.0,46,0,0,0,0,29
2025-12-27 15:57:50.633444,Cloudy,0.0,46,0,0,0,0,31
2025-12-27 16:57:50.633444,Clear,0.0,75,0,0,0,0,37
2025-12-27 17:57:50.633444,Rain,4.4225123107432776,45,0,0,0,0,19
2025-12-27 18:57:50.633444,Cloudy,0.0,95,0,0,0,0,29
2025-12-27 19:57:50.633444,Clear,0.0,60,0,0,0,0,34
2025-12-27 20:57:50.633444,Clear,0.0,49,0,0,0,0,28
2025-12-27 21:57:50.633444,Cloudy,0.0,97,1,0,0,0,31
2025-12-27 22:57:50.633444,Cloudy,0.0,40,0,0,0,0,24
2025-12-27 23:57:50.633444,Rain,2.5536427307369385,76,1,0,0,0,26
2025-12-28 00:57:50.633444,Cloudy,0.0,99,0,0,0,0,25
2025-12-28 01:57:50.633444,Heavy Rain,19.52059399833074,51,1,0,0,0,27
2025-12-28 02:57:50.633444,Heavy Rain,31.138477001087708,15,0,0,0,0,20
2025-12-28 03:57:50.633444,Clear,0.0,62,0,0,0,0,39
2025-12-28 04:57:50.633444,Clear,0.0,55,0,0,0,0,35
2025-12-28 05:57:50.633444,Clear,0.0,83,0,0,0,0,28
2025-12-28 06:57:50.633444,Clear,0.0,42,0,0,0,0,27
2025-12-28 07:57:50.633444,Cloudy,0.0,71,1,0,0,0,24
2025-12-28 08:57:50.633444,Cloudy,0.0,74,0,0,0,0,27
2025-12-28 09:57:50.633444,Clear,0.0,60,1,0,0,0,32
2025-12-28 10:57:50.633444,Cloudy,0.0,45,0,0,0,0,21
2025-12-28 11:57:50.633444,Rain,8.945378209131514,80,0,0,0,0,26
2025-12-28 12:57:50.633444,Clear,0.0,90,0,0,0,0,34
2025-12-28 13:57:50.633444,Clear,0.0,42,0,0,0,0,32
2025-12-28 14:57:50.633444,Clear,0.0,78,0,0,0,0,31
2025-12-28 15:57:50.633444,Rain,6.548317003398079,97,1,0,0,0,21
2025-12-28 16:57:50.633444,Rain,5.699473707530759,43,1,0,0,0,28
2025-12-28 17:57:50.633444,Heavy Rain,44.4269493724758,48,0,0,0,0,27
2025-12-28 18:57:50.633444,Clear,0.0,59,0,0,0,0,31
2025-12-28 19:57:50.633444,Clear,0.0,61,0,0,0,0,28
2025-12-28 20:57:50.633444,Clear,0.0,79,0,0,0,0,27
2025-12-28 21:57:50.633444,Clear,0.0,50,0,0,0,0,24
2025-12-28 22:57:50.633444,Clear,0.0,86,0,0,0,0,21
2025-12-28 23:57:50.633444,Clear,0.0,60,0,0,0,0,27
2025-12-29 00:57:50.633444,Rain,6.486449241174894,95,0,0,0,1,28
2025-12-29 01:57:50.633444,Cloudy,0.0,94,0,0,0,0,26
2025-12-29 02:57:50.633444,Clear,0.0,67,0,0,0,0,25
2025-12-29 03:57:50.633444,Clear,0.0,78,0,0,0,0,21
2025-12-29 04:57:50.633444,Clear,0.0,71,0,0,0,0,21
2025-12-29 05:57:50.633444,Rain,4.448637624148252,69,0,0,0,0,32
2025-12-29 06:57:50.633444,Rain,2.4683861817359647,83,0,0,0,0,28
2025-12-29 07:57:50.633444,Clear,0.0,69,0,0,1,0,22
2025-12-29 08:57:50.633444,Clear,0.0,49,0,0,0,0,26
2025-12-29 09:57:50.633444,Clear,0.0,82,0,0,0,0,27
2025-12-29 10:57:50.633444,Clear,0.0,78,0,0,0,0,20
2025-12-29 11:57:50.633444,Clear,0.0,44,0,0,0,0,28
2025-12-29 12:57:50.633444,Cloudy,0.0,90,0,0,0,0,27
2025-12-29 13:57:50.633444,Clear,0.0,64,0,0,0,0,40
2025-12-29 14:57:50.633444,Cloudy,0.0,46,0,0,1,0,26
2025-12-29 15:57:50.633444,Clear,0.0,95,0,0,0,0,21
2025-12-29 16:57:50.633444,Clear,0.0,95,0,0,0,0,23
2025-12-29 17:57:50.633444,Cloudy,0.0,67,0,0,0,0,26
2025-12-29 18:57:50.633444,Clear,0.0,52,1,0,0,0,30
2025-12-29 19:57:50.633444,Cloudy,0.0,67,1,0,0,0,27
2025-12-29 20:57:50.633444,Rain,3.5522176078260195,60,0,0,0,0,25
2025-12-29 21:57:50.633444,Clear,0.0,76,0,0,0,0,29
2025-12-29 22:57:50.633444,Rain,5.385471934783664,66,0,0,0,0,31
2025-12-29 23:57:50.633444,Clear,0.0,86,0,0,0,0,33
2025-12-30 00:57:50.633444,Rain,2.3147450528925093,40,0,0,0,0,27
2025-12-30 01:57:50.633444,Clear,0.0,87,1,0,0,0,25
2025-12-30 02:57:50.633444,Clear,0.0,48,1,0,0,0,30
2025-12-30 03:57:50.633444,Clear,0.0,88,0,0,0,0,30
2025-12-30 04:57:50.633444,Clear,0.0,41,0,0,0,0,30
2025-12-30 05:57:50.633444,Heavy Rain,12.105417309849074,55,0,0,0,0,29
2025-12-30 06:57:50.633444,Cloudy,0.0,76,0,0,0,0,24
2025-12-30 07:57:50.633444,Clear,0.0,86,0,0,1,0,25
2025-12-30 08:57:50.633444,Clear,0.0,93,0,0,0,0,32
2025-12-30 09:57:50.633444,Heavy Rain,47.164388176019436,32,0,0,0,0,23
2025-12-30 10:57:50.633444,Clear,0.0,56,1,0,0,0,33
2025-12-30 11:57:50.633444,Clear,0.0,51,0,0,0,0,25
2025-12-30 12:57:50.633444,Cloudy,0.0,44,0,0,0,0,26
2025-12-30 13:57:50.633444,Cloudy,0.0,93,0,0,0,0,28
2025-12-30 14:57:50.633444,Cloudy,0.0,57,1,0,1,0,31
2025-12-30 15:57:50.633444,Clear,0.0,53,0,0,0,0,24
2025-12-30 16:57:50.633444,Clear,0.0,40,0,0,0,0,30
2025-12-30 17:57:50.633444,Cloudy,0.0,43,0,0,0,1,31
2025-12-30 18:57:50.633444,Clear,0.0,67,0,0,0,0,31
2025-12-30 19:57:50.633444,Cloudy,0.0,86,0,0,0,0,26
2025-12-30 20:57:50.633444,Clear,0.0,44,0,0,0,0,24
2025-12-30 21:57:50.633444,Clear,0.0,98,1,0,0,0,26
2025-12-30 22:57:50.633444,Clear,0.0,52,0,0,0,0,33
2025-12-30 23:57:50.633444,Clear,0.0,46,0,0,0,0,34
2025-12-31 00:57:50.633444,Cloudy,0.0,97,0,0,0,0,26
2025-12-31 01:57:50.633444,Rain,8.979253156404406,58,0,0,0,0,24
2025-12-31 02:57:50.633444,Clear,0.0,77,0,0,0,0,25
2025-12-31 03:57:50.633444,Clear,0.0,78,0,0,0,0,30
2025-12-31 04:57:50.633444,Clear,0.0,44,1,0,0,0,29
2025-12-31 05:57:50.633444,Clear,0.0,43,1,0,0,0,31
2025-12-31 06:57:50.633444,Clear,0.0,40,0,0,0,0,29
2025-12-31 07:57:50.633444,Cloudy,0.0,86,0,0,1,0,28
2025-12-31 08:57:50.633444,Cloudy,0.0,96,0,0,0,0,33
2025-12-31 09:57:50.633444,Heavy Rain,17.63182800958864,31,0,0,0,0,24
2025-12-31 10:57:50.633444,Clear,0.0,85,0,0,0,0,22
2025-12-31 11:57:50.633444,Cloudy,0.0,58,1,0,0,0,25
2025-12-31 12:57:50.633444,Clear,0.0,57,0,0,0,0,30
2025-12-31 13:57:50.633444,Clear,0.0,88,0,0,0,0,39
2025-12-31 14:57:50.633444,Clear,0.0,79,0,0,1,0,24
2025-12-31 15:57:50.633444,Clear,0.0,71,0,0,0,0,27
2025-12-31 16:57:50.633444,Cloudy,0.0,63,0,0,0,0,26
2025-12-31 17:57:50.633444,Clear,0.0,92,0,0,0,0,29
2025-12-31 18:57:50.633444,Clear,0.0,76,0,0,0,0,28
2025-12-31 19:57:50.633444,Clear,0.0,88,0,0,0,0,23
2025-12-31 20:57:50.633444,Heavy Rain,19.581633147983442,36,0,0,0,0,30
2025-12-31 21:57:50.633444,Clear,0.0,65,0,0,0,0,26
2025-12-31 22:57:50.633444,Clear,0.0,89,0,0,0,0,29
2025-12-31 23:57:50.633444,Clear,0.0,93,0,0,0,0,29
2026-01-01 00:57:50.633444,Cloudy,0.0,74,0,0,0,0,28
2026-01-01 01:57:50.633444,Clear,0.0,51,1,0,0,0,16
2026-01-01 02:57:50.633444,Clear,0.0,87,0,0,0,0,32
2026-01-01 03:57:50.633444,Rain,8.1571300328253,76,0,0,0,0,24
2026-01-01 04:57:50.633444,Clear,0.0,67,0,0,0,0,22
2026-01-01 05:57:50.633444,Clear,0.0,98,0,0,0,0,27
2026-01-01 06:57:50.633444,Clear,0.0,65,0,0,0,0,24
2026-01-01 07:57:50.633444,Cloudy,0.0,59,0,0,1,0,29
2026-01-01 08:57:50.633444,Clear,0.0,40,1,0,0,0,26
2026-01-01 09:57:50.633444,Cloudy,0.0,69,0,0,0,0,33
2026-01-01 10:57:50.633444,Clear,0.0,63,0,0,0,0,30
2026-01-01 11:57:50.633444,Rain,4.577526934748797,96,0,0,0,0,32
2026-01-01 12:57:50.633444,Clear,0.0,97,1,0,0,0,32
2026-01-01 13:57:50.633444,Clear,0.0,97,1,0,0,0,36
2026-01-01 14:57:50.633444,Heavy Rain,33.22113212018233,58,0,0,1,0,28
2026-01-01 15:57:50.633444,Rain,4.626543902050092,62,0,0,0,0,28
2026-01-01 16:57:50.633444,Clear,0.0,61,1,0,0,0,28
2026-01-01 17:57:50.633444,Clear,0.0,41,0,0,0,0,28
2026-01-01 18:57:50.633444,Rain,5.014114286518001,62,1,0,0,0,22
2026-01-01 19:57:50.633444,Clear,0.0,71,1,0,0,0,38
2026-01-01 20:57:50.633444,Clear,0.0,95,0,0,0,0,27
2026-01-01 21:57:50.633444,Clear,0.0,73,1,0,0,0,25
2026-01-01 22:57:50.633444,Cloudy,0.0,87,0,0,0,0,13
2026-01-01 23:57:50.633444,Cloudy,0.0,46,1,0,0,0,31
2026-01-02 00:57:50.633444,Clear,0.0,97,0,0,0,0,34
2026-01-02 01:57:50.633444,Clear,0.0,79,0,0,0,0,26
2026-01-02 02:57:50.633444,Clear,0.0,95,0,0,0,0,29
2026-01-02 03:57:50.633444,Clear,0.0,77,1,0,0,0,28
2026-01-02 04:57:50.633444,Rain,8.8042008815612,95,0,0,0,0,32
2026-01-02 05:57:50.633444,Clear,0.0,59,0,0,0,0,21
2026-01-02 06:57:50.633444,Clear,0.0,67,0,0,0,0,29
2026-01-02 07:57:50.633444,Cloudy,0.0,67,0,0,1,0,28
2026-01-02 08:57:50.633444,Clear,0.0,43,0,0,0,0,26
2026-01-02 09:57:50.633444,Clear,0.0,71,0,0,0,0,31
2026-01-02 10:57:50.633444,Clear,0.0,57,0,0,0,0,18
2026-01-02 11:57:50.633444,Cloudy,0.0,70,0,0,0,0,31
2026-01-02 12:57:50.633444,Clear,0.0,95,0,0,0,0,28
2026-01-02 13:57:50.633444,Clear,0.0,47,0,0,0,0,27
2026-01-02 14:57:50.633444,Cloudy,0.0,54,0,0,1,0,27
2026-01-02 15:57:50.633444,Cloudy,0.0,86,1,0,0,0,30
2026-01-02 16:57:50.633444,Clear,0.0,62,1,0,0,0,29
2026-01-02 17:57:50.633444,Cloudy,0.0,72,0,0,0,0,21
2026-01-02 18:57:50.633444,Clear,0.0,46,0,0,0,0,33
2026-01-02 19:57:50.633444,Cloudy,0.0,95,0,0,0,0,33
2026-01-02 20:57:50.633444,Rain,2.5190844591755805,79,0,0,0,0,23
2026-01-02 21:57:50.633444,Clear,0.0,85,0,0,0,0,33
2026-01-02 22:57:50.633444,Rain,2.5674869964431917,84,0,0,0,0,28
2026-01-02 23:57:50.633444,Cloudy,0.0,98,1,0,0,0,29
2026-01-03 00:57:50.633444,Clear,0.0,58,0,0,0,0,28
2026-01-03 01:57:50.633444,Clear,0.0,73,0,0,0,0,26
2026-01-03 02:57:50.633444,Cloudy,0.0,73,0,0,0,0,32
2026-01-03 03:57:50.633444,Cloudy,0.0,86,0,0,0,0,20
2026-01-03 04:57:50.633444,Heavy Rain,11.59578620044476,11,0,0,0,0,29
2026-01-03 05:57:50.633444,Cloudy,0.0,40,0,0,0,0,19
2026-01-03 06:57:50.633444,Clear,0.0,49,0,0,0,0,28
2026-01-03 07:57:50.633444,Heavy Rain,21.9230466181282,14,0,0,0,0,22
2026-01-03 08:57:50.633444,Clear,0.0,86,0,0,0,0,24
2026-01-03 09:57:50.633444,Clear,0.0,95,0,0,0,0,31
2026-01-03 10:57:50.633444,Clear,0.0,60,0,0,0,0,33
2026-01-03 11:57:50.633444,Cloudy,0.0,82,0,0,0,0,33
2026-01-03 12:57:50.633444,Clear,0.0,53,0,0,0,0,29
2026-01-03 13:57:50.633444,Clear,0.0,46,0,0,0,0,25
2026-01-03 14:57:50.633444,Cloudy,0.0,53,0,0,0,0,20
2026-01-03 15:57:50.633444,Clear,0.0,47,0,0,0,0,32
2026-01-03 16:57:50.633444,Clear,0.0,58,1,0,0,0,25
2026-01-03 17:57:50.633444,Cloudy,0.0,83,0,0,0,0,25
2026-01-03 18:57:50.633444,Clear,0.0,98,0,0,0,0,24
2026-01-03 19:57:50.633444,Clear,0.0,89,0,0,0,0,28
2026-01-03 20:57:50.633444,Rain,8.275624571736337,78,0,0,0,0,34
2026-01-03 21:57:50.633444,Cloudy,0.0,51,0,0,0,0,30
2026-01-03 22:57:50.633444,Clear,0.0,80,0,0,0,0,22
2026-01-03 23:57:50.633444,Clear,0.0,90,0,0,0,0,30
2026-01-04 00:57:50.633444,Clear,0.0,46,0,0,0,0,21
2026-01-04 01:57:50.633444,Clear,0.0,62,0,0,0,0,27
2026-01-04 02:57:50.633444,Rain,4.034420470196945,65,0,0,0,0,23
2026-01-04 03:57:50.633444,Clear,0.0,78,1,0,0,0,25
2026-01-04 04:57:50.633444,Cloudy,0.0,51,0,0,0,0,21
2026-01-04 05:57:50.633444,Clear,0.0,60,0,0,0,0,21
2026-01-04 06:57:50.633444,Clear,0.0,84,0,0,0,0,29
2026-01-04 07:57:50.633444,Heavy Rain,20.849069357069077,31,1,0,0,0,32
2026-01-04 08:57:50.633444,Clear,0.0,65,0,0,0,0,37
2026-01-04 09:57:50.633444,Rain,9.970479911911461,52,0,0,0,0,26
2026-01-04 10:57:50.633444,Clear,0.0,61,0,0,0,0,24
2026-01-04 11:57:50.633444,Rain,6.991302839223898,62,1,0,0,0,29
2026-01-04 12:57:50.633444,Clear,0.0,48,1,0,0,1,26
2026-01-04 13:57:50.633444,Clear,0.0,84,0,0,0,1,31
2026-01-04 14:57:50.633444,Clear,0.0,45,0,0,0,0,31
2026-01-04 15:57:50.633444,Cloudy,0.0,54,0,0,0,0,21
2026-01-04 16:57:50.633444,Clear,0.0,62,0,0,0,0,34
2026-01-04 17:57:50.633444,Heavy Rain,35.194349260248394,27,1,0,0,0,24
2026-01-04 18:57:50.633444,Rain,3.1083634615946005,63,0,0,0,0,24
2026-01-04 19:57:50.633444,Clear,0.0,88,0,0,0,0,24
2026-01-04 20:57:50.633444,Clear,0.0,57,0,0,0,0,29
2026-01-04 21:57:50.633444,Clear,0.0,79,0,0,0,1,34
2026-01-04 22:57:50.633444,Cloudy,0.0,48,0,0,0,0,29
2026-01-04 23:57:50.633444,Rain,4.043039686361306,67,0,0,0,0,33
2026-01-05 00:57:50.633444,Clear,0.0,41,1,0,0,0,19
2026-01-05 01:57:50.633444,Clear,0.0,57,0,0,0,0,28
2026-01-05 02:57:50.633444,Clear,0.0,86,0,0,0,0,31
2026-01-05 03:57:50.633444,Cloudy,0.0,48,0,0,0,0,32
2026-01-05 04:57:50.633444,Clear,0.0,51,0,0,0,0,22
2026-01-05 05:57:50.633444,Clear,0.0,44,0,0,0,0,29
2026-01-05 06:57:50.633444,Cloudy,0.0,76,1,0,0,0,18
2026-01-05 07:57:50.633444,Clear,0.0,74,0,0,1,1,42
2026-01-05 08:57:50.633444,Cloudy,0.0,53,0,0,0,0,32
2026-01-05 09:57:50.633444,Clear,0.0,71,1,0,0,0,28
2026-01-05 10:57:50.633444,Clear,0.0,52,1,0,0,0,34
2026-01-05 11:57:50.633444,Clear,0.0,41,0,0,0,0,33
2026-01-05 12:57:50.633444,Clear,0.0,75,0,0,0,0,27
2026-01-05 13:57:50.633444,Cloudy,0.0,62,0,0,0,0,28
2026-01-05 14:57:50.633444,Clear,0.0,79,0,0,1,0,27
2026-01-05 15:57:50.633444,Cloudy,0.0,72,0,0,0,0,23
2026-01-05 16:57:50.633444,Heavy Rain,46.71992954150688,56,0,0,0,0,27
2026-01-05 17:57:50.633444,Clear,0.0,78,1,0,0,0,24
2026-01-05 18:57:50.633444,Rain,5.340039620287272,63,0,0,0,0,25
2026-01-05 19:57:50.633444,Clear,0.0,91,0,0,0,0,39
2026-01-05 20:57:50.633444,Rain,6.3081544885470135,94,0,0,0,0,28
2026-01-05 21:57:50.633444,Cloudy,0.0,78,0,0,0,0,30
2026-01-05 22:57:50.633444,Clear,0.0,40,0,0,0,0,31
2026-01-05 23:57:50.633444,Clear,0.0,53,0,0,0,0,35
2026-01-06 00:57:50.633444,Clear,0.0,77,0,0,0,0,34
2026-01-06 01:57:50.633444,Clear,0.0,97,0,0,0,0,36
2026-01-06 02:57:50.633444,Cloudy,0.0,89,0,0,0,0,17
2026-01-06 03:57:50.633444,Clear,0.0,69,0,0,0,0,33
2026-01-06 04:57:50.633444,Clear,0.0,82,0,0,0,0,21
2026-01-06 05:57:50.633444,Clear,0.0,53,1,0,0,0,17
2026-01-06 06:57:50.633444,Clear,0.0,49,0,0,0,0,21
2026-01-06 07:57:50.633444,Cloudy,0.0,79,0,0,1,0,31
2026-01-06 08:57:50.633444,Clear,0.0,94,0,0,0,0,34
2026-01-06 09:57:50.633444,Clear,0.0,93,0,0,0,0,28
2026-01-06 10:57:50.633444,Rain,5.502210351640038,88,1,0,0,0,25
2026-01-06 11:57:50.633444,Clear,0.0,97,0,0,0,0,26
2026-01-06 12:57:50.633444,Clear,0.0,88,0,0,0,0,25
2026-01-06 13:57:50.633444,Clear,0.0,82,0,0,0,1,26
2026-01-06 14:57:50.633444,Clear,0.0,43,0,0,1,0,23
2026-01-06 15:57:50.633444,Cloudy,0.0,95,1,0,0,0,24
2026-01-06 16:57:50.633444,Clear,0.0,65,0,0,0,0,27
2026-01-06 17:57:50.633444,Cloudy,0.0,91,0,0,0,0,28
2026-01-06 18:57:50.633444,Clear,0.0,64,0,0,0,0,29
2026-01-06 19:57:50.633444,Clear,0.0,86,0,0,0,0,17
2026-01-06 20:57:50.633444,Clear,0.0,79,0,0,0,0,22
2026-01-06 21:57:50.633444,Clear,0.0,41,0,0,0,0,24
2026-01-06 22:57:50.633444,Rain,3.558817724133643,69,1,0,0,0,30
2026-01-06 23:57:50.633444,Clear,0.0,50,1,0,0,0,32
2026-01-07 00:57:50.633444,Clear,0.0,43,0,0,0,0,39
2026-01-07 01:57:50.633444,Clear,0.0,48,0,0,0,0,30
2026-01-07 02:57:50.633444,Clear,0.0,69,1,0,0,0,26
2026-01-07 03:57:50.633444,Rain,9.504074989912041,56,0,0,0,0,17
2026-01-07 04:57:50.633444,Clear,0.0,64,1,0,0,0,22
2026-01-07 05:57:50.633444,Clear,0.0,92,0,0,0,0,30
2026-01-07 06:57:50.633444,Cloudy,0.0,72,0,0,0,0,42
2026-01-07 07:57:50.633444,Clear,0.0,85,1,0,1,0,27
2026-01-07 08:57:50.633444,Clear,0.0,62,0,0,0,0,23
2026-01-07 09:57:50.633444,Rain,4.716834273737208,89,1,0,0,0,28
2026-01-07 10:57:50.633444,Cloudy,0.0,94,1,0,0,0,27
2026-01-07 11:57:50.633444,Cloudy,0.0,86,0,0,0,1,19
2026-01-07 12:57:50.633444,Clear,0.0,48,0,0,0,0,28
2026-01-07 13:57:50.633444,Cloudy,0.0,60,0,0,0,0,21
2026-01-07 14:57:50.633444,Cloudy,0.0,45,0,0,1,0,33
2026-01-07 15:57:50.633444,Clear,0.0,83,0,0,0,0,24
2026-01-07 16:57:50.633444,Cloudy,0.0,83,0,0,0,0,17
2026-01-07 17:57:50.633444,Cloudy,0.0,54,0,0,0,0,26
2026-01-07 18:57:50.633444,Cloudy,0.0,74,0,0,0,0,25
2026-01-07 19:57:50.633444,Clear,0.0,75,0,0,0,0,30
2026-01-07 20:57:50.633444,Cloudy,0.0,63,1,0,0,0,34
2026-01-07 21:57:50.633444,Clear,0.0,64,0,0,0,1,21
2026-01-07 22:57:50.633444,Cloudy,0.0,53,1,0,0,0,29
2026-01-07 23:57:50.633444,Rain,6.916199547304756,93,1,0,0,0,30
2026-01-08 00:57:50.633444,Heavy Rain,21.237088088088512,68,0,0,0,0,20
2026-01-08 01:57:50.633444,Rain,8.958438432497847,89,0,0,0,0,32
2026-01-08 02:57:50.633444,Rain,3.749338415537414,43,0,0,0,0,23
2026-01-08 03:57:50.633444,Cloudy,0.0,59,0,0,0,0,26
2026-01-08 04:57:50.633444,Clear,0.0,53,0,0,0,0,22
2026-01-08 05:57:50.633444,Clear,0.0,62,0,0,0,0,33
2026-01-08 06:57:50.633444,Clear,0.0,53,1,0,0,0,29
2026-01-08 07:57:50.633444,Rain,2.856996186063016,96,0,0,1,0,27
2026-01-08 08:57:50.633444,Clear,0.0,55,0,0,0,0,39
2026-01-08 09:57:50.633444,Cloudy,0.0,75,0,0,0,0,20
2026-01-08 10:57:50.633444,Clear,0.0,97,0,0,0,0,32
2026-01-08 11:57:50.633444,Cloudy,0.0,49,0,0,0,0,27
2026-01-08 12:57:50.633444,Clear,0.0,90,1,0,0,0,33
2026-01-08 13:57:50.633444,Rain,8.171476370569039,51,0,0,0,0,48
2026-01-08 14:57:50.633444,Clear,0.0,86,0,0,1,0,27
2026-01-08 15:57:50.633444,Clear,0.0,73,0,0,0,0,25
2026-01-08 16:57:50.633444,Heavy Rain,28.18589899900138,38,0,0,0,0,34
2026-01-08 17:57:50.633444,Clear,0.0,98,0,0,0,0,29
2026-01-08 18:57:50.633444,Clear,0.0,86,0,0,0,0,40
2026-01-08 19:57:50.633444,Clear,0.0,75,0,0,0,0,36
2026-01-08 20:57:50.633444,Clear,0.0,48,0,0,0,0,22
2026-01-08 21:57:50.633444,Cloudy,0.0,60,0,0,0,0,29
2026-01-08 22:57:50.633444,Clear,0.0,44,1,0,0,0,30
2026-01-08 23:57:50.633444,Rain,2.7381087848145835,55,0,0,0,0,23
2026-01-09 00:57:50.633444,Rain,8.647202449850333,78,0,0,0,0,29
2026-01-09 01:57:50.633444,Clear,0.0,76,0,0,0,0,27
2026-01-09 02:57:50.633444,Cloudy,0.0,51,1,0,0,0,27
2026-01-09 03:57:50.633444,Clear,0.0,77,0,0,0,0,33
2026-01-09 04:57:50.633444,Cloudy,0.0,53,1,0,0,0,24
2026-01-09 05:57:50.633444,Cloudy,0.0,50,0,0,0,1,28
2026-01-09 06:57:50.633444,Cloudy,0.0,64,0,0,0,0,18
2026-01-09 07:57:50.633444,Clear,0.0,91,0,0,1,0,27
2026-01-09 08:57:50.633444,Clear,0.0,67,0,0,0,0,27
2026-01-09 09:57:50.633444,Cloudy,0.0,79,0,0,0,0,33
2026-01-09 10:57:50.633444,Heavy Rain,49.97756215418721,33,0,0,0,0,18
2026-01-09 11:57:50.633444,Clear,0.0,66,0,0,0,0,29
2026-01-09 12:57:50.633444,Clear,0.0,47,0,0,0,0,27
2026-01-09 13:57:50.633444,Clear,0.0,89,0,0,0,0,29
2026-01-09 14:57:50.633444,Clear,0.0,88,0,0,1,0,27
2026-01-09 15:57:50.633444,Heavy Rain,46.84273037028308,16,0,0,0,0,31
2026-01-09 16:57:50.633444,Rain,5.908753906445583,74,0,0,0,0,36
2026-01-09 17:57:50.633444,Heavy Rain,22.999842331891447,30,0,0,0,0,41
2026-01-09 18:57:50.633444,Clear,0.0,41,0,0,0,0,24
2026-01-09 19:57:50.633444,Heavy Rain,11.220338505355576,63,0,0,0,0,25
2026-01-09 20:57:50.633444,Clear,0.0,72,0,0,0,0,29
2026-01-09 21:57:50.633444,Clear,0.0,82,0,0,0,0,22
2026-01-09 22:57:50.633444,Clear,0.0,50,0,0,0,0,26
2026-01-09 23:57:50.633444,Clear,0.0,95,0,0,0,0,27
2026-01-10 00:57:50.633444,Clear,0.0,56,0,0,0,0,23
2026-01-10 01:57:50.633444,Clear,0.0,46,0,0,0,0,33
2026-01-10 02:57:50.633444,Clear,0.0,50,1,0,0,0,23
2026-01-10 03:57:50.633444,Clear,0.0,85,0,0,0,0,23
2026-01-10 04:57:50.633444,Clear,0.0,73,0,0,0,1,24
2026-01-10 05:57:50.633444,Heavy Rain,23.34577426433679,18,0,0,0,0,28
2026-01-10 06:57:50.633444,Clear,0.0,79,0,0,0,0,26
2026-01-10 07:57:50.633444,Cloudy,0.0,44,1,0,0,0,36
2026-01-10 08:57:50.633444,Cloudy,0.0,57,0,0,0,0,30
2026-01-10 09:57:50.633444,Clear,0.0,79,0,0,0,0,32
2026-01-10 10:57:50.633444,Cloudy,0.0,60,0,0,0,0,24
2026-01-10 11:57:50.633444,Cloudy,0.0,96,0,0,0,0,25
2026-01-10 12:57:50.633444,Clear,0.0,47,0,0,0,0,32
2026-01-10 13:57:50.633444,Cloudy,0.0,72,0,0,0,0,32
2026-01-10 14:57:50.633444,Clear,0.0,57,0,0,0,0,26
2026-01-10 15:57:50.633444,Cloudy,0.0,40,0,0,0,0,29
2026-01-10 16:57:50.633444,Clear,0.0,97,0,0,0,0,28
2026-01-10 17:57:50.633444,Cloudy,0.0,69,0,0,0,0,30
2026-01-10 18:57:50.633444,Clear,0.0,69,1,0,0,0,32
2026-01-10 19:57:50.633444,Clear,0.0,89,0,0,0,0,34
2026-01-10 20:57:50.633444,Rain,5.837663544584836,66,0,0,0,0,27
2026-01-10 21:57:50.633444,Clear,0.0,67,0,0,0,0,33
2026-01-10 22:57:50.633444,Clear,0.0,58,0,0,0,0,29
2026-01-10 23:57:50.633444,Clear,0.0,88,1,0,0,0,35
2026-01-11 00:57:50.633444,Clear,0.0,93,1,0,0,0,20
2026-01-11 01:57:50.633444,Clear,0.0,99,0,0,0,0,15
2026-01-11 02:57:50.633444,Clear,0.0,74,0,0,0,0,29
2026-01-11 03:57:50.633444,Clear,0.0,53,1,0,0,0,25
2026-01-11 04:57:50.633444,Clear,0.0,90,0,0,0,0,37
2026-01-11 05:57:50.633444,Clear,0.0,45,0,0,0,0,22
2026-01-11 06:57:50.633444,Clear,0.0,91,0,0,0,0,31
2026-01-11 07:57:50.633444,Rain,8.212408482546685,67,0,0,0,0,30
2026-01-11 08:57:50.633444,Clear,0.0,63,0,0,0,0,27
2026-01-11 09:57:50.633444,Heavy Rain,24.838052464630316,64,0,0,0,0,27
2026-01-11 10:57:50.633444,Cloudy,0.0,67,0,0,0,0,19
2026-01-11 11:57:50.633444,Clear,0.0,55,0,0,0,0,25
2026-01-11 12:57:50.633444,Cloudy,0.0,71,0,0,0,0,27
2026-01-11 13:57:50.633444,Clear,0.0,60,1,0,0,0,27
2026-01-11 14:57:50.633444,Clear,0.0,77,1,0,0,0,31
2026-01-11 15:57:50.633444,Clear,0.0,76,0,0,0,0,29
2026-01-11 16:57:50.633444,Cloudy,0.0,67,0,0,0,0,29
2026-01-11 17:57:50.633444,Clear,0.0,53,0,0,0,0,26
2026-01-11 18:57:50.633444,Rain,2.3796961526228477,85,0,0,0,0,23
2026-01-11 19:57:50.633444,Clear,0.0,62,0,0,0,0,20
2026-01-11 20:57:50.633444,Rain,7.560449936508019,63,1,0,0,0,30
2026-01-11 21:57:50.633444,Rain,3.8837933415662036,97,1,0,0,0,35
2026-01-11 22:57:50.633444,Heavy Rain,17.782217760823734,41,0,0,0,0,26
2026-01-11 23:57:50.633444,Clear,0.0,65,0,0,0,0,37
2026-01-12 00:57:50.633444,Clear,0.0,56,1,0,0,0,23
2026-01-12 01:57:50.633444,Clear,0.0,97,0,0,0,0,31
2026-01-12 02:57:50.633444,Clear,0.0,89,0,0,0,0,35
2026-01-12 03:57:50.633444,Rain,8.936914231624055,55,0,0,0,0,34
2026-01-12 04:57:50.633444,Clear,0.0,44,0,0,0,0,30
2026-01-12 05:57:50.633444,Clear,0.0,94,1,0,0,0,22
2026-01-12 06:57:50.633444,Cloudy,0.0,69,0,0,0,0,24
2026-01-12 07:57:50.633444,Clear,0.0,79,1,0,1,0,30
2026-01-12 08:57:50.633444,Clear,0.0,40,0,0,0,0,28
2026-01-12 09:57:50.633444,Clear,0.0,88,0,0,0,0,19
2026-01-12 10:57:50.633444,Cloudy,0.0,86,0,0,0,0,23
2026-01-12 11:57:50.633444,Clear,0.0,98,0,0,0,0,29
2026-01-12 12:57:50.633444,Clear,0.0,72,0,0,0,0,18
2026-01-12 13:57:50.633444,Heavy Rain,29.86636408763111,61,0,0,0,0,26
2026-01-12 14:57:50.633444,Cloudy,0.0,75,1,0,1,0,22
2026-01-12 15:57:50.633444,Rain,8.296889453153522,52,0,0,0,0,30
2026-01-12 16:57:50.633444,Cloudy,0.0,99,1,0,0,0,27
2026-01-12 17:57:50.633444,Cloudy,0.0,96,0,0,0,0,33
2026-01-12 18:57:50.633444,Clear,0.0,46,1,0,0,0,19
2026-01-12 19:57:50.633444,Rain,3.8080711555005315,62,0,0,0,0,31
2026-01-12 20:57:50.633444,Clear,0.0,69,1,0,0,0,32
2026-01-12 21:57:50.633444,Clear,0.0,79,0,0,0,0,33
2026-01-12 22:57:50.633444,Rain,9.289965336515877,94,0,0,0,0,27
2026-01-12 23:57:50.633444,Cloudy,0.0,57,0,0,0,0,31
2026-01-13 00:57:50.633444,Clear,0.0,55,0,0,0,0,30
2026-01-13 01:57:50.633444,Clear,0.0,70,0,0,0,0,27
2026-01-13 02:57:50.633444,Cloudy,0.0,85,0,0,0,0,32
2026-01-13 03:57:50.633444,Clear,0.0,77,0,0,0,0,24
2026-01-13 04:57:50.633444,Clear,0.0,41,0,0,0,0,33
2026-01-13 05:57:50.633444,Clear,0.0,65,0,0,0,0,32
2026-01-13 06:57:50.633444,Clear,0.0,84,0,0,0,0,22
2026-01-13 07:57:50.633444,Clear,0.0,59,0,0,1,0,30
2026-01-13 08:57:50.633444,Clear,0.0,54,0,0,0,0,28
2026-01-13 09:57:50.633444,Heavy Rain,18.235950269542457,63,0,0,0,0,21
2026-01-13 10:57:50.633444,Rain,8.971495280518432,98,0,0,0,0,23
2026-01-13 11:57:50.633444,Cloudy,0.0,63,0,0,0,0,39
2026-01-13 12:57:50.633444,Clear,0.0,55,0,0,0,0,28
2026-01-13 13:57:50.633444,Clear,0.0,41,0,0,0,0,30
2026-01-13 14:57:50.633444,Cloudy,0.0,86,0,0,1,0,32
2026-01-13 15:57:50.633444,Clear,0.0,92,0,0,0,0,31
2026-01-13 16:57:50.633444,Cloudy,0.0,70,0,0,0,0,28
2026-01-13 17:57:50.633444,Rain,7.111369405804209,59,0,0,0,0,30
2026-01-13 18:57:50.633444,Clear,0.0,85,0,0,0,0,34
2026-01-13 19:57:50.633444,Cloudy,0.0,80,1,0,0,0,23
2026-01-13 20:57:50.633444,Clear,0.0,90,0,0,0,0,26
2026-01-13 21:57:50.633444,Clear,0.0,72,0,0,0,0,19
2026-01-13 22:57:50.633444,Clear,0.0,98,0,0,0,0,25
2026-01-13 23:57:50.633444,Heavy Rain,46.27056474821225,31,1,0,0,0,26
2026-01-14 00:57:50.633444,Heavy Rain,41.1732844027293,10,0,0,0,0,31
2026-01-14 01:57:50.633444,Clear,0.0,89,0,0,0,0,27
2026-01-14 02:57:50.633444,Cloudy,0.0,84,0,0,0,0,29
2026-01-14 03:57:50.633444,Cloudy,0.0,71,0,0,0,0,28
2026-01-14 04:57:50.633444,Cloudy,0.0,93,0,0,0,0,24
2026-01-14 05:57:50.633444,Rain,9.616575517171547,53,1,0,0,0,28
2026-01-14 06:57:50.633444,Rain,2.2651018499864923,64,1,0,0,0,32
2026-01-14 07:57:50.633444,Clear,0.0,41,0,0,1,0,33
2026-01-14 08:57:50.633444,Clear,0.0,51,0,0,0,0,22
2026-01-14 09:57:50.633444,Clear,0.0,68,1,0,0,0,28
2026-01-14 10:57:50.633444,Cloudy,0.0,53,0,0,0,0,20
2026-01-14 11:57:50.633444,Clear,0.0,86,0,0,0,0,36
2026-01-14 12:57:50.633444,Cloudy,0.0,64,0,0,0,0,30
2026-01-14 13:57:50.633444,Cloudy,0.0,93,0,0,0,0,28
2026-01-14 14:57:50.633444,Clear,0.0,94,0,0,1,0,21
2026-01-14 15:57:50.633444,Heavy Rain,36.00996126393806,38,1,0,0,0,23
2026-01-14 16:57:50.633444,Clear,0.0,56,0,0,0,0,33
2026-01-14 17:57:50.633444,Rain,2.7271862117240504,98,1,0,0,0,31
2026-01-14 18:57:50.633444,Clear,0.0,69,0,0,0,0,24
2026-01-14 19:57:50.633444,Clear,0.0,69,1,0,0,0,26
2026-01-14 20:57:50.633444,Clear,0.0,75,0,0,0,0,33
2026-01-14 21:57:50.633444,Heavy Rain,31.25219072055813,23,0,0,0,0,33
2026-01-14 22:57:50.633444,Cloudy,0.0,57,0,0,0,0,14
2026-01-14 23:57:50.633444,Cloudy,0.0,88,0,0,0,0,25
2026-01-15 00:57:50.633444,Clear,0.0,82,1,0,0,0,29
2026-01-15 01:57:50.633444,Clear,0.0,68,0,0,0,0,23
2026-01-15 02:57:50.633444,Rain,5.665288291801692,41,0,0,0,0,39
2026-01-15 03:57:50.633444,Cloudy,0.0,83,0,0,0,0,23
2026-01-15 04:57:50.633444,Clear,0.0,57,0,0,0,0,27
2026-01-15 05:57:50.633444,Clear,0.0,82,0,0,0,0,21
2026-01-15 06:57:50.633444,Clear,0.0,60,1,0,0,0,33
2026-01-15 07:57:50.633444,Cloudy,0.0,89,0,0,1,0,28
2026-01-15 08:57:50.633444,Cloudy,0.0,73,0,0,0,0,27
2026-01-15 09:57:50.633444,Cloudy,0.0,92,0,0,0,0,30
2026-01-15 10:57:50.633444,Cloudy,0.0,44,1,0,0,0,31
2026-01-15 11:57:50.633444,Clear,0.0,85,0,0,0,0,25
2026-01-15 12:57:50.633444,Clear,0.0,60,0,0,0,0,30
2026-01-15 13:57:50.633444,Clear,0.0,41,0,0,0,0,32
2026-01-15 14:57:50.633444,Clear,0.0,50,0,0,1,1,22
2026-01-15 15:57:50.633444,Clear,0.0,73,0,0,0,0,21
2026-01-15 16:57:50.633444,Clear,0.0,53,0,0,0,0,27
2026-01-15 17:57:50.633444,Cloudy,0.0,73,0,0,0,0,32
2026-01-15 18:57:50.633444,Cloudy,0.0,72,0,0,0,0,26
2026-01-15 19:57:50.633444,Clear,0.0,64,0,0,0,0,34
2026-01-15 20:57:50.633444,Cloudy,0.0,84,1,0,0,0,24
2026-01-15 21:57:50.633444,Heavy Rain,13.56570508756722,45,1,0,0,0,34
2026-01-15 22:57:50.633444,Cloudy,0.0,78,1,0,0,0,27
2026-01-15 23:57:50.633444,Cloudy,0.0,94,0,0,0,0,24
2026-01-16 00:57:50.633444,Clear,0.0,90,0,0,0,0,30
2026-01-16 01:57:50.633444,Clear,0.0,78,1,0,0,0,20
2026-01-16 02:57:50.633444,Cloudy,0.0,96,0,0,0,0,33
2026-01-16 03:57:50.633444,Rain,2.6951584488456817,59,1,0,0,0,22
2026-01-16 04:57:50.633444,Clear,0.0,63,1,0,0,0,24
2026-01-16 05:57:50.633444,Cloudy,0.0,93,0,0,0,0,24
2026-01-16 06:57:50.633444,Clear,0.0,94,0,0,0,0,24
2026-01-16 07:57:50.633444,Cloudy,0.0,55,0,0,1,0,23
2026-01-16 08:57:50.633444,Clear,0.0,58,1,0,0,0,26
2026-01-16 09:57:50.633444,Clear,0.0,98,0,0,0,0,30
2026-01-16 10:57:50.633444,Clear,0.0,78,0,0,0,0,21
2026-01-16 11:57:50.633444,Clear,0.0,88,0,0,0,0,26
2026-01-16 12:57:50.633444,Rain,6.633047854172045,60,0,0,0,0,39
2026-01-16 13:57:50.633444,Cloudy,0.0,78,0,0,0,0,17
2026-01-16 14:57:50.633444,Clear,0.0,91,0,0,1,0,31
2026-01-16 15:57:50.633444,Clear,0.0,61,0,0,0,0,31
2026-01-16 16:57:50.633444,Clear,0.0,77,0,0,0,0,24
2026-01-16 17:57:50.633444,Cloudy,0.0,85,0,0,0,0,22
2026-01-16 18:57:50.633444,Clear,0.0,94,0,0,0,0,18
2026-01-16 19:57:50.633444,Cloudy,0.0,51,1,0,0,1,21
2026-01-16 20:57:50.633444,Clear,0.0,58,0,0,0,0,26
2026-01-16 21:57:50.633444,Clear,0.0,51,0,0,0,0,30
2026-01-16 22:57:50.633444,Cloudy,0.0,63,0,0,0,0,27
2026-01-16 23:57:50.633444,Rain,4.961863792364787,76,1,0,0,0,24
2026-01-17 00:57:50.633444,Rain,5.010540293783734,46,0,0,0,0,29
2026-01-17 01:57:50.633444,Clear,0.0,76,0,0,0,0,29
2026-01-17 02:57:50.633444,Cloudy,0.0,80,0,0,0,0,22
2026-01-17 03:57:50.633444,Clear,0.0,55,0,0,0,0,21
2026-01-17 04:57:50.633444,Rain,3.0659488857077664,58,0,0,0,0,21
2026-01-17 05:57:50.633444,Clear,0.0,90,1,0,0,0,26
2026-01-17 06:57:50.633444,Clear,0.0,78,1,0,0,0,27
2026-01-17 07:57:50.633444,Heavy Rain,22.32501916766974,32,0,0,0,0,22
2026-01-17 08:57:50.633444,Cloudy,0.0,68,1,0,0,0,30
2026-01-17 09:57:50.633444,Clear,0.0,63,0,0,0,0,27
2026-01-17 10:57:50.633444,Clear,0.0,74,0,0,0,0,28
2026-01-17 11:57:50.633444,Cloudy,0.0,47,0,0,0,0,23
2026-01-17 12:57:50.633444,Clear,0.0,80,0,0,0,0,28
2026-01-17 13:57:50.633444,Clear,0.0,85,0,0,0,0,31
2026-01-17 14:57:50.633444,Cloudy,0.0,69,1,0,0,0,24
2026-01-17 15:57:50.633444,Clear,0.0,89,0,0,0,0,28
2026-01-17 16:57:50.633444,Clear,0.0,95,0,0,0,0,26
2026-01-17 17:57:50.633444,Clear,0.0,43,0,0,0,0,29
2026-01-17 18:57:50.633444,Cloudy,0.0,78,0,0,0,0,31
2026-01-17 19:57:50.633444,Clear,0.0,87,1,0,0,0,13
2026-01-17 20:57:50.633444,Clear,0.0,42,1,0,0,0,24
2026-01-17 21:57:50.633444,Heavy Rain,25.552814901330656,52,0,0,0,0,30
2026-01-17 22:57:50.633444,Clear,0.0,86,0,0,0,0,25
2026-01-17 23:57:50.633444,Clear,0.0,57,0,0,0,0,25
2026-01-18 00:57:50.633444,Clear,0.0,80,1,0,0,0,15
2026-01-18 01:57:50.633444,Clear,0.0,92,0,0,0,0,31
2026-01-18 02:57:50.633444,Cloudy,0.0,89,0,0,0,0,21
2026-01-18 03:57:50.633444,Cloudy,0.0,85,0,0,0,0,28
2026-01-18 04:57:50.633444,Clear,0.0,86,0,0,0,0,27
2026-01-18 05:57:50.633444,Cloudy,0.0,54,1,0,0,0,23
2026-01-18 06:57:50.633444,Cloudy,0.0,79,0,0,0,0,25
2026-01-18 07:57:50.633444,Clear,0.0,54,0,0,0,0,20
2026-01-18 08:57:50.633444,Rain,3.6546450270713082,83,0,0,0,0,25
2026-01-18 09:57:50.633444,Cloudy,0.0,54,0,0,0,0,25
2026-01-18 10:57:50.633444,Clear,0.0,48,1,0,0,0,16
2026-01-18 11:57:50.633444,Clear,0.0,75,0,0,0,0,18
2026-01-18 12:57:50.633444,Heavy Rain,44.03928643377312,46,0,0,0,0,25
2026-01-18 13:57:50.633444,Cloudy,0.0,46,1,0,0,0,22
2026-01-18 14:57:50.633444,Cloudy,0.0,63,0,0,0,0,29
2026-01-18 15:57:50.633444,Clear,0.0,55,0,0,0,0,23
2026-01-18 16:57:50.633444,Cloudy,0.0,92,0,0,0,0,29
2026-01-18 17:57:50.633444,Cloudy,0.0,91,0,0,0,0,32
2026-01-18 18:57:50.633444,Cloudy,0.0,41,0,0,0,0,25
2026-01-18 19:57:50.633444,Clear,0.0,71,0,0,0,0,16
2026-01-18 20:57:50.633444,Clear,0.0,46,0,0,0,0,31
2026-01-18 21:57:50.633444,Clear,0.0,99,1,0,0,0,27
2026-01-18 22:57:50.633444,Heavy Rain,45.63560712919266,15,0,0,0,0,24
2026-01-18 23:57:50.633444,Cloudy,0.0,69,1,0,0,0,26
2026-01-19 00:57:50.633444,Clear,0.0,53,0,0,0,0,27
2026-01-19 01:57:50.633444,Clear,0.0,88,0,0,0,0,39
2026-01-19 02:57:50.633444,Cloudy,0.0,88,0,0,0,0,25
2026-01-19 03:57:50.633444,Cloudy,0.0,43,0,0,0,0,24
2026-01-19 04:57:50.633444,Cloudy,0.0,84,0,0,0,0,32
2026-01-19 05:57:50.633444,Cloudy,0.0,87,0,0,0,0,28
2026-01-19 06:57:50.633444,Clear,0.0,68,0,0,0,0,20
2026-01-19 07:57:50.633444,Clear,0.0,91,1,0,1,0,23
2026-01-19 08:57:50.633444,Cloudy,0.0,82,1,0,0,0,33
2026-01-19 09:57:50.633444,Clear,0.0,78,0,0,0,0,24
2026-01-19 10:57:50.633444,Clear,0.0,65,0,0,0,0,24
2026-01-19 11:57:50.633444,Clear,0.0,88,0,0,0,0,28
2026-01-19 12:57:50.633444,Rain,8.95072509822246,43,0,0,0,0,37
2026-01-19 13:57:50.633444,Clear,0.0,49,0,0,0,0,27
2026-01-19 14:57:50.633444,Cloudy,0.0,49,0,0,1,0,24
2026-01-19 15:57:50.633444,Heavy Rain,43.121928213930865,17,0,0,0,0,32
2026-01-19 16:57:50.633444,Cloudy,0.0,49,0,0,0,0,21
2026-01-19 17:57:50.633444,Clear,0.0,94,0,0,0,0,25
2026-01-19 18:57:50.633444,Clear,0.0,95,0,0,0,0,26
2026-01-19 19:57:50.633444,Clear,0.0,94,1,0,0,0,24
2026-01-19 20:57:50.633444,Cloudy,0.0,82,0,0,0,0,31
2026-01-19 21:57:50.633444,Clear,0.0,96,0,0,0,0,25
2026-01-19 22:57:50.633444,Cloudy,0.0,92,0,0,0,0,34
2026-01-19 23:57:50.633444,Cloudy,0.0,79,0,0,0,0,26
2026-01-20 00:57:50.633444,Rain,9.655750317853796,96,0,0,0,0,29
2026-01-20 01:57:50.633444,Heavy Rain,46.43307670966627,22,0,0,0,0,26
2026-01-20 02:57:50.633444,Clear,0.0,67,1,0,0,0,32
2026-01-20 03:57:50.633444,Clear,0.0,63,0,0,0,0,23
2026-01-20 04:57:50.633444,Clear,0.0,71,0,0,0,0,27
2026-01-20 05:57:50.633444,Cloudy,0.0,78,0,0,0,0,24
2026-01-20 06:57:50.633444,Clear,0.0,80,0,0,0,0,20
2026-01-20 07:57:50.633444,Clear,0.0,93,0,0,1,0,22
2026-01-20 08:57:50.633444,Clear,0.0,41,0,0,0,0,29
2026-01-20 09:57:50.633444,Clear,0.0,67,0,0,0,0,22
2026-01-20 10:57:50.633444,Cloudy,0.0,47,0,0,0,0,37
2026-01-20 11:57:50.633444,Cloudy,0.0,83,0,0,0,0,30
2026-01-20 12:57:50.633444,Clear,0.0,61,0,0,0,0,22
2026-01-20 13:57:50.633444,Clear,0.0,85,0,0,0,0,25
2026-01-20 14:57:50.633444,Clear,0.0,64,1,0,1,0,23
2026-01-20 15:57:50.633444,Clear,0.0,46,0,0,0,0,32
2026-01-20 16:57:50.633444,Clear,0.0,93,0,0,0,0,29
2026-01-20 17:57:50.633444,Clear,0.0,90,0,0,0,0,34
2026-01-20 18:57:50.633444,Clear,0.0,96,0,0,0,0,21
2026-01-20 19:57:50.633444,Rain,6.956186327712512,50,0,0,0,0,31
2026-01-20 20:57:50.633444,Cloudy,0.0,54,0,0,0,0,29
2026-01-20 21:57:50.633444,Clear,0.0,67,0,0,0,0,27
2026-01-20 22:57:50.633444,Clear,0.0,98,0,0,0,0,21
2026-01-20 23:57:50.633444,Clear,0.0,92,1,0,0,0,27
2026-01-21 00:57:50.633444,Clear,0.0,58,0,0,0,0,26
2026-01-21 01:57:50.633444,Cloudy,0.0,69,0,0,0,0,29
2026-01-21 02:57:50.633444,Clear,0.0,85,0,0,0,0,33
2026-01-21 03:57:50.633444,Clear,0.0,85,0,0,0,0,28
2026-01-21 04:57:50.633444,Clear,0.0,42,0,0,0,0,32
2026-01-21 05:57:50.633444,Clear,0.0,73,0,0,0,0,29
2026-01-21 06:57:50.633444,Heavy Rain,44.691344337034856,16,0,0,0,0,27
2026-01-21 07:57:50.633444,Rain,2.949617443475459,50,0,0,1,0,16
2026-01-21 08:57:50.633444,Clear,0.0,74,0,0,0,0,36
2026-01-21 09:57:50.633444,Clear,0.0,96,0,0,0,0,23
2026-01-21 10:57:50.633444,Rain,9.423094642244415,53,0,0,0,0,30
2026-01-21 11:57:50.633444,Clear,0.0,60,0,0,0,0,24
2026-01-21 12:57:50.633444,Cloudy,0.0,97,0,0,0,0,26
2026-01-21 13:57:50.633444,Clear,0.0,70,0,0,0,0,27
2026-01-21 14:57:50.633444,Heavy Rain,26.68958937731359,50,0,0,1,0,35
2026-01-21 15:57:50.633444,Clear,0.0,76,0,0,0,0,31
2026-01-21 16:57:50.633444,Cloudy,0.0,42,1,0,0,0,21
2026-01-21 17:57:50.633444,Cloudy,0.0,91,0,0,0,0,28
2026-01-21 18:57:50.633444,Rain,2.94527281036987,93,0,0,0,0,23
2026-01-21 19:57:50.633444,Clear,0.0,66,0,0,0,0,18
2026-01-21 20:57:50.633444,Rain,8.360276005554724,53,1,0,0,0,28
2026-01-21 21:57:50.633444,Cloudy,0.0,79,0,0,0,0,28
2026-01-21 22:57:50.633444,Clear,0.0,86,0,0,0,0,28
2026-01-21 23:57:50.633444,Clear,0.0,76,1,0,0,0,27
2026-01-22 00:57:50.633444,Clear,0.0,51,0,0,0,0,27
2026-01-22 01:57:50.633444,Clear,0.0,97,1,0,0,0,27
2026-01-22 02:57:50.633444,Clear,0.0,86,0,0,0,0,28
2026-01-22 03:57:50.633444,Clear,0.0,52,0,0,0,0,33
2026-01-22 04:57:50.633444,Rain,5.123228891225751,74,1,0,0,0,28
2026-01-22 05:57:50.633444,Clear,0.0,59,0,0,0,0,22
2026-01-22 06:57:50.633444,Cloudy,0.0,59,0,0,0,0,35
2026-01-22 07:57:50.633444,Clear,0.0,42,1,0,1,0,30
2026-01-22 08:57:50.633444,Cloudy,0.0,92,0,0,0,0,36
2026-01-22 09:57:50.633444,Clear,0.0,95,0,0,0,0,27
2026-01-22 10:57:50.633444,Clear,0.0,79,0,0,0,0,26
2026-01-22 11:57:50.633444,Clear,0.0,81,0,0,0,0,29
2026-01-22 12:57:50.633444,Clear,0.0,56,1,0,0,0,30
2026-01-22 13:57:50.633444,Clear,0.0,77,0,0,0,0,30
2026-01-22 14:57:50.633444,Clear,0.0,58,0,0,1,0,23
2026-01-22 15:57:50.633444,Clear,0.0,65,0,0,0,0,22
2026-01-22 16:57:50.633444,Clear,0.0,62,1,0,0,0,26
2026-01-22 17:57:50.633444,Clear,0.0,79,0,0,0,0,32
2026-01-22 18:57:50.633444,Clear,0.0,91,0,0,0,0,36
2026-01-22 19:57:50.633444,Cloudy,0.0,79,0,0,0,0,25
2026-01-22 20:57:50.633444,Clear,0.0,62,0,0,0,0,29
2026-01-22 21:57:50.633444,Clear,0.0,83,0,0,0,0,26
2026-01-22 22:57:50.633444,Rain,2.7105148880330816,46,0,0,0,0,28
2026-01-22 23:57:50.633444,Cloudy,0.0,66,0,0,0,0,21
2026-01-23 00:57:50.633444,Clear,0.0,46,0,0,0,0,38
2026-01-23 01:57:50.633444,Clear,0.0,65,0,0,0,0,19
2026-01-23 02:57:50.633444,Cloudy,0.0,84,0,0,0,0,22
2026-01-23 03:57:50.633444,Rain,3.8057199609357166,42,1,0,0,0,25
2026-01-23 04:57:50.633444,Clear,0.0,40,0,0,0,0,27
2026-01-23 05:57:50.633444,Cloudy,0.0,47,0,0,0,0,31
2026-01-23 06:57:50.633444,Clear,0.0,41,0,0,0,1,34
2026-01-23 07:57:50.633444,Clear,0.0,94,0,0,1,0,36
2026-01-23 08:57:50.633444,Cloudy,0.0,79,0,0,0,0,31
2026-01-23 09:57:50.633444,Cloudy,0.0,75,0,0,0,0,36
2026-01-23 10:57:50.633444,Rain,9.940481340332564,55,0,0,0,0,24
2026-01-23 11:57:50.633444,Cloudy,0.0,62,0,0,0,0,27
2026-01-23 12:57:50.633444,Clear,0.0,83,0,0,0,0,33
2026-01-23 13:57:50.633444,Clear,0.0,85,0,0,0,0,31
2026-01-23 14:57:50.633444,Cloudy,0.0,92,0,0,1,0,21
2026-01-23 15:57:50.633444,Cloudy,0.0,69,0,0,0,0,32
2026-01-23 16:57:50.633444,Cloudy,0.0,62,0,0,0,0,39
2026-01-23 17:57:50.633444,Cloudy,0.0,49,1,0,0,0,29
2026-01-23 18:57:50.633444,Rain,8.587858034537298,71,1,0,0,0,30
2026-01-23 19:57:50.633444,Clear,0.0,62,0,0,0,0,29
2026-01-23 20:57:50.633444,Cloudy,0.0,70,0,0,0,0,28
2026-01-23 21:57:50.633444,Clear,0.0,56,0,0,0,0,26
2026-01-23 22:57:50.633444,Clear,0.0,65,0,0,0,0,25
2026-01-23 23:57:50.633444,Cloudy,0.0,93,0,0,0,0,31
2026-01-24 00:57:50.633444,Clear,0.0,40,0,0,0,0,36
2026-01-24 01:57:50.633444,Cloudy,0.0,63,1,0,0,0,29
2026-01-24 02:57:50.633444,Clear,0.0,58,0,0,0,0,17
2026-01-24 03:57:50.633444,Rain,4.092275903415253,53,0,0,0,0,23
2026-01-24 04:57:50.633444,Rain,7.7181529002036955,54,1,0,0,0,29
2026-01-24 05:57:50.633444,Clear,0.0,69,0,0,0,0,27
2026-01-24 06:57:50.633444,Clear,0.0,53,0,0,0,0,30
2026-01-24 07:57:50.633444,Rain,6.209032364195478,56,1,0,0,0,36
2026-01-24 08:57:50.633444,Clear,0.0,97,1,0,0,0,21
2026-01-24 09:57:50.633444,Clear,0.0,77,1,0,0,0,33
2026-01-24 10:57:50.633444,Cloudy,0.0,44,1,0,0,0,24
2026-01-24 11:57:50.633444,Clear,0.0,65,1,0,0,0,32
2026-01-24 12:57:50.633444,Clear,0.0,79,1,0,0,0,33
2026-01-24 13:57:50.633444,Clear,0.0,81,0,0,0,0,14
2026-01-24 14:57:50.633444,Clear,0.0,62,1,0,0,0,33
2026-01-24 15:57:50.633444,Cloudy,0.0,42,1,0,0,0,33
2026-01-24 16:57:50.633444,Clear,0.0,56,0,0,0,0,31
2026-01-24 17:57:50.633444,Clear,0.0,53,0,0,0,0,29
2026-01-24 18:57:50.633444,Rain,7.492030113496416,51,0,0,0,0,29
2026-01-24 19:57:50.633444,Clear,0.0,70,1,0,0,0,18
2026-01-24 20:57:50.633444,Rain,4.953474361577528,53,0,0,0,0,29
2026-01-24 21:57:50.633444,Heavy Rain,34.62284339522183,38,0,0,0,0,30
2026-01-24 22:57:50.633444,Heavy Rain,28.32396468469898,44,0,0,0,0,31
2026-01-24 23:57:50.633444,Cloudy,0.0,70,1,0,0,0,21
2026-01-25 00:57:50.633444,Clear,0.0,88,0,0,0,0,31
2026-01-25 01:57:50.633444,Clear,0.0,99,0,0,0,0,34
2026-01-25 02:57:50.633444,Clear,0.0,54,0,0,0,0,35
2026-01-25 03:57:50.633444,Clear,0.0,60,0,0,0,0,34
2026-01-25 04:57:50.633444,Cloudy,0.0,91,1,0,0,0,28
2026-01-25 05:57:50.633444,Clear,0.0,53,0,0,0,0,34
2026-01-25 06:57:50.633444,Clear,0.0,70,0,0,0,0,27
2026-01-25 07:57:50.633444,Clear,0.0,83,1,0,0,0,30
2026-01-25 08:57:50.633444,Clear,0.0,89,0,0,0,0,28
2026-01-25 09:57:50.633444,Cloudy,0.0,65,0,0,0,0,28
2026-01-25 10:57:50.633444,Clear,0.0,82,0,0,0,0,23
2026-01-25 11:57:50.633444,Clear,0.0,55,0,0,0,0,28
2026-01-25 12:57:50.633444,Clear,0.0,80,0,0,0,0,36
2026-01-25 13:57:50.633444,Heavy Rain,28.148455813340334,56,0,0,0,0,28
2026-01-25 14:57:50.633444,Cloudy,0.0,49,0,0,0,0,34
2026-01-25 15:57:50.633444,Clear,0.0,65,0,0,0,0,30
2026-01-25 16:57:50.633444,Clear,0.0,78,0,0,0,0,34
2026-01-25 17:57:50.633444,Cloudy,0.0,49,1,0,0,0,20
2026-01-25 18:57:50.633444,Cloudy,0.0,52,0,0,0,0,36
2026-01-25 19:57:50.633444,Heavy Rain,22.456028814337365,20,0,0,0,0,15
2026-01-25 20:57:50.633444,Rain,5.366098784633392,40,1,0,0,0,31
2026-01-25 21:57:50.633444,Clear,0.0,53,0,0,0,0,30
2026-01-25 22:57:50.633444,Rain,6.9345178115272335,84,0,0,0,0,30
2026-01-25 23:57:50.633444,Clear,0.0,76,0,0,0,0,34
2026-01-26 00:57:50.633444,Rain,6.023451579403373,75,0,0,0,0,27
2026-01-26 01:57:50.633444,Cloudy,0.0,44,0,0,0,0,26
2026-01-26 02:57:50.633444,Clear,0.0,90,0,0,0,0,21
2026-01-26 03:57:50.633444,Rain,7.956193239678001,86,0,0,0,0,29
2026-01-26 04:57:50.633444,Cloudy,0.0,41,0,0,0,0,31
2026-01-26 05:57:50.633444,Cloudy,0.0,96,0,0,0,0,29
2026-01-26 06:57:50.633444,Clear,0.0,79,0,0,0,0,29
2026-01-26 07:57:50.633444,Cloudy,0.0,64,0,0,1,0,23
2026-01-26 08:57:50.633444,Clear,0.0,80,0,0,0,0,31
2026-01-26 09:57:50.633444,Clear,0.0,60,0,0,0,0,28
2026-01-26 10:57:50.633444,Clear,0.0,92,0,0,0,0,24
2026-01-26 11:57:50.633444,Clear,0.0,97,0,0,0,0,29
2026-01-26 12:57:50.633444,Clear,0.0,64,0,0,0,0,25
2026-01-26 13:57:50.633444,Clear,0.0,78,0,0,0,1,32
2026-01-26 14:57:50.633444,Cloudy,0.0,51,0,0,1,0,44
2026-01-26 15:57:50.633444,Cloudy,0.0,93,0,0,0,0,27
2026-01-26 16:57:50.633444,Cloudy,0.0,52,0,0,0,0,26
2026-01-26 17:57:50.633444,Cloudy,0.0,46,0,0,0,0,23
2026-01-26 18:57:50.633444,Cloudy,0.0,47,0,0,0,0,20
2026-01-26 19:57:50.633444,Clear,0.0,49,0,0,0,0,30
2026-01-26 20:57:50.633444,Clear,0.0,44,1,0,0,0,26
2026-01-26 21:57:50.633444,Clear,0.0,59,0,0,0,0,33
2026-01-26 22:57:50.633444,Clear,0.0,70,0,0,0,0,28
2026-01-26 23:57:50.633444,Clear,0.0,71,0,0,0,0,25
2026-01-27 00:57:50.633444,Cloudy,0.0,78,0,0,0,0,34
2026-01-27 01:57:50.633444,Clear,0.0,47,0,0,0,0,29
2026-01-27 02:57:50.633444,Rain,2.9842917019240423,53,0,0,0,0,19
2026-01-27 03:57:50.633444,Clear,0.0,92,0,0,0,0,30
2026-01-27 04:57:50.633444,Clear,0.0,87,0,0,0,0,28
2026-01-27 05:57:50.633444,Clear,0.0,57,1,0,0,0,27
2026-01-27 06:57:50.633444,Cloudy,0.0,53,1,0,0,0,23
2026-01-27 07:57:50.633444,Clear,0.0,85,0,0,1,0,28
2026-01-27 08:57:50.633444,Cloudy,0.0,96,0,0,0,0,27
2026-01-27 09:57:50.633444,Clear,0.0,63,0,0,0,0,24
2026-01-27 10:57:50.633444,Clear,0.0,99,0,0,0,0,17
2026-01-27 11:57:50.633444,Clear,0.0,52,1,0,0,0,29
2026-01-27 12:57:50.633444,Clear,0.0,42,1,0,0,0,27
2026-01-27 13:57:50.633444,Clear,0.0,90,0,0,0,0,28
2026-01-27 14:57:50.633444,Clear,0.0,70,0,0,1,0,27
2026-01-27 15:57:50.633444,Clear,0.0,58,0,0,0,0,30
2026-01-27 16:57:50.633444,Cloudy,0.0,46,0,0,0,0,31
2026-01-27 17:57:50.633444,Cloudy,0.0,52,0,0,0,0,25
2026-01-27 18:57:50.633444,Clear,0.0,65,0,0,0,0,38
2026-01-27 19:57:50.633444,Clear,0.0,71,1,0,0,0,30
2026-01-27 20:57:50.633444,Rain,7.241936277849271,69,0,0,0,0,32
2026-01-27 21:57:50.633444,Clear,0.0,77,0,0,0,0,25
2026-01-27 22:57:50.633444,Cloudy,0.0,73,1,0,0,0,27
2026-01-27 23:57:50.633444,Clear,0.0,85,0,0,0,0,35
2026-01-28 00:57:50.633444,Heavy Rain,46.70477925684094,19,0,0,0,0,24
2026-01-28 01:57:50.633444,Heavy Rain,29.998318751715797,37,0,0,0,0,26
2026-01-28 02:57:50.633444,Clear,0.0,83,0,0,0,0,26
2026-01-28 03:57:50.633444,Clear,0.0,99,0,0,0,0,25
2026-01-28 04:57:50.633444,Cloudy,0.0,61,1,0,0,0,34
2026-01-28 05:57:50.633444,Clear,0.0,80,0,0,0,0,24
2026-01-28 06:57:50.633444,Clear,0.0,94,0,0,0,0,23
2026-01-28 07:57:50.633444,Clear,0.0,73,1,0,1,0,21
2026-01-28 08:57:50.633444,Cloudy,0.0,49,0,0,0,0,17
2026-01-28 09:57:50.633444,Cloudy,0.0,96,1,0,0,0,23
2026-01-28 10:57:50.633444,Clear,0.0,97,0,0,0,0,21
2026-01-28 11:57:50.633444,Cloudy,0.0,60,1,0,0,0,24
2026-01-28 12:57:50.633444,Clear,0.0,85,0,0,0,0,20
2026-01-28 13:57:50.633444,Rain,4.885483865399422,93,0,0,0,0,28
2026-01-28 14:57:50.633444,Rain,5.543757693208275,93,0,0,1,0,27
2026-01-28 15:57:50.633444,Clear,0.0,74,0,0,0,0,23
2026-01-28 16:57:50.633444,Clear,0.0,59,1,0,0,0,32
2026-01-28 17:57:50.633444,Heavy Rain,41.59545332232021,28,0,0,0,0,30
2026-01-28 18:57:50.633444,Clear,0.0,55,0,0,0,0,27
2026-01-28 19:57:50.633444,Clear,0.0,78,0,0,0,0,26
2026-01-28 20:57:50.633444,Clear,0.0,73,0,0,0,0,29
2026-01-28 21:57:50.633444,Clear,0.0,48,0,0,0,0,23
2026-01-28 22:57:50.633444,Clear,0.0,52,0,0,0,0,27
2026-01-28 23:57:50.633444,Clear,0.0,58,0,0,0,0,30
2026-01-29 00:57:50.633444,Clear,0.0,84,1,0,0,0,18
2026-01-29 01:57:50.633444,Clear,0.0,40,0,0,0,0,28
2026-01-29 02:57:50.633444,Cloudy,0.0,68,0,0,0,1,22
2026-01-29 03:57:50.633444,Heavy Rain,44.59481399166076,10,1,0,0,0,14
2026-01-29 04:57:50.633444,Clear,0.0,40,0,0,0,0,25
2026-01-29 05:57:50.633444,Clear,0.0,79,0,0,0,0,37
2026-01-29 06:57:50.633444,Clear,0.0,54,0,0,0,0,33
2026-01-29 07:57:50.633444,Clear,0.0,61,1,0,1,0,28
2026-01-29 08:57:50.633444,Clear,0.0,56,0,0,0,0,22
2026-01-29 09:57:50.633444,Rain,6.954837168758587,94,0,0,0,0,35
2026-01-29 10:57:50.633444,Cloudy,0.0,87,0,0,0,0,24
2026-01-29 11:57:50.633444,Rain,5.6432442771393765,80,0,0,0,0,31
2026-01-29 12:57:50.633444,Clear,0.0,71,0,0,0,0,34
2026-01-29 13:57:50.633444,Clear,0.0,51,0,0,0,0,31
2026-01-29 14:57:50.633444,Clear,0.0,78,0,0,1,0,29
2026-01-29 15:57:50.633444,Clear,0.0,75,0,0,0,0,24
2026-01-29 16:57:50.633444,Cloudy,0.0,71,1,0,0,0,34
2026-01-29 17:57:50.633444,Clear,0.0,52,0,0,0,0,36
2026-01-29 18:57:50.633444,Cloudy,0.0,75,1,0,0,0,26
2026-01-29 19:57:50.633444,Cloudy,0.0,99,0,0,0,0,31
2026-01-29 20:57:50.633444,Clear,0.0,42,1,0,0,0,21
2026-01-29 21:57:50.633444,Clear,0.0,41,0,0,0,0,30
2026-01-29 22:57:50.633444,Clear,0.0,76,0,0,0,0,27
2026-01-29 23:57:50.633444,Clear,0.0,70,0,0,0,0,27
2026-01-30 00:57:50.633444,Clear,0.0,62,0,0,0,0,28
2026-01-30 01:57:50.633444,Rain,4.931075596100516,93,0,0,0,0,19
2026-01-30 02:57:50.633444,Heavy Rain,44.84003996228011,68,1,0,0,0,25
2026-01-30 03:57:50.633444,Clear,0.0,86,0,0,0,0,35
2026-01-30 04:57:50.633444,Clear,0.0,67,0,0,0,0,24
2026-01-30 05:57:50.633444,Clear,0.0,85,0,0,0,0,31
2026-01-30 06:57:50.633444,Heavy Rain,28.66003100007027,52,0,0,0,0,30
2026-01-30 07:57:50.633444,Clear,0.0,45,0,0,1,0,32
2026-01-30 08:57:50.633444,Clear,0.0,41,0,0,0,0,29
2026-01-30 09:57:50.633444,Cloudy,0.0,83,0,0,0,0,29
2026-01-30 10:57:50.633444,Clear,0.0,75,0,0,0,0,31
2026-01-30 11:57:50.633444,Clear,0.0,96,0,0,0,0,36
2026-01-30 12:57:50.633444,Clear,0.0,69,0,0,0,0,23
2026-01-30 13:57:50.633444,Cloudy,0.0,77,1,0,0,0,25
2026-01-30 14:57:50.633444,Clear,0.0,61,1,0,1,0,27
2026-01-30 15:57:50.633444,Clear,0.0,56,1,0,0,0,34
2026-01-30 16:57:50.633444,Clear,0.0,96,0,0,0,0,26
2026-01-30 17:57:50.633444,Clear,0.0,47,0,0,0,0,30
2026-01-30 18:57:50.633444,Clear,0.0,57,0,0,0,0,23
2026-01-30 19:57:50.633444,Clear,0.0,56,0,0,0,0,28
2026-01-30 20:57:50.633444,Clear,0.0,96,0,0,0,0,35
2026-01-30 21:57:50.633444,Rain,2.037323970599293,42,0,0,0,1,30
2026-01-30 22:57:50.633444,Clear,0.0,99,1,0,0,0,26
2026-01-30 23:57:50.633444,Cloudy,0.0,86,0,0,0,0,26
2026-01-31 00:57:50.633444,Clear,0.0,82,1,0,0,0,31
2026-01-31 01:57:50.633444,Clear,0.0,84,0,0,0,0,26
2026-01-31 02:57:50.633444,Rain,7.553380631151798,51,0,0,0,0,25
2026-01-31 03:57:50.633444,Clear,0.0,63,0,0,0,0,31
2026-01-31 04:57:50.633444,Cloudy,0.0,96,0,0,0,0,34
2026-01-31 05:57:50.633444,Clear,0.0,41,0,0,0,0,24
2026-01-31 06:57:50.633444,Clear,0.0,47,0,0,0,1,27
2026-01-31 07:57:50.633444,Clear,0.0,68,0,0,0,0,20
2026-01-31 08:57:50.633444,Clear,0.0,60,1,0,0,0,34
2026-01-31 09:57:50.633444,Rain,8.13581813898604,87,0,0,0,0,28
2026-01-31 10:57:50.633444,Rain,3.89191420998959,45,0,0,0,0,29
2026-01-31 11:57:50.633444,Cloudy,0.0,76,0,0,0,0,26
2026-01-31 12:57:50.633444,Clear,0.0,74,0,0,0,0,21
2026-01-31 13:57:50.633444,Clear,0.0,68,0,0,0,0,23
2026-01-31 14:57:50.633444,Clear,0.0,55,0,0,0,0,32
2026-01-31 15:57:50.633444,Clear,0.0,70,0,0,0,0,19
2026-01-31 16:57:50.633444,Cloudy,0.0,78,0,0,0,0,30
2026-01-31 17:57:50.633444,Clear,0.0,83,0,0,0,1,28
2026-01-31 18:57:50.633444,Cloudy,0.0,67,1,0,0,0,23
2026-01-31 19:57:50.633444,Cloudy,0.0,40,0,0,0,0,32
2026-01-31 20:57:50.633444,Rain,4.922676328358613,40,0,0,0,0,30
2026-01-31 21:57:50.633444,Clear,0.0,72,0,0,0,0,28
2026-01-31 22:57:50.633444,Cloudy,0.0,79,0,0,0,0,30
2026-01-31 23:57:50.633444,Clear,0.0,81,0,0,0,0,24
2026-02-01 00:57:50.633444,Heavy Rain,12.19757221785407,30,0,0,0,0,29
2026-02-01 01:57:50.633444,Clear,0.0,81,0,0,0,0,28
2026-02-01 02:57:50.633444,Rain,3.6198631871272067,55,0,0,0,0,26
2026-02-01 03:57:50.633444,Clear,0.0,98,0,0,0,0,30
2026-02-01 04:57:50.633444,Cloudy,0.0,74,0,0,0,0,32
2026-02-01 05:57:50.633444,Cloudy,0.0,53,0,0,0,0,32
2026-02-01 06:57:50.633444,Clear,0.0,68,0,0,0,0,38
2026-02-01 07:57:50.633444,Clear,0.0,56,0,0,0,0,35
2026-02-01 08:57:50.633444,Clear,0.0,85,0,0,0,0,41
2026-02-01 09:57:50.633444,Heavy Rain,13.123970254102243,53,0,0,0,0,26
2026-02-01 10:57:50.633444,Clear,0.0,47,0,0,0,0,22
2026-02-01 11:57:50.633444,Clear,0.0,93,0,0,0,0,19
2026-02-01 12:57:50.633444,Cloudy,0.0,55,0,0,0,0,35
2026-02-01 13:57:50.633444,Cloudy,0.0,55,0,0,0,0,26
2026-02-01 14:57:50.633444,Cloudy,0.0,63,0,0,0,0,28
2026-02-01 15:57:50.633444,Clear,0.0,67,0,0,0,1,23
2026-02-01 16:57:50.633444,Clear,0.0,66,0,0,0,0,30
2026-02-01 17:57:50.633444,Clear,0.0,42,0,0,0,0,26
2026-02-01 18:57:50.633444,Clear,0.0,55,0,0,0,0,36
2026-02-01 19:57:50.633444,Clear,0.0,43,0,0,0,0,31
2026-02-01 20:57:50.633444,Clear,0.0,56,0,0,0,0,24
2026-02-01 21:57:50.633444,Cloudy,0.0,76,0,0,0,0,24
2026-02-01 22:57:50.633444,Clear,0.0,62,0,0,0,0,28
2026-02-01 23:57:50.633444,Clear,0.0,42,0,0,0,0,31
2026-02-02 00:57:50.633444,Clear,0.0,53,0,0,0,0,28
2026-02-02 01:57:50.633444,Rain,6.981570636714883,90,0,0,0,0,35
2026-02-02 02:57:50.633444,Clear,0.0,47,0,0,0,0,22
2026-02-02 03:57:50.633444,Clear,0.0,70,0,0,0,0,28
2026-02-02 04:57:50.633444,Clear,0.0,98,0,0,0,0,21
2026-02-02 05:57:50.633444,Cloudy,0.0,40,0,0,0,0,29
2026-02-02 06:57:50.633444,Rain,6.315614105830624,93,0,0,0,0,32
2026-02-02 07:57:50.633444,Clear,0.0,63,0,0,1,0,29
2026-02-02 08:57:50.633444,Clear,0.0,44,0,0,0,0,22
2026-02-02 09:57:50.633444,Clear,0.0,78,0,0,0,0,22
2026-02-02 10:57:50.633444,Clear,0.0,73,0,0,0,0,29
2026-02-02 11:57:50.633444,Clear,0.0,99,0,0,0,0,31
2026-02-02 12:57:50.633444,Clear,0.0,64,0,0,0,0,19
2026-02-02 13:57:50.633444,Heavy Rain,18.817294780694382,27,0,0,0,0,27
2026-02-02 14:57:50.633444,Clear,0.0,49,0,0,1,0,29
2026-02-02 15:57:50.633444,Rain,2.878795997639913,87,0,0,0,0,35
2026-02-02 16:57:50.633444,Cloudy,0.0,82,0,0,0,0,34
2026-02-02 17:57:50.633444,Cloudy,0.0,55,0,0,0,0,34
2026-02-02 18:57:50.633444,Clear,0.0,52,0,0,0,0,28
2026-02-02 19:57:50.633444,Clear,0.0,46,0,0,0,0,23
2026-02-02 20:57:50.633444,Rain,5.351906809986108,55,0,0,0,0,17
2026-02-02 21:57:50.633444,Heavy Rain,32.17729590338914,19,0,0,0,0,23
2026-02-02 22:57:50.633444,Cloudy,0.0,81,0,0,0,0,32
2026-02-02 23:57:50.633444,Clear,0.0,52,0,0,0,0,28
2026-02-03 00:57:50.633444,Clear,0.0,47,0,0,0,0,23
2026-02-03 01:57:50.633444,Clear,0.0,74,0,0,0,0,26
2026-02-03 02:57:50.633444,Cloudy,0.0,78,0,0,0,0,32
2026-02-03 03:57:50.633444,Cloudy,0.0,96,0,0,0,0,29
2026-02-03 04:57:50.633444,Clear,0.0,51,0,0,0,1,28
2026-02-03 05:57:50.633444,Clear,0.0,64,0,0,0,0,18
2026-02-03 06:57:50.633444,Rain,8.962573696498454,71,0,0,0,0,28
2026-02-03 07:57:50.633444,Cloudy,0.0,88,0,0,1,0,20
2026-02-03 08:57:50.633444,Clear,0.0,57,0,0,0,0,19
2026-02-03 09:57:50.633444,Cloudy,0.0,49,0,0,0,1,23
2026-02-03 10:57:50.633444,Rain,4.860697021314264,63,0,0,0,0,30
2026-02-03 11:57:50.633444,Rain,2.095620720567796,89,0,0,0,0,31
2026-02-03 12:57:50.633444,Rain,9.880621688770436,58,0,0,0,0,37
2026-02-03 13:57:50.633444,Rain,6.386812378525279,78,0,0,0,0,20
2026-02-03 14:57:50.633444,Clear,0.0,85,0,0,1,0,29
2026-02-03 15:57:50.633444,Rain,2.2302695917738626,81,0,0,0,0,21
2026-02-03 16:57:50.633444,Clear,0.0,74,0,0,0,0,22
2026-02-03 17:57:50.633444,Cloudy,0.0,47,0,0,0,0,31
2026-02-03 18:57:50.633444,Cloudy,0.0,59,0,0,0,0,33
2026-02-03 19:57:50.633444,Clear,0.0,64,0,0,0,0,28
2026-02-03 20:57:50.633444,Cloudy,0.0,41,0,0,0,0,19
2026-02-03 21:57:50.633444,Cloudy,0.0,66,0,0,0,0,31
2026-02-03 22:57:50.633444,Clear,0.0,90,0,0,0,0,23
2026-02-03 23:57:50.633444,Clear,0.0,85,0,0,0,0,24
2026-02-04 00:57:50.633444,Clear,0.0,62,0,0,0,0,28
2026-02-04 01:57:50.633444,Clear,0.0,86,0,0,0,0,34
2026-02-04 02:57:50.633444,Clear,0.0,99,0,0,0,0,19
2026-02-04 03:57:50.633444,Cloudy,0.0,70,0,0,0,0,31
2026-02-04 04:57:50.633444,Clear,0.0,58,0,0,0,0,46
2026-02-04 05:57:50.633444,Clear,0.0,51,0,0,0,0,35
2026-02-04 06:57:50.633444,Clear,0.0,79,0,0,0,0,25
2026-02-04 07:57:50.633444,Cloudy,0.0,99,0,0,1,0,36
2026-02-04 08:57:50.633444,Clear,0.0,40,0,0,0,0,35
2026-02-04 09:57:50.633444,Clear,0.0,76,0,0,0,0,25
2026-02-04 10:57:50.633444,Clear,0.0,87,0,0,0,0,18
2026-02-04 11:57:50.633444,Heavy Rain,13.63057324759497,20,0,0,0,1,33
2026-02-04 12:57:50.633444,Clear,0.0,40,0,0,0,0,18
2026-02-04 13:57:50.633444,Clear,0.0,43,0,0,0,0,23
2026-02-04 14:57:50.633444,Cloudy,0.0,97,0,0,1,0,25
2026-02-04 15:57:50.633444,Clear,0.0,94,0,0,0,0,41
2026-02-04 16:57:50.633444,Heavy Rain,34.35920639272672,63,0,0,0,0,33
2026-02-04 17:57:50.633444,Clear,0.0,69,0,0,0,1,27
2026-02-04 18:57:50.633444,Clear,0.0,81,0,0,0,0,21
2026-02-04 19:57:50.633444,Clear,0.0,84,0,0,0,0,25
2026-02-04 20:57:50.633444,Clear,0.0,72,0,0,0,0,29
2026-02-04 21:57:50.633444,Clear,0.0,50,0,0,0,0,22
2026-02-04 22:57:50.633444,Clear,0.0,99,0,0,0,0,36
2026-02-04 23:57:50.633444,Clear,0.0,68,0,0,0,0,28
2026-02-05 00:57:50.633444,Heavy Rain,11.39632909222312,29,0,0,0,0,19
2026-02-05 01:57:50.633444,Cloudy,0.0,77,0,0,0,0,23
2026-02-05 02:57:50.633444,Rain,7.344452819538715,57,0,0,0,0,32
2026-02-05 03:57:50.633444,Cloudy,0.0,43,0,0,0,0,27
2026-02-05 04:57:50.633444,Cloudy,0.0,84,0,0,0,0,28
2026-02-05 05:57:50.633444,Clear,0.0,89,0,0,0,0,21
2026-02-05 06:57:50.633444,Clear,0.0,61,0,0,0,0,33
2026-02-05 07:57:50.633444,Cloudy,0.0,83,0,0,1,0,33
2026-02-05 08:57:50.633444,Cloudy,0.0,75,0,0,0,0,34
2026-02-05 09:57:50.633444,Heavy Rain,24.058295319854057,35,0,0,0,0,30
2026-02-05 10:57:50.633444,Rain,4.441775690752349,60,0,0,0,0,18
2026-02-05 11:57:50.633444,Cloudy,0.0,81,0,0,0,0,30
2026-02-05 12:57:50.633444,Clear,0.0,93,0,0,0,0,29
2026-02-05 13:57:50.633444,Cloudy,0.0,94,0,0,0,0,30
2026-02-05 14:57:50.633444,Cloudy,0.0,48,0,0,1,0,31
2026-02-05 15:57:50.633444,Clear,0.0,68,0,0,0,0,31
2026-02-05 16:57:50.633444,Clear,0.0,47,0,0,0,0,35
2026-02-05 17:57:50.633444,Cloudy,0.0,52,0,0,0,0,28
2026-02-05 18:57:50.633444,Clear,0.0,60,0,0,0,0,26
2026-02-05 19:57:50.633444,Clear,0.0,86,0,0,0,0,22
2026-02-05 20:57:50.633444,Cloudy,0.0,91,0,0,0,0,33
2026-02-05 21:57:50.633444,Clear,0.0,79,0,0,0,0,22
2026-02-05 22:57:50.633444,Rain,7.084398867083362,76,0,0,0,0,24
2026-02-05 23:57:50.633444,Clear,0.0,57,0,0,0,0,34
2026-02-06 00:57:50.633444,Cloudy,0.0,70,0,0,0,0,22
2026-02-06 01:57:50.633444,Clear,0.0,86,0,0,0,0,34
2026-02-06 02:57:50.633444,Clear,0.0,77,0,0,0,0,34
2026-02-06 03:57:50.633444,Clear,0.0,52,0,0,0,0,24
2026-02-06 04:57:50.633444,Cloudy,0.0,54,0,0,0,0,31
2026-02-06 05:57:50.633444,Clear,0.0,69,0,0,0,0,29
2026-02-06 06:57:50.633444,Clear,0.0,96,0,0,0,0,20
2026-02-06 07:57:50.633444,Clear,0.0,64,0,0,1,0,26
2026-02-06 08:57:50.633444,Clear,0.0,65,0,0,0,0,29
2026-02-06 09:57:50.633444,Heavy Rain,31.50398684780967,13,0,0,0,0,31
2026-02-06 10:57:50.633444,Clear,0.0,61,0,0,0,0,30
2026-02-06 11:57:50.633444,Cloudy,0.0,41,0,0,0,0,28
2026-02-06 12:57:50.633444,Clear,0.0,78,0,0,0,0,40
2026-02-06 13:57:50.633444,Clear,0.0,81,0,0,0,0,37
2026-02-06 14:57:50.633444,Clear,0.0,52,0,0,1,0,30
2026-02-06 15:57:50.633444,Cloudy,0.0,71,0,0,0,0,25
2026-02-06 16:57:50.633444,Rain,2.1834783548860646,41,0,0,0,0,32
2026-02-06 17:57:50.633444,Cloudy,0.0,99,0,0,0,0,23
2026-02-06 18:57:50.633444,Clear,0.0,97,0,0,0,0,28
2026-02-06 19:57:50.633444,Cloudy,0.0,79,0,0,0,0,30
2026-02-06 20:57:50.633444,Clear,0.0,69,0,0,0,0,30
2026-02-06 21:57:50.633444,Clear,0.0,72,0,0,0,0,36
2026-02-06 22:57:50.633444,Cloudy,0.0,51,0,0,0,0,25
2026-02-06 23:57:50.633444,Cloudy,0.0,92,0,0,0,0,26
2026-02-07 00:57:50.633444,Clear,0.0,51,0,0,0,0,35
2026-02-07 01:57:50.633444,Rain,6.775492173948188,66,0,0,0,0,30
2026-02-07 02:57:50.633444,Cloudy,0.0,82,0,0,0,1,24
2026-02-07 03:57:50.633444,Clear,0.0,73,0,0,0,0,32
2026-02-07 04:57:50.633444,Clear,0.0,51,0,0,0,0,25
2026-02-07 05:57:50.633444,Cloudy,0.0,92,0,0,0,0,26
2026-02-07 06:57:50.633444,Cloudy,0.0,47,0,0,0,0,27
2026-02-07 07:57:50.633444,Clear,0.0,67,0,0,0,0,29
2026-02-07 08:57:50.633444,Clear,0.0,42,0,0,0,0,26
2026-02-07 09:57:50.633444,Clear,0.0,66,0,0,0,0,36
2026-02-07 10:57:50.633444,Heavy Rain,31.94702775095486,31,0,0,0,0,40
2026-02-07 11:57:50.633444,Clear,0.0,74,0,0,0,0,26
2026-02-07 12:57:50.633444,Cloudy,0.0,94,0,0,0,0,20
2026-02-07 13:57:50.633444,Clear,0.0,75,0,0,0,0,28
2026-02-07 14:57:50.633444,Clear,0.0,76,0,0,0,0,24
2026-02-07 15:57:50.633444,Clear,0.0,71,0,0,0,0,24
2026-02-07 16:57:50.633444,Rain,8.032758325200277,48,0,0,0,0,30
2026-02-07 17:57:50.633444,Clear,0.0,82,0,0,0,0,24
2026-02-07 18:57:50.633444,Cloudy,0.0,40,0,0,0,0,32
2026-02-07 19:57:50.633444,Heavy Rain,44.124864458261015,65,0,0,0,0,22
2026-02-07 20:57:50.633444,Cloudy,0.0,41,0,0,0,0,34
2026-02-07 21:57:50.633444,Cloudy,0.0,87,0,0,0,0,24
2026-02-07 22:57:50.633444,Clear,0.0,52,0,0,0,0,22
2026-02-07 23:57:50.633444,Cloudy,0.0,79,0,0,0,0,24
2026-02-08 00:57:50.633444,Clear,0.0,51,0,0,0,0,32
2026-02-08 01:57:50.633444,Rain,7.140388797295051,93,0,0,0,0,20
2026-02-08 02:57:50.633444,Cloudy,0.0,91,0,0,0,0,24
2026-02-08 03:57:50.633444,Clear,0.0,87,0,0,0,0,23
2026-02-08 04:57:50.633444,Clear,0.0,42,0,0,0,0,30
2026-02-08 05:57:50.633444,Clear,0.0,79,0,0,0,0,29
2026-02-08 06:57:50.633444,Clear,0.0,95,0,0,0,0,34
2026-02-08 07:57:50.633444,Cloudy,0.0,94,0,0,0,0,24
2026-02-08 08:57:50.633444,Clear,0.0,81,0,0,0,1,37
2026-02-08 09:57:50.633444,Clear,0.0,93,0,0,0,0,26
2026-02-08 10:57:50.633444,Clear,0.0,98,0,0,0,0,26
2026-02-08 11:57:50.633444,Clear,0.0,49,0,0,0,1,23
2026-02-08 12:57:50.633444,Clear,0.0,41,0,0,0,0,29
2026-02-08 13:57:50.633444,Cloudy,0.0,69,0,0,0,0,35
2026-02-08 14:57:50.633444,Clear,0.0,85,0,0,0,1,28
2026-02-08 15:57:50.633444,Clear,0.0,55,0,0,0,0,39
2026-02-08 16:57:50.633444,Clear,0.0,49,0,0,0,0,26
2026-02-08 17:57:50.633444,Clear,0.0,52,0,0,0,0,22
2026-02-08 18:57:50.633444,Rain,9.26907800059704,53,0,0,0,0,30
2026-02-08 19:57:50.633444,Clear,0.0,57,0,0,0,0,31
2026-02-08 20:57:50.633444,Cloudy,0.0,78,0,0,0,0,26
2026-02-08 21:57:50.633444,Clear,0.0,45,0,0,0,0,26
2026-02-08 22:57:50.633444,Rain,6.906746276464672,94,0,0,0,0,26
2026-02-08 23:57:50.633444,Cloudy,0.0,88,0,0,0,0,27
2026-02-09 00:57:50.633444,Cloudy,0.0,64,0,0,0,0,24
2026-02-09 01:57:50.633444,Clear,0.0,59,0,0,0,0,25
2026-02-09 02:57:50.633444,Clear,0.0,56,0,0,0,1,29
2026-02-09 03:57:50.633444,Clear,0.0,74,0,0,0,0,41
2026-02-09 04:57:50.633444,Clear,0.0,44,0,0,0,0,37
2026-02-09 05:57:50.633444,Clear,0.0,67,0,0,0,0,41
2026-02-09 06:57:50.633444,Clear,0.0,71,0,0,0,0,30
2026-02-09 07:57:50.633444,Rain,8.310679998680454,57,0,0,1,0,23
2026-02-09 08:57:50.633444,Clear,0.0,66,0,0,0,0,23
2026-02-09 09:57:50.633444,Clear,0.0,58,0,0,0,0,17
2026-02-09 10:57:50.633444,Rain,8.827191306849993,42,0,0,0,0,29
2026-02-09 11:57:50.633444,Clear,0.0,55,0,0,0,0,31
2026-02-09 12:57:50.633444,Rain,3.376573137510764,55,0,0,0,0,28
2026-02-09 13:57:50.633444,Heavy Rain,37.33726665617529,61,0,0,0,0,18
2026-02-09 14:57:50.633444,Cloudy,0.0,89,0,0,1,0,29
2026-02-09 15:57:50.633444,Clear,0.0,86,0,0,0,0,38
2026-02-09 16:57:50.633444,Cloudy,0.0,47,0,0,0,0,29
2026-02-09 17:57:50.633444,Clear,0.0,61,0,0,0,0,19
2026-02-09 18:57:50.633444,Cloudy,0.0,63,0,0,0,0,26
2026-02-09 19:57:50.633444,Clear,0.0,41,0,0,0,0,30
2026-02-09 20:57:50.633444,Rain,9.691308227763958,48,0,0,0,0,31
2026-02-09 21:57:50.633444,Clear,0.0,89,0,0,0,0,23
2026-02-09 22:57:50.633444,Clear,0.0,69,0,0,0,0,30
2026-02-09 23:57:50.633444,Cloudy,0.0,79,0,0,0,0,32
2026-02-10 00:57:50.633444,Cloudy,0.0,57,0,0,0,0,22
2026-02-10 01:57:50.633444,Cloudy,0.0,74,0,0,0,0,33
2026-02-10 02:57:50.633444,Rain,6.376886269826185,97,0,0,0,0,29
2026-02-10 03:57:50.633444,Clear,0.0,85,0,0,0,0,22
2026-02-10 04:57:50.633444,Clear,0.0,88,0,0,0,0,34
2026-02-10 05:57:50.633444,Clear,0.0,78,0,0,0,0,18
2026-02-10 06:57:50.633444,Clear,0.0,82,0,0,0,0,29
2026-02-10 07:57:50.633444,Clear,0.0,71,0,0,1,0,27
2026-02-10 08:57:50.633444,Clear,0.0,85,0,0,0,0,27
2026-02-10 09:57:50.633444,Clear,0.0,64,0,0,0,0,30
2026-02-10 10:57:50.633444,Cloudy,0.0,66,0,0,0,0,35
2026-02-10 11:57:50.633444,Clear,0.0,94,0,0,0,0,24
2026-02-10 12:57:50.633444,Clear,0.0,60,0,0,0,0,36
2026-02-10 13:57:50.633444,Clear,0.0,89,0,0,0,0,24
2026-02-10 14:57:50.633444,Clear,0.0,99,0,0,1,0,22
2026-02-10 15:57:50.633444,Heavy Rain,34.995538476215856,64,0,0,0,0,30
2026-02-10 16:57:50.633444,Rain,3.3932098360959486,87,0,0,0,0,20
2026-02-10 17:57:50.633444,Clear,0.0,80,0,0,0,0,25
2026-02-10 18:57:50.633444,Clear,0.0,80,0,0,0,0,32
2026-02-10 19:57:50.633444,Clear,0.0,60,0,0,0,0,23
2026-02-10 20:57:50.633444,Cloudy,0.0,71,0,0,0,0,26
2026-02-10 21:57:50.633444,Clear,0.0,54,0,0,0,0,30
2026-02-10 22:57:50.633444,Rain,9.075883515181497,68,0,0,0,0,20
2026-02-10 23:57:50.633444,Clear,0.0,59,0,0,0,0,33
2026-02-11 00:57:50.633444,Clear,0.0,58,0,0,0,0,26
2026-02-11 01:57:50.633444,Rain,5.25373531700849,99,0,0,0,0,26
2026-02-11 02:57:50.633444,Cloudy,0.0,89,0,0,0,0,26
2026-02-11 03:57:50.633444,Clear,0.0,64,0,0,0,0,31
2026-02-11 04:57:50.633444,Rain,5.846936789473333,90,0,0,0,0,26
2026-02-11 05:57:50.633444,Rain,6.00075556002153,72,0,0,0,0,23
2026-02-11 06:57:50.633444,Clear,0.0,88,0,0,0,0,30
2026-02-11 07:57:50.633444,Clear,0.0,78,0,0,1,0,22
2026-02-11 08:57:50.633444,Cloudy,0.0,42,0,0,0,0,33
2026-02-11 09:57:50.633444,Clear,0.0,81,0,0,0,0,33
2026-02-11 10:57:50.633444,Clear,0.0,44,0,0,0,0,33
2026-02-11 11:57:50.633444,Clear,0.0,80,0,0,0,0,35
2026-02-11 12:57:50.633444,Clear,0.0,69,0,0,0,0,25
2026-02-11 13:57:50.633444,Cloudy,0.0,89,0,0,0,0,29
2026-02-11 14:57:50.633444,Clear,0.0,65,0,0,1,0,18
2026-02-11 15:57:50.633444,Clear,0.0,89,0,0,0,0,25
2026-02-11 16:57:50.633444,Clear,0.0,56,0,0,0,0,20
2026-02-11 17:57:50.633444,Clear,0.0,87,0,0,0,0,22
2026-02-11 18:57:50.633444,Cloudy,0.0,94,0,0,0,0,24
2026-02-11 19:57:50.633444,Cloudy,0.0,84,0,0,0,0,32
2026-02-11 20:57:50.633444,Clear,0.0,51,0,0,0,0,26
2026-02-11 21:57:50.633444,Clear,0.0,54,0,0,0,0,37
2026-02-11 22:57:50.633444,Clear,0.0,78,0,0,0,0,15
2026-02-11 23:57:50.633444,Clear,0.0,48,0,0,0,0,32
2026-02-12 00:57:50.633444,Rain,6.550031713160978,62,0,0,0,0,25
2026-02-12 01:57:50.633444,Cloudy,0.0,59,0,0,0,0,29
2026-02-12 02:57:50.633444,Clear,0.0,44,0,0,0,0,35
2026-02-12 03:57:50.633444,Clear,0.0,88,0,0,0,0,27
2026-02-12 04:57:50.633444,Clear,0.0,97,0,0,0,0,13
2026-02-12 05:57:50.633444,Clear,0.0,81,0,0,0,0,25
2026-02-12 06:57:50.633444,Cloudy,0.0,55,0,0,0,1,27
2026-02-12 07:57:50.633444,Clear,0.0,48,0,0,1,0,30
2026-02-12 08:57:50.633444,Clear,0.0,81,0,0,0,0,36
2026-02-12 09:57:50.633444,Cloudy,0.0,54,0,0,0,0,25
2026-02-12 10:57:50.633444,Clear,0.0,46,0,0,0,0,28
2026-02-12 11:57:50.633444,Clear,0.0,68,0,0,0,0,23
2026-02-12 12:57:50.633444,Cloudy,0.0,95,0,0,0,0,28
2026-02-12 13:57:50.633444,Clear,0.0,53,0,0,0,0,35
2026-02-12 14:57:50.633444,Clear,0.0,79,0,0,1,0,19
2026-02-12 15:57:50.633444,Clear,0.0,51,0,0,0,0,25
2026-02-12 16:57:50.633444,Clear,0.0,69,0,0,0,0,29
2026-02-12 17:57:50.633444,Cloudy,0.0,67,0,0,0,0,19
2026-02-12 18:57:50.633444,Clear,0.0,78,0,0,0,1,31
2026-02-12 19:57:50.633444,Clear,0.0,63,0,0,0,0,31
2026-02-12 20:57:50.633444,Clear,0.0,53,0,0,0,0,26
2026-02-12 21:57:50.633444,Clear,0.0,85,0,0,0,0,28
2026-02-12 22:57:50.633444,Clear,0.0,85,0,0,0,0,36
2026-02-12 23:57:50.633444,Heavy Rain,48.859326523810196,31,0,0,0,0,21
2026-02-13 00:57:50.633444,Clear,0.0,42,0,0,0,0,24
2026-02-13 01:57:50.633444,Cloudy,0.0,80,0,0,0,0,31
2026-02-13 02:57:50.633444,Cloudy,0.0,67,0,0,0,0,25
2026-02-13 03:57:50.633444,Clear,0.0,79,0,0,0,0,31
2026-02-13 04:57:50.633444,Clear,0.0,48,0,0,0,0,29
2026-02-13 05:57:50.633444,Rain,3.352917597769312,68,0,0,0,0,29
2026-02-13 06:57:50.633444,Clear,0.0,83,0,0,0,0,33
2026-02-13 07:57:50.633444,Clear,0.0,44,0,0,1,0,28
2026-02-13 08:57:50.633444,Clear,0.0,42,0,0,0,0,22
2026-02-13 09:57:50.633444,Clear,0.0,50,0,0,0,0,31
2026-02-13 10:57:50.633444,Cloudy,0.0,88,0,0,0,0,29
2026-02-13 11:57:50.633444,Clear,0.0,58,0,0,0,0,28
2026-02-13 12:57:50.633444,Clear,0.0,55,0,0,0,0,33
2026-02-13 13:57:50.633444,Clear,0.0,89,0,0,0,0,34
2026-02-13 14:57:50.633444,Clear,0.0,54,0,0,1,0,38
2026-02-13 15:57:50.633444,Clear,0.0,88,0,0,0,0,29
2026-02-13 16:57:50.633444,Clear,0.0,52,0,0,0,1,24
2026-02-13 17:57:50.633444,Rain,3.8659044003635357,95,0,0,0,0,20
2026-02-13 18:57:50.633444,Clear,0.0,84,0,0,0,0,22
2026-02-13 19:57:50.633444,Clear,0.0,92,0,0,0,0,29
2026-02-13 20:57:50.633444,Clear,0.0,95,0,0,0,0,30
2026-02-13 21:57:50.633444,Clear,0.0,87,0,0,0,0,22
2026-02-13 22:57:50.633444,Rain,3.954994556565566,56,0,0,0,0,28
2026-02-13 23:57:50.633444,Clear,0.0,96,0,0,0,0,18
2026-02-14 00:57:50.633444,Clear,0.0,79,0,0,0,0,26
2026-02-14 01:57:50.633444,Rain,9.555930017851866,60,0,0,0,0,27
2026-02-14 02:57:50.633444,Clear,0.0,86,0,0,0,0,28
2026-02-14 03:57:50.633444,Clear,0.0,42,0,0,0,0,23
2026-02-14 04:57:50.633444,Clear,0.0,46,0,0,0,0,23
2026-02-14 05:57:50.633444,Clear,0.0,72,0,0,0,0,27
2026-02-14 06:57:50.633444,Cloudy,0.0,86,0,0,0,0,28
2026-02-14 07:57:50.633444,Clear,0.0,95,0,0,0,0,29
2026-02-14 08:57:50.633444,Cloudy,0.0,98,0,0,0,0,33
2026-02-14 09:57:50.633444,Rain,9.619093747705318,91,0,0,0,0,25
2026-02-14 10:57:50.633444,Cloudy,0.0,62,0,0,0,0,30
2026-02-14 11:57:50.633444,Clear,0.0,57,0,0,0,0,35
2026-02-14 12:57:50.633444,Cloudy,0.0,55,0,0,0,0,28
2026-02-14 13:57:50.633444,Cloudy,0.0,94,0,0,0,0,34
2026-02-14 14:57:50.633444,Clear,0.0,92,0,0,0,0,33
2026-02-14 15:57:50.633444,Cloudy,0.0,94,0,0,0,0,27
2026-02-14 16:57:50.633444,Clear,0.0,98,0,0,0,0,24
2026-02-14 17:57:50.633444,Clear,0.0,70,0,0,0,0,25
2026-02-14 18:57:50.633444,Cloudy,0.0,58,0,0,0,0,28
2026-02-14 19:57:50.633444,Clear,0.0,75,0,0,0,0,28
2026-02-14 20:57:50.633444,Cloudy,0.0,57,0,0,0,0,40
2026-02-14 21:57:50.633444,Cloudy,0.0,94,0,0,0,0,27
2026-02-14 22:57:50.633444,Rain,6.83070225295629,95,0,0,0,0,27
2026-02-14 23:57:50.633444,Clear,0.0,52,0,0,0,0,26
2026-02-15 00:57:50.633444,Clear,0.0,56,0,0,0,0,27
2026-02-15 01:57:50.633444,Clear,0.0,94,0,0,0,0,26
2026-02-15 02:57:50.633444,Clear,0.0,75,0,0,0,0,24
2026-02-15 03:57:50.633444,Clear,0.0,44,0,0,0,0,26
2026-02-15 04:57:50.633444,Clear,0.0,66,0,0,0,0,23
2026-02-15 05:57:50.633444,Clear,0.0,86,0,0,0,0,28
2026-02-15 06:57:50.633444,Rain,4.330671323640943,62,0,0,0,0,38
2026-02-15 07:57:50.633444,Clear,0.0,58,0,0,0,0,31
2026-02-15 08:57:50.633444,Cloudy,0.0,48,0,0,0,0,33
2026-02-15 09:57:50.633444,Clear,0.0,41,0,0,0,0,24
2026-02-15 10:57:50.633444,Cloudy,0.0,74,0,0,0,0,31
2026-02-15 11:57:50.633444,Cloudy,0.0,64,0,0,0,0,28
2026-02-15 12:57:50.633444,Clear,0.0,48,0,0,0,0,26
2026-02-15 13:57:50.633444,Clear,0.0,97,0,0,0,0,35
2026-02-15 14:57:50.633444,Clear,0.0,66,0,0,0,0,28
2026-02-15 15:57:50.633444,Clear,0.0,52,0,0,0,0,25
2026-02-15 16:57:50.633444,Clear,0.0,74,0,0,0,0,31
2026-02-15 17:57:50.633444,Clear,0.0,86,0,0,0,0,35
2026-02-15 18:57:50.633444,Clear,0.0,87,0,0,0,0,31
2026-02-15 19:57:50.633444,Cloudy,0.0,60,0,0,0,0,22
2026-02-15 20:57:50.633444,Clear,0.0,82,0,0,0,0,21
2026-02-15 21:57:50.633444,Clear,0.0,55,0,0,0,0,26
2026-02-15 22:57:50.633444,Clear,0.0,41,0,0,0,0,30
2026-02-15 23:57:50.633444,Clear,0.0,69,0,0,0,0,31
2026-02-16 00:57:50.633444,Clear,0.0,51,0,0,0,0,32
2026-02-16 01:57:50.633444,Cloudy,0.0,81,0,0,0,0,22
2026-02-16 02:57:50.633444,Clear,0.0,41,0,0,0,0,36
2026-02-16 03:57:50.633444,Clear,0.0,71,0,0,0,0,21
2026-02-16 04:57:50.633444,Rain,9.245404763251814,46,0,0,0,0,26
2026-02-16 05:57:50.633444,Clear,0.0,40,0,0,0,0,31
2026-02-16 06:57:50.633444,Clear,0.0,70,0,0,0,0,32
2026-02-16 07:57:50.633444,Clear,0.0,79,0,0,1,0,32
2026-02-16 08:57:50.633444,Clear,0.0,51,0,0,0,0,22
2026-02-16 09:57:50.633444,Clear,0.0,71,0,0,0,0,25
2026-02-16 10:57:50.633444,Rain,8.810605050977571,46,0,0,0,0,30
2026-02-16 11:57:50.633444,Cloudy,0.0,87,0,0,0,0,21
2026-02-16 12:57:50.633444,Clear,0.0,84,0,0,0,0,25
2026-02-16 13:57:50.633444,Clear,0.0,65,0,0,0,0,27
2026-02-16 14:57:50.633444,Rain,7.311530969383883,47,0,0,1,0,23
2026-02-16 15:57:50.633444,Clear,0.0,92,0,0,0,0,30
2026-02-16 16:57:50.633444,Clear,0.0,90,0,0,0,0,30
2026-02-16 17:57:50.633444,Cloudy,0.0,40,0,0,0,0,26
2026-02-16 18:57:50.633444,Clear,0.0,94,0,0,0,0,9
2026-02-16 19:57:50.633444,Clear,0.0,94,0,0,0,0,33
2026-02-16 20:57:50.633444,Clear,0.0,43,0,0,0,0,33
2026-02-16 21:57:50.633444,Cloudy,0.0,40,0,0,0,0,26
2026-02-16 22:57:50.633444,Clear,0.0,95,0,0,0,0,32
2026-02-16 23:57:50.633444,Cloudy,0.0,80,0,0,0,0,23
2026-02-17 00:57:50.633444,Clear,0.0,79,0,0,0,0,31
2026-02-17 01:57:50.633444,Cloudy,0.0,60,0,0,0,0,30
2026-02-17 02:57:50.633444,Cloudy,0.0,49,0,0,0,0,29
2026-02-17 03:57:50.633444,Heavy Rain,27.976478235647836,54,0,0,0,0,28
2026-02-17 04:57:50.633444,Clear,0.0,86,0,0,0,0,35
2026-02-17 05:57:50.633444,Heavy Rain,32.94258747157033,66,0,0,0,0,35
2026-02-17 06:57:50.633444,Clear,0.0,97,0,0,0,0,30
2026-02-17 07:57:50.633444,Heavy Rain,25.36546970925881,40,0,0,1,0,31
2026-02-17 08:57:50.633444,Clear,0.0,86,0,0,0,0,26
2026-02-17 09:57:50.633444,Clear,0.0,63,0,0,0,1,28
2026-02-17 10:57:50.633444,Clear,0.0,71,0,0,0,0,31
2026-02-17 11:57:50.633444,Clear,0.0,43,0,0,0,0,28
2026-02-17 12:57:50.633444,Heavy Rain,30.153183074102742,50,0,0,0,0,32
2026-02-17 13:57:50.633444,Clear,0.0,50,0,0,0,0,32
2026-02-17 14:57:50.633444,Clear,0.0,42,0,0,1,0,26
2026-02-17 15:57:50.633444,Clear,0.0,80,0,0,0,0,28
2026-02-17 16:57:50.633444,Clear,0.0,44,0,0,0,0,27
2026-02-17 17:57:50.633444,Rain,2.2473843416942785,80,0,0,0,0,31
2026-02-17 18:57:50.633444,Cloudy,0.0,40,0,0,0,1,30
2026-02-17 19:57:50.633444,Clear,0.0,42,0,0,0,0,30
2026-02-17 20:57:50.633444,Rain,5.004772501058905,95,0,0,0,0,27
2026-02-17 21:57:50.633444,Clear,0.0,58,0,0,0,0,29
2026-02-17 22:57:50.633444,Rain,8.876720378834644,57,0,0,0,0,25
2026-02-17 23:57:50.633444,Heavy Rain,32.17118006326432,38,0,0,0,0,25
2026-02-18 00:57:50.633444,Clear,0.0,63,0,0,0,0,23
2026-02-18 01:57:50.633444,Cloudy,0.0,91,0,0,0,0,30
2026-02-18 02:57:50.633444,Clear,0.0,42,0,0,0,0,32
2026-02-18 03:57:50.633444,Cloudy,0.0,87,0,0,0,0,25
2026-02-18 04:57:50.633444,Rain,3.090526133243875,60,0,0,0,0,29
2026-02-18 05:57:50.633444,Cloudy,0.0,66,0,0,0,0,26
2026-02-18 06:57:50.633444,Clear,0.0,94,0,0,0,0,29
2026-02-18 07:57:50.633444,Clear,0.0,48,0,0,1,0,29
2026-02-18 08:57:50.633444,Rain,9.444529834351343,72,0,0,0,0,21
2026-02-18 09:57:50.633444,Clear,0.0,80,0,0,0,0,30
2026-02-18 10:57:50.633444,Clear,0.0,57,0,0,0,0,24
2026-02-18 11:57:50.633444,Clear,0.0,93,0,0,0,0,30
2026-02-18 12:57:50.633444,Clear,0.0,93,0,0,0,0,20
2026-02-18 13:57:50.633444,Cloudy,0.0,40,0,0,0,0,31
2026-02-18 14:57:50.633444,Cloudy,0.0,44,0,0,1,0,25
2026-02-18 15:57:50.633444,Cloudy,0.0,49,0,0,0,0,33
2026-02-18 16:57:50.633444,Clear,0.0,44,0,0,0,0,22
2026-02-18 17:57:50.633444,Cloudy,0.0,70,0,0,0,0,20
2026-02-18 18:57:50.633444,Clear,0.0,69,0,0,0,0,23
2026-02-18 19:57:50.633444,Clear,0.0,61,0,0,0,0,30
2026-02-18 20:57:50.633444,Clear,0.0,50,0,0,0,0,34
2026-02-18 21:57:50.633444,Clear,0.0,51,0,0,0,0,27
2026-02-18 22:57:50.633444,Clear,0.0,76,0,0,0,0,30
2026-02-18 23:57:50.633444,Cloudy,0.0,90,0,0,0,0,36
2026-02-19 00:57:50.633444,Clear,0.0,62,0,0,0,0,23
2026-02-19 01:57:50.633444,Clear,0.0,43,0,0,0,0,33
2026-02-19 02:57:50.633444,Cloudy,0.0,94,0,0,0,0,27
2026-02-19 03:57:50.633444,Rain,5.23761015968313,48,0,0,0,0,28
2026-02-19 04:57:50.633444,Clear,0.0,59,0,0,0,0,18
2026-02-19 05:57:50.633444,Cloudy,0.0,77,0,0,0,0,23
2026-02-19 06:57:50.633444,Clear,0.0,86,0,0,0,0,30
2026-02-19 07:57:50.633444,Clear,0.0,53,0,0,1,0,35
2026-02-19 08:57:50.633444,Clear,0.0,94,0,0,0,1,20
2026-02-19 09:57:50.633444,Cloudy,0.0,44,0,0,0,0,22
2026-02-19 10:57:50.633444,Clear,0.0,86,0,0,0,0,22
2026-02-19 11:57:50.633444,Cloudy,0.0,84,0,0,0,0,28
2026-02-19 12:57:50.633444,Heavy Rain,28.67161802253591,61,0,0,0,0,29
2026-02-19 13:57:50.633444,Cloudy,0.0,47,0,0,0,0,29
2026-02-19 14:57:50.633444,Clear,0.0,87,0,0,1,0,29
2026-02-19 15:57:50.633444,Clear,0.0,86,0,0,0,0,24
2026-02-19 16:57:50.633444,Rain,7.548520984215177,84,0,0,0,0,24
2026-02-19 17:57:50.633444,Clear,0.0,46,0,0,0,0,26
2026-02-19 18:57:50.633444,Heavy Rain,36.6795565656131,58,0,0,0,0,24
2026-02-19 19:57:50.633444,Cloudy,0.0,74,0,0,0,0,34
2026-02-19 20:57:50.633444,Cloudy,0.0,96,0,0,0,0,27
2026-02-19 21:57:50.633444,Clear,0.0,43,0,0,0,0,32
2026-02-19 22:57:50.633444,Clear,0.0,52,0,0,0,0,31
2026-02-19 23:57:50.633444,Cloudy,0.0,87,0,0,0,0,26
2026-02-20 00:57:50.633444,Clear,0.0,56,0,0,0,0,23
2026-02-20 01:57:50.633444,Clear,0.0,61,0,0,0,0,30
2026-02-20 02:57:50.633444,Clear,0.0,75,0,0,0,0,25
2026-02-20 03:57:50.633444,Rain,4.8833536117142184,99,0,0,0,0,25
2026-02-20 04:57:50.633444,Clear,0.0,43,0,0,0,0,29
2026-02-20 05:57:50.633444,Cloudy,0.0,58,0,0,0,0,31
2026-02-20 06:57:50.633444,Clear,0.0,56,0,0,0,0,29
2026-02-20 07:57:50.633444,Rain,4.330974386943974,84,0,0,1,0,26
2026-02-20 08:57:50.633444,Cloudy,0.0,55,0,0,0,0,20
2026-02-20 09:57:50.633444,Clear,0.0,98,0,0,0,0,24
2026-02-20 10:57:50.633444,Clear,0.0,42,0,0,0,0,26
2026-02-20 11:57:50.633444,Clear,0.0,85,0,0,0,1,27
2026-02-20 12:57:50.633444,Cloudy,0.0,92,0,0,0,0,19
2026-02-20 13:57:50.633444,Clear,0.0,88,0,0,0,0,33
2026-02-20 14:57:50.633444,Clear,0.0,45,0,0,1,0,29
2026-02-20 15:57:50.633444,Clear,0.0,89,0,0,0,0,28
2026-02-20 16:57:50.633444,Cloudy,0.0,64,0,0,0,0,35
2026-02-20 17:57:50.633444,Cloudy,0.0,79,0,0,0,0,29
2026-02-20 18:57:50.633444,Clear,0.0,98,0,0,0,0,20
2026-02-20 19:57:50.633444,Cloudy,0.0,45,0,0,0,0,23
2026-02-20 20:57:50.633444,Cloudy,0.0,65,0,0,0,0,27
2026-02-20 21:57:50.633444,Clear,0.0,49,0,0,0,0,30
2026-02-20 22:57:50.633444,Clear,0.0,90,0,0,0,0,33
2026-02-20 23:57:50.633444,Clear,0.0,69,0,0,0,0,29
2026-02-21 00:57:50.633444,Clear,0.0,84,0,0,0,0,31
2026-02-21 01:57:50.633444,Clear,0.0,77,0,0,0,0,22
2026-02-21 02:57:50.633444,Clear,0.0,62,0,0,0,0,23
2026-02-21 03:57:50.633444,Clear,0.0,80,0,0,0,0,28
2026-02-21 04:57:50.633444,Clear,0.0,99,0,0,0,0,28
2026-02-21 05:57:50.633444,Cloudy,0.0,44,0,0,0,0,22
2026-02-21 06:57:50.633444,Clear,0.0,49,0,0,0,0,25
2026-02-21 07:57:50.633444,Cloudy,0.0,90,0,0,0,0,24
2026-02-21 08:57:50.633444,Heavy Rain,48.43629160741162,53,0,0,0,0,36
2026-02-21 09:57:50.633444,Clear,0.0,89,0,0,0,0,25
2026-02-21 10:57:50.633444,Clear,0.0,57,0,0,0,0,26
2026-02-21 11:57:50.633444,Clear,0.0,68,0,0,0,0,24
2026-02-21 12:57:50.633444,Clear,0.0,87,0,0,0,0,22
2026-02-21 13:57:50.633444,Clear,0.0,66,0,0,0,0,30
2026-02-21 14:57:50.633444,Heavy Rain,14.741195747092743,15,0,0,0,0,29
2026-02-21 15:57:50.633444,Clear,0.0,88,0,0,0,0,24
2026-02-21 16:57:50.633444,Clear,0.0,50,0,0,0,0,29
2026-02-21 17:57:50.633444,Clear,0.0,66,0,0,0,0,21
2026-02-21 18:57:50.633444,Clear,0.0,89,0,0,0,0,23
2026-02-21 19:57:50.633444,Cloudy,0.0,92,0,0,0,1,22
2026-02-21 20:57:50.633444,Clear,0.0,96,0,0,0,0,35
2026-02-21 21:57:50.633444,Clear,0.0,86,0,0,0,0,28
2026-02-21 22:57:50.633444,Clear,0.0,48,0,0,0,0,32
2026-02-21 23:57:50.633444,Clear,0.0,78,0,0,0,0,21
2026-02-22 00:57:50.633444,Rain,3.5920184755060314,68,0,0,0,0,27
2026-02-22 01:57:50.633444,Clear,0.0,42,0,0,0,0,26
2026-02-22 02:57:50.633444,Clear,0.0,56,0,0,0,0,36
2026-02-22 03:57:50.633444,Cloudy,0.0,54,0,0,0,0,27
2026-02-22 04:57:50.633444,Clear,0.0,53,0,0,0,0,21
2026-02-22 05:57:50.633444,Rain,4.741446714285706,57,0,0,0,0,39
2026-02-22 06:57:50.633444,Clear,0.0,46,0,0,0,0,31
2026-02-22 07:57:50.633444,Cloudy,0.0,47,0,0,0,0,26
2026-02-22 08:57:50.633444,Rain,2.703525966373288,84,0,0,0,0,32
2026-02-22 09:57:50.633444,Clear,0.0,52,0,0,0,0,31
2026-02-22 10:57:50.633444,Cloudy,0.0,76,0,0,0,0,31
2026-02-22 11:57:50.633444,Clear,0.0,76,0,0,0,0,26
2026-02-22 12:57:50.633444,Clear,0.0,67,0,0,0,0,26
2026-02-22 13:57:50.633444,Clear,0.0,89,0,0,0,0,30
2026-02-22 14:57:50.633444,Heavy Rain,13.070654053429527,48,0,0,0,0,18
2026-02-22 15:57:50.633444,Heavy Rain,14.265661718037332,35,0,0,0,0,25
2026-02-22 16:57:50.633444,Cloudy,0.0,96,0,0,0,0,28
2026-02-22 17:57:50.633444,Clear,0.0,48,0,0,0,0,24
2026-02-22 18:57:50.633444,Cloudy,0.0,94,0,0,0,0,28
2026-02-22 19:57:50.633444,Cloudy,0.0,85,0,0,0,0,27
2026-02-22 20:57:50.633444,Cloudy,0.0,93,0,0,0,0,31
2026-02-22 21:57:50.633444,Cloudy,0.0,58,0,0,0,0,32
2026-02-22 22:57:50.633444,Clear,0.0,73,0,0,0,0,20
2026-02-22 23:57:50.633444,Rain,9.111901806066236,74,0,0,0,0,24
2026-02-23 00:57:50.633444,Rain,9.94493434582408,93,0,0,0,0,24
2026-02-23 01:57:50.633444,Clear,0.0,52,0,0,0,0,29
2026-02-23 02:57:50.633444,Clear,0.0,67,0,0,0,0,22
2026-02-23 03:57:50.633444,Clear,0.0,96,0,0,0,0,29
2026-02-23 04:57:50.633444,Clear,0.0,97,0,0,0,0,21
2026-02-23 05:57:50.633444,Clear,0.0,71,0,0,0,0,26
2026-02-23 06:57:50.633444,Clear,0.0,66,0,0,0,0,25
2026-02-23 07:57:50.633444,Clear,0.0,65,0,0,1,0,30
2026-02-23 08:57:50.633444,Clear,0.0,61,0,0,0,0,29
2026-02-23 09:57:50.633444,Clear,0.0,62,0,0,0,0,39
2026-02-23 10:57:50.633444,Clear,0.0,71,0,0,0,0,29
2026-02-23 11:57:50.633444,Cloudy,0.0,57,0,0,0,0,36
2026-02-23 12:57:50.633444,Clear,0.0,67,0,0,0,0,32
2026-02-23 13:57:50.633444,Rain,8.122589305608557,81,0,0,0,0,26
2026-02-23 14:57:50.633444,Cloudy,0.0,97,0,0,1,0,18
2026-02-23 15:57:50.633444,Clear,0.0,44,0,0,0,0,28
2026-02-23 16:57:50.633444,Cloudy,0.0,84,0,0,0,0,35
2026-02-23 17:57:50.633444,Clear,0.0,62,0,0,0,0,23
2026-02-23 18:57:50.633444,Clear,0.0,85,0,0,0,0,25
2026-02-23 19:57:50.633444,Rain,3.3012838340138053,90,0,0,0,0,17
2026-02-23 20:57:50.633444,Cloudy,0.0,70,0,0,0,0,26
2026-02-23 21:57:50.633444,Clear,0.0,55,0,0,0,0,26
2026-02-23 22:57:50.633444,Clear,0.0,64,0,0,0,0,23
2026-02-23 23:57:50.633444,Clear,0.0,63,0,0,0,0,23
2026-02-24 00:57:50.633444,Clear,0.0,58,0,0,0,0,28
2026-02-24 01:57:50.633444,Clear,0.0,95,0,0,0,0,29
2026-02-24 02:57:50.633444,Cloudy,0.0,90,0,0,0,0,33
2026-02-24 03:57:50.633444,Clear,0.0,89,0,0,0,0,28
2026-02-24 04:57:50.633444,Clear,0.0,59,0,0,0,0,28
2026-02-24 05:57:50.633444,Clear,0.0,61,0,0,0,0,26
2026-02-24 06:57:50.633444,Rain,8.230479287712953,63,0,0,0,0,29
2026-02-24 07:57:50.633444,Clear,0.0,55,0,0,1,0,27
2026-02-24 08:57:50.633444,Cloudy,0.0,59,0,0,0,0,27
2026-02-24 09:57:50.633444,Rain,5.692199095557343,67,0,0,0,0,22
2026-02-24 10:57:50.633444,Cloudy,0.0,77,0,0,0,0,33
2026-02-24 11:57:50.633444,Cloudy,0.0,71,0,0,0,0,32
2026-02-24 12:57:50.633444,Clear,0.0,73,0,0,0,0,28
2026-02-24 13:57:50.633444,Cloudy,0.0,89,0,0,0,0,31
2026-02-24 14:57:50.633444,Clear,0.0,50,0,0,1,0,23
2026-02-24 15:57:50.633444,Cloudy,0.0,44,0,0,0,0,26
2026-02-24 16:57:50.633444,Clear,0.0,43,0,0,0,0,16
2026-02-24 17:57:50.633444,Clear,0.0,55,0,0,0,0,28
2026-02-24 18:57:50.633444,Clear,0.0,60,0,0,0,0,36
2026-02-24 19:57:50.633444,Cloudy,0.0,66,0,0,0,0,38
2026-02-24 20:57:50.633444,Cloudy,0.0,68,0,0,0,0,38
2026-02-24 21:57:50.633444,Rain,9.215410655950272,90,0,0,0,0,28
2026-02-24 22:57:50.633444,Clear,0.0,57,0,0,0,0,31
2026-02-24 23:57:50.633444,Cloudy,0.0,62,0,0,0,0,18
2026-02-25 00:57:50.633444,Cloudy,0.0,45,0,0,0,0,31
2026-02-25 01:57:50.633444,Clear,0.0,62,0,0,0,0,26
2026-02-25 02:57:50.633444,Clear,0.0,53,0,0,0,0,22
2026-02-25 03:57:50.633444,Clear,0.0,75,0,0,0,0,30
2026-02-25 04:57:50.633444,Clear,0.0,85,0,0,0,0,22
2026-02-25 05:57:50.633444,Clear,0.0,97,0,0,0,0,26
2026-02-25 06:57:50.633444,Cloudy,0.0,53,0,0,0,0,22
2026-02-25 07:57:50.633444,Rain,3.835568918484249,45,0,0,1,0,31
2026-02-25 08:57:50.633444,Clear,0.0,46,0,0,0,0,32
2026-02-25 09:57:50.633444,Clear,0.0,92,0,0,0,1,32
2026-02-25 10:57:50.633444,Cloudy,0.0,73,0,0,0,0,26
2026-02-25 11:57:50.633444,Clear,0.0,71,0,0,0,0,34
2026-02-25 12:57:50.633444,Rain,4.240493521445916,49,0,0,0,0,30
2026-02-25 13:57:50.633444,Clear,0.0,58,0,0,0,0,21
2026-02-25 14:57:50.633444,Clear,0.0,65,0,0,1,0,32
2026-02-25 15:57:50.633444,Cloudy,0.0,89,0,0,0,0,24
2026-02-25 16:57:50.633444,Cloudy,0.0,49,0,0,0,0,38
2026-02-25 17:57:50.633444,Heavy Rain,45.77726916128328,42,0,0,0,0,33
2026-02-25 18:57:50.633444,Clear,0.0,67,0,0,0,0,29
2026-02-25 19:57:50.633444,Clear,0.0,76,0,0,0,0,30
2026-02-25 20:57:50.633444,Cloudy,0.0,57,0,0,0,0,33
2026-02-25 21:57:50.633444,Rain,4.220680897417454,55,0,0,0,0,28
2026-02-25 22:57:50.633444,Cloudy,0.0,43,0,0,0,0,29
2026-02-25 23:57:50.633444,Clear,0.0,70,0,0,0,0,24
2026-02-26 00:57:50.633444,Clear,0.0,42,0,0,0,0,29
2026-02-26 01:57:50.633444,Clear,0.0,82,0,0,0,0,35
2026-02-26 02:57:50.633444,Clear,0.0,50,0,0,0,0,28
2026-02-26 03:57:50.633444,Clear,0.0,51,0,0,0,0,23
2026-02-26 04:57:50.633444,Cloudy,0.0,94,0,0,0,0,25
2026-02-26 05:57:50.633444,Clear,0.0,86,0,0,0,0,36
2026-02-26 06:57:50.633444,Cloudy,0.0,82,0,0,0,0,28
2026-02-26 07:57:50.633444,Clear,0.0,86,0,0,1,0,34
2026-02-26 08:57:50.633444,Cloudy,0.0,46,0,0,0,0,22
2026-02-26 09:57:50.633444,Clear,0.0,61,0,0,0,0,29
2026-02-26 10:57:50.633444,Clear,0.0,63,0,0,0,0,34
2026-02-26 11:57:50.633444,Clear,0.0,49,0,0,0,0,22
2026-02-26 12:57:50.633444,Clear,0.0,83,0,0,0,0,24
2026-02-26 13:57:50.633444,Clear,0.0,93,0,0,0,0,32
2026-02-26 14:57:50.633444,Cloudy,0.0,94,0,0,1,0,25
2026-02-26 15:57:50.633444,Clear,0.0,62,0,0,0,0,30
2026-02-26 16:57:50.633444,Clear,0.0,65,0,0,0,0,24
2026-02-26 17:57:50.633444,Clear,0.0,73,0,0,0,0,22
2026-02-26 18:57:50.633444,Clear,0.0,92,0,0,0,0,37
2026-02-26 19:57:50.633444,Clear,0.0,94,0,0,0,0,32
2026-02-26 20:57:50.633444,Clear,0.0,83,0,0,0,0,25
2026-02-26 21:57:50.633444,Clear,0.0,76,0,0,0,0,27
2026-02-26 22:57:50.633444,Cloudy,0.0,59,0,0,0,0,31
2026-02-26 23:57:50.633444,Clear,0.0,86,0,0,0,0,28
2026-02-27 00:57:50.633444,Cloudy,0.0,58,0,0,0,0,18
2026-02-27 01:57:50.633444,Cloudy,0.0,42,0,0,0,0,22
2026-02-27 02:57:50.633444,Clear,0.0,91,0,0,0,0,33
2026-02-27 03:57:50.633444,Clear,0.0,87,0,0,0,0,30
2026-02-27 04:57:50.633444,Cloudy,0.0,58,0,0,0,0,22
2026-02-27 05:57:50.633444,Heavy Rain,40.34342823072011,15,0,0,0,0,30
2026-02-27 06:57:50.633444,Clear,0.0,51,0,0,0,0,30
2026-02-27 07:57:50.633444,Cloudy,0.0,98,0,0,1,0,32
2026-02-27 08:57:50.633444,Clear,0.0,52,0,0,0,0,33
2026-02-27 09:57:50.633444,Clear,0.0,89,0,0,0,0,35
2026-02-27 10:57:50.633444,Cloudy,0.0,53,0,0,0,0,24
2026-02-27 11:57:50.633444,Clear,0.0,84,0,0,0,0,19
2026-02-27 12:57:50.633444,Clear,0.0,93,0,0,0,0,32
2026-02-27 13:57:50.633444,Clear,0.0,96,0,0,0,0,25
2026-02-27 14:57:50.633444,Clear,0.0,67,0,0,1,0,27
2026-02-27 15:57:50.633444,Rain,9.886612525949976,51,0,0,0,0,35
2026-02-27 16:57:50.633444,Clear,0.0,86,0,0,0,0,24
2026-02-27 17:57:50.633444,Cloudy,0.0,97,0,0,0,0,13
2026-02-27 18:57:50.633444,Clear,0.0,85,0,0,0,0,34
2026-02-27 19:57:50.633444,Clear,0.0,40,0,0,0,0,27
2026-02-27 20:57:50.633444,Cloudy,0.0,67,0,0,0,0,25
2026-02-27 21:57:50.633444,Clear,0.0,56,0,0,0,0,26
2026-02-27 22:57:50.633444,Heavy Rain,31.665112982018762,55,0,0,0,0,28
2026-02-27 23:57:50.633444,Clear,0.0,80,0,0,0,0,29
2026-02-28 00:57:50.633444,Clear,0.0,69,0,0,0,0,30
2026-02-28 01:57:50.633444,Clear,0.0,79,0,0,0,0,29
2026-02-28 02:57:50.633444,Clear,0.0,48,0,0,0,0,28
2026-02-28 03:57:50.633444,Clear,0.0,59,0,0,0,0,34
2026-02-28 04:57:50.633444,Cloudy,0.0,44,0,0,0,0,28
2026-02-28 05:57:50.633444,Rain,4.921956464080657,84,0,0,0,0,24
2026-02-28 06:57:50.633444,Clear,0.0,62,0,0,0,0,30
2026-02-28 07:57:50.633444,Clear,0.0,78,0,0,0,0,29
2026-02-28 08:57:50.633444,Clear,0.0,97,0,0,0,0,24
2026-02-28 09:57:50.633444,Cloudy,0.0,80,0,0,0,0,25
2026-02-28 10:57:50.633444,Clear,0.0,52,0,0,0,0,24
2026-02-28 11:57:50.633444,Clear,0.0,60,0,0,0,0,28
2026-02-28 12:57:50.633444,Clear,0.0,61,0,0,0,0,36
2026-02-28 13:57:50.633444,Heavy Rain,49.59302264585825,22,0,0,0,0,36
2026-02-28 14:57:50.633444,Clear,0.0,81,0,0,0,0,27
2026-02-28 15:57:50.633444,Cloudy,0.0,47,0,0,0,0,26
2026-02-28 16:57:50.633444,Clear,0.0,95,0,0,0,0,21
2026-02-28 17:57:50.633444,Clear,0.0,94,0,0,0,0,27
2026-02-28 18:57:50.633444,Cloudy,0.0,58,0,0,0,0,20
2026-02-28 19:57:50.633444,Rain,4.949165228067603,43,0,0,0,0,27
2026-02-28 20:57:50.633444,Rain,2.5233550939294664,55,0,0,0,0,31
2026-02-28 21:57:50.633444,Rain,9.510704469419675,93,0,0,0,0,24
2026-02-28 22:57:50.633444,Clear,0.0,73,0,0,0,0,27
2026-02-28 23:57:50.633444,Clear,0.0,84,0,0,0,0,23
2026-03-01 00:57:50.633444,Cloudy,0.0,54,0,0,0,0,31
2026-03-01 01:57:50.633444,Clear,0.0,77,0,0,0,0,25
2026-03-01 02:57:50.633444,Clear,0.0,49,0,0,0,0,32
2026-03-01 03:57:50.633444,Clear,0.0,60,0,0,0,0,31
2026-03-01 04:57:50.633444,Clear,0.0,50,0,0,0,0,33
2026-03-01 05:57:50.633444,Clear,0.0,53,0,0,0,0,27
2026-03-01 06:57:50.633444,Heavy Rain,27.429541130863875,34,0,0,0,0,42
2026-03-01 07:57:50.633444,Clear,0.0,41,0,0,0,0,33
2026-03-01 08:57:50.633444,Cloudy,0.0,83,0,0,0,0,22
2026-03-01 09:57:50.633444,Clear,0.0,72,0,0,0,0,40
2026-03-01 10:57:50.633444,Clear,0.0,55,0,0,0,0,29
2026-03-01 11:57:50.633444,Clear,0.0,52,0,0,0,0,31
2026-03-01 12:57:50.633444,Clear,0.0,83,0,0,0,0,30
2026-03-01 13:57:50.633444,Clear,0.0,50,0,0,0,0,20
2026-03-01 14:57:50.633444,Clear,0.0,45,0,0,0,0,31
2026-03-01 15:57:50.633444,Clear,0.0,46,0,0,0,0,24
2026-03-01 16:57:50.633444,Clear,0.0,48,0,0,0,0,15
2026-03-01 17:57:50.633444,Clear,0.0,99,0,0,0,0,27
2026-03-01 18:57:50.633444,Rain,9.924601665582841,60,0,0,0,0,27
2026-03-01 19:57:50.633444,Heavy Rain,39.78729475670614,66,0,0,0,0,26
2026-03-01 20:57:50.633444,Clear,0.0,74,0,0,0,0,29
2026-03-01 21:57:50.633444,Clear,0.0,44,0,0,0,0,35
2026-03-01 22:57:50.633444,Clear,0.0,54,0,0,0,0,22
2026-03-01 23:57:50.633444,Clear,0.0,70,0,0,0,0,24
2026-03-02 00:57:50.633444,Clear,0.0,55,0,0,0,0,20
2026-03-02 01:57:50.633444,Clear,0.0,81,0,0,0,0,27
2026-03-02 02:57:50.633444,Clear,0.0,54,0,0,0,0,29
2026-03-02 03:57:50.633444,Clear,0.0,48,0,0,0,0,23
2026-03-02 04:57:50.633444,Rain,8.510307306651367,72,0,0,0,0,29
2026-03-02 05:57:50.633444,Cloudy,0.0,81,0,0,0,0,20
2026-03-02 06:57:50.633444,Rain,8.09815172512733,86,0,0,0,0,34
2026-03-02 07:57:50.633444,Clear,0.0,88,0,0,1,0,35
2026-03-02 08:57:50.633444,Clear,0.0,92,0,0,0,0,28
2026-03-02 09:57:50.633444,Clear,0.0,72,0,0,0,0,18
2026-03-02 10:57:50.633444,Rain,4.868748782558673,85,0,0,0,0,23
2026-03-02 11:57:50.633444,Cloudy,0.0,99,0,0,0,0,26
2026-03-02 12:57:50.633444,Rain,3.3587763533960215,98,0,0,0,0,26
2026-03-02 13:57:50.633444,Clear,0.0,96,0,0,0,0,21
2026-03-02 14:57:50.633444,Clear,0.0,96,0,0,1,0,24
2026-03-02 15:57:50.633444,Clear,0.0,44,0,0,0,0,32
2026-03-02 16:57:50.633444,Cloudy,0.0,84,0,0,0,0,29
2026-03-02 17:57:50.633444,Clear,0.0,59,0,0,0,0,36
2026-03-02 18:57:50.633444,Clear,0.0,48,0,0,0,0,22
2026-03-02 19:57:50.633444,Clear,0.0,87,0,0,0,0,31
2026-03-02 20:57:50.633444,Cloudy,0.0,97,0,0,0,0,22
2026-03-02 21:57:50.633444,Clear,0.0,49,0,0,0,0,24
2026-03-02 22:57:50.633444,Clear,0.0,61,0,0,0,0,16
2026-03-02 23:57:50.633444,Clear,0.0,47,0,0,0,0,28
2026-03-03 00:57:50.633444,Heavy Rain,41.87755892728751,31,0,0,0,0,28
2026-03-03 01:57:50.633444,Clear,0.0,65,0,0,0,0,25
2026-03-03 02:57:50.633444,Cloudy,0.0,69,0,0,0,0,25
2026-03-03 03:57:50.633444,Clear,0.0,82,0,0,0,0,30
2026-03-03 04:57:50.633444,Clear,0.0,85,0,0,0,0,29
2026-03-03 05:57:50.633444,Cloudy,0.0,93,0,0,0,0,38
2026-03-03 06:57:50.633444,Clear,0.0,69,0,0,0,0,32
2026-03-03 07:57:50.633444,Clear,0.0,90,0,0,1,0,30
2026-03-03 08:57:50.633444,Clear,0.0,57,0,0,0,0,35
2026-03-03 09:57:50.633444,Clear,0.0,51,0,0,0,0,23
2026-03-03 10:57:50.633444,Cloudy,0.0,44,0,0,0,0,37
2026-03-03 11:57:50.633444,Clear,0.0,51,0,0,0,0,31
2026-03-03 12:57:50.633444,Clear,0.0,43,0,0,0,0,24
2026-03-03 13:57:50.633444,Clear,0.0,64,0,0,0,0,31
2026-03-03 14:57:50.633444,Clear,0.0,87,0,0,1,0,23
2026-03-03 15:57:50.633444,Clear,0.0,82,0,0,0,0,29
2026-03-03 16:57:50.633444,Clear,0.0,76,0,0,0,0,26
2026-03-03 17:57:50.633444,Clear,0.0,66,0,0,0,0,32
2026-03-03 18:57:50.633444,Clear,0.0,49,0,0,0,0,29
2026-03-03 19:57:50.633444,Clear,0.0,68,0,0,0,0,22
2026-03-03 20:57:50.633444,Clear,0.0,80,0,0,0,0,26
2026-03-03 21:57:50.633444,Cloudy,0.0,80,0,0,0,0,31
2026-03-03 22:57:50.633444,Cloudy,0.0,70,0,0,0,0,26
2026-03-03 23:57:50.633444,Cloudy,0.0,42,0,0,0,0,17
2026-03-04 00:57:50.633444,Clear,0.0,85,0,0,0,0,30
2026-03-04 01:57:50.633444,Clear,0.0,60,0,0,0,0,29
2026-03-04 02:57:50.633444,Clear,0.0,80,0,0,0,0,33
2026-03-04 03:57:50.633444,Clear,0.0,66,0,0,0,0,31
2026-03-04 04:57:50.633444,Rain,6.81858982377178,44,0,0,0,0,30
2026-03-04 05:57:50.633444,Clear,0.0,56,0,0,0,0,28
2026-03-04 06:57:50.633444,Cloudy,0.0,60,0,0,0,0,20
2026-03-04 07:57:50.633444,Clear,0.0,85,0,0,1,0,21
2026-03-04 08:57:50.633444,Clear,0.0,41,0,0,0,0,37
2026-03-04 09:57:50.633444,Clear,0.0,96,0,0,0,0,27
2026-03-04 10:57:50.633444,Clear,0.0,45,0,0,0,0,25
2026-03-04 11:57:50.633444,Clear,0.0,55,0,0,0,0,30
2026-03-04 12:57:50.633444,Cloudy,0.0,60,0,0,0,0,26
2026-03-04 13:57:50.633444,Clear,0.0,40,0,0,0,0,34
2026-03-04 14:57:50.633444,Clear,0.0,65,0,0,1,0,25
2026-03-04 15:57:50.633444,Cloudy,0.0,90,0,0,0,0,25
2026-03-04 16:57:50.633444,Cloudy,0.0,97,0,0,0,0,19
2026-03-04 17:57:50.633444,Clear,0.0,61,0,0,0,0,26
2026-03-04 18:57:50.633444,Cloudy,0.0,40,0,0,0,0,27
2026-03-04 19:57:50.633444,Clear,0.0,65,0,0,0,0,32
2026-03-04 20:57:50.633444,Clear,0.0,61,0,0,0,0,27
2026-03-04 21:57:50.633444,Heavy Rain,32.1603606941952,64,0,0,0,0,25
2026-03-04 22:57:50.633444,Clear,0.0,76,0,0,0,0,28
2026-03-04 23:57:50.633444,Rain,9.156071026587739,95,0,0,0,0,29
2026-03-05 00:57:50.633444,Clear,0.0,79,0,0,0,0,26
2026-03-05 01:57:50.633444,Clear,0.0,40,0,0,0,0,31
2026-03-05 02:57:50.633444,Cloudy,0.0,92,0,0,0,0,38
2026-03-05 03:57:50.633444,Heavy Rain,46.42884995645089,11,0,0,0,0,37
2026-03-05 04:57:50.633444,Clear,0.0,46,0,0,0,0,34
2026-03-05 05:57:50.633444,Cloudy,0.0,68,0,0,0,0,28
2026-03-05 06:57:50.633444,Clear,0.0,59,0,0,0,0,36
2026-03-05 07:57:50.633444,Cloudy,0.0,50,0,0,1,0,29
2026-03-05 08:57:50.633444,Clear,0.0,47,0,0,0,0,33
2026-03-05 09:57:50.633444,Clear,0.0,64,0,0,0,0,33
2026-03-05 10:57:50.633444,Clear,0.0,43,0,0,0,0,31
2026-03-05 11:57:50.633444,Clear,0.0,73,0,0,0,0,29
2026-03-05 12:57:50.633444,Cloudy,0.0,80,0,0,0,0,24
2026-03-05 13:57:50.633444,Rain,3.6853474725715767,53,0,0,0,0,25
2026-03-05 14:57:50.633444,Clear,0.0,40,0,0,1,0,16
2026-03-05 15:57:50.633444,Clear,0.0,43,0,0,0,0,26
2026-03-05 16:57:50.633444,Cloudy,0.0,62,0,0,0,0,31
2026-03-05 17:57:50.633444,Cloudy,0.0,90,0,0,0,0,28
2026-03-05 18:57:50.633444,Clear,0.0,86,0,0,0,0,28
2026-03-05 19:57:50.633444,Cloudy,0.0,77,0,0,0,0,20
2026-03-05 20:57:50.633444,Clear,0.0,70,0,0,0,0,30
2026-03-05 21:57:50.633444,Clear,0.0,57,0,0,0,0,32
2026-03-05 22:57:50.633444,Clear,0.0,62,0,0,0,0,36
2026-03-05 23:57:50.633444,Clear,0.0,84,0,0,0,0,37
2026-03-06 00:57:50.633444,Clear,0.0,42,0,0,0,0,28
2026-03-06 01:57:50.633444,Cloudy,0.0,43,0,0,0,0,23
2026-03-06 02:57:50.633444,Clear,0.0,54,0,0,0,0,32
2026-03-06 03:57:50.633444,Rain,2.375431548606106,62,0,0,0,0,37
2026-03-06 04:57:50.633444,Clear,0.0,42,0,0,0,0,27
2026-03-06 05:57:50.633444,Clear,0.0,44,0,0,0,0,29
2026-03-06 06:57:50.633444,Cloudy,0.0,48,0,0,0,0,29
2026-03-06 07:57:50.633444,Clear,0.0,99,0,0,1,0,27
2026-03-06 08:57:50.633444,Cloudy,0.0,56,0,0,0,0,36
2026-03-06 09:57:50.633444,Heavy Rain,22.381206538317812,37,0,0,0,0,24
2026-03-06 10:57:50.633444,Clear,0.0,54,0,0,0,0,32
2026-03-06 11:57:50.633444,Clear,0.0,91,0,0,0,0,28
2026-03-06 12:57:50.633444,Clear,0.0,45,0,0,0,0,34
2026-03-06 13:57:50.633444,Clear,0.0,87,0,0,0,0,21
2026-03-06 14:57:50.633444,Clear,0.0,66,0,0,1,0,33
2026-03-06 15:57:50.633444,Rain,4.818842030797704,94,0,0,0,0,26
2026-03-06 16:57:50.633444,Cloudy,0.0,75,0,0,0,0,22
2026-03-06 17:57:50.633444,Clear,0.0,83,0,0,0,0,39
2026-03-06 18:57:50.633444,Clear,0.0,89,0,0,0,0,13
2026-03-06 19:57:50.633444,Clear,0.0,57,0,0,0,0,23
2026-03-06 20:57:50.633444,Rain,4.560375571481769,61,0,0,0,0,21
2026-03-06 21:57:50.633444,Clear,0.0,80,0,0,0,0,32
2026-03-06 22:57:50.633444,Cloudy,0.0,54,0,0,0,0,30
2026-03-06 23:57:50.633444,Clear,0.0,48,0,0,0,0,20
2026-03-07 00:57:50.633444,Clear,0.0,69,0,0,0,0,33
2026-03-07 01:57:50.633444,Clear,0.0,77,0,0,0,0,25
2026-03-07 02:57:50.633444,Cloudy,0.0,85,0,0,0,0,35
2026-03-07 03:57:50.633444,Clear,0.0,94,0,0,0,0,30
2026-03-07 04:57:50.633444,Cloudy,0.0,90,0,0,0,0,19
2026-03-07 05:57:50.633444,Clear,0.0,72,0,0,0,0,27
2026-03-07 06:57:50.633444,Cloudy,0.0,68,0,0,0,0,25
2026-03-07 07:57:50.633444,Cloudy,0.0,56,0,0,0,0,27
2026-03-07 08:57:50.633444,Heavy Rain,42.55435351495956,67,0,0,0,0,26
2026-03-07 09:57:50.633444,Clear,0.0,87,0,0,0,0,16
2026-03-07 10:57:50.633444,Clear,0.0,72,0,0,0,0,25
2026-03-07 11:57:50.633444,Clear,0.0,45,0,0,0,0,26
2026-03-07 12:57:50.633444,Rain,6.777274412126048,85,0,0,0,0,24
2026-03-07 13:57:50.633444,Clear,0.0,84,0,0,0,1,32
2026-03-07 14:57:50.633444,Clear,0.0,67,0,0,0,0,22
2026-03-07 15:57:50.633444,Clear,0.0,96,0,0,0,0,31
2026-03-07 16:57:50.633444,Cloudy,0.0,86,0,0,0,0,17
2026-03-07 17:57:50.633444,Cloudy,0.0,81,0,0,0,0,22
2026-03-07 18:57:50.633444,Clear,0.0,83,0,0,0,0,34
2026-03-07 19:57:50.633444,Rain,6.315156158696188,77,0,0,0,1,32
2026-03-07 20:57:50.633444,Clear,0.0,72,0,0,0,0,31
2026-03-07 21:57:50.633444,Clear,0.0,61,0,0,0,0,31
2026-03-07 22:57:50.633444,Clear,0.0,42,0,0,0,0,31
2026-03-07 23:57:50.633444,Cloudy,0.0,68,0,0,0,0,29
2026-03-08 00:57:50.633444,Clear,0.0,62,0,0,0,0,24
2026-03-08 01:57:50.633444,Cloudy,0.0,48,0,0,0,0,15
2026-03-08 02:57:50.633444,Rain,5.9165980705931975,69,0,0,0,0,23
2026-03-08 03:57:50.633444,Clear,0.0,99,0,0,0,0,22
2026-03-08 04:57:50.633444,Cloudy,0.0,74,0,0,0,0,28
2026-03-08 05:57:50.633444,Cloudy,0.0,63,0,0,0,0,30
2026-03-08 06:57:50.633444,Rain,5.985971342271232,40,0,0,0,0,38
2026-03-08 07:57:50.633444,Heavy Rain,33.2269291793083,47,0,0,0,0,22
2026-03-08 08:57:50.633444,Clear,0.0,77,0,0,0,0,24
2026-03-08 09:57:50.633444,Clear,0.0,84,0,0,0,0,26
2026-03-08 10:57:50.633444,Clear,0.0,67,0,0,0,0,29
2026-03-08 11:57:50.633444,Clear,0.0,76,0,0,0,0,21
2026-03-08 12:57:50.633444,Clear,0.0,51,0,0,0,0,28
2026-03-08 13:57:50.633444,Cloudy,0.0,71,0,0,0,0,23
2026-03-08 14:57:50.633444,Cloudy,0.0,75,0,0,0,0,29
2026-03-08 15:57:50.633444,Clear,0.0,73,0,0,0,0,32
2026-03-08 16:57:50.633444,Clear,0.0,70,0,0,0,0,31
2026-03-08 17:57:50.633444,Clear,0.0,59,0,0,0,0,29
2026-03-08 18:57:50.633444,Clear,0.0,96,0,0,0,0,32
2026-03-08 19:57:50.633444,Clear,0.0,77,0,0,0,0,29
2026-03-08 20:57:50.633444,Cloudy,0.0,42,0,0,0,0,23
2026-03-08 21:57:50.633444,Clear,0.0,93,0,0,0,0,27
2026-03-08 22:57:50.633444,Heavy Rain,37.75668137916275,68,0,0,0,0,27
2026-03-08 23:57:50.633444,Rain,7.480164793002813,53,0,0,0,0,26
2026-03-09 00:57:50.633444,Clear,0.0,90,0,0,0,0,26
2026-03-09 01:57:50.633444,Clear,0.0,67,0,0,0,0,23
2026-03-09 02:57:50.633444,Clear,0.0,69,0,0,0,0,29
2026-03-09 03:57:50.633444,Rain,3.206726438854407,63,0,0,0,0,18
2026-03-09 04:57:50.633444,Clear,0.0,48,0,0,0,0,21
2026-03-09 05:57:50.633444,Clear,0.0,61,0,0,0,0,28
2026-03-09 06:57:50.633444,Cloudy,0.0,79,0,0,0,0,26
2026-03-09 07:57:50.633444,Clear,0.0,57,0,0,1,0,25
2026-03-09 08:57:50.633444,Clear,0.0,66,0,0,0,0,29
2026-03-09 09:57:50.633444,Clear,0.0,45,0,0,0,0,32
2026-03-09 10:57:50.633444,Clear,0.0,54,0,0,0,0,33
2026-03-09 11:57:50.633444,Cloudy,0.0,70,0,0,0,0,26
2026-03-09 12:57:50.633444,Clear,0.0,80,0,0,0,0,21
2026-03-09 13:57:50.633444,Cloudy,0.0,68,0,0,0,0,34
2026-03-09 14:57:50.633444,Clear,0.0,72,0,0,1,0,28
2026-03-09 15:57:50.633444,Clear,0.0,74,0,0,0,0,29
2026-03-09 16:57:50.633444,Rain,5.200775324950252,99,0,0,0,0,30
2026-03-09 17:57:50.633444,Clear,0.0,58,0,0,0,0,34
2026-03-09 18:57:50.633444,Clear,0.0,99,0,0,0,0,21
2026-03-09 19:57:50.633444,Clear,0.0,67,0,0,0,0,22
2026-03-09 20:57:50.633444,Cloudy,0.0,71,0,0,0,0,28
2026-03-09 21:57:50.633444,Cloudy,0.0,72,0,0,0,0,20
2026-03-09 22:57:50.633444,Clear,0.0,49,0,0,0,1,36
2026-03-09 23:57:50.633444,Clear,0.0,60,0,0,0,1,32
2026-03-10 00:57:50.633444,Clear,0.0,87,0,0,0,0,35
2026-03-10 01:57:50.633444,Clear,0.0,62,0,0,0,0,28
2026-03-10 02:57:50.633444,Cloudy,0.0,40,0,0,0,0,37
2026-03-10 03:57:50.633444,Heavy Rain,38.896902872850745,29,0,0,0,0,29
2026-03-10 04:57:50.633444,Clear,0.0,84,0,0,0,0,25
2026-03-10 05:57:50.633444,Cloudy,0.0,76,0,0,0,0,29
2026-03-10 06:57:50.633444,Clear,0.0,51,0,0,0,0,32
2026-03-10 07:57:50.633444,Clear,0.0,83,0,0,1,0,28
2026-03-10 08:57:50.633444,Cloudy,0.0,97,0,0,0,0,30
2026-03-10 09:57:50.633444,Cloudy,0.0,51,0,0,0,0,34
2026-03-10 10:57:50.633444,Clear,0.0,49,0,0,0,0,39
2026-03-10 11:57:50.633444,Clear,0.0,90,0,0,0,0,35
2026-03-10 12:57:50.633444,Clear,0.0,86,0,0,0,0,32
2026-03-10 13:57:50.633444,Clear,0.0,74,0,0,0,0,36
2026-03-10 14:57:50.633444,Clear,0.0,43,0,0,1,0,34
2026-03-10 15:57:50.633444,Clear,0.0,75,0,0,0,0,24
2026-03-10 16:57:50.633444,Clear,0.0,59,0,0,0,0,23
2026-03-10 17:57:50.633444,Clear,0.0,94,0,0,0,0,30
2026-03-10 18:57:50.633444,Clear,0.0,55,0,0,0,0,22
2026-03-10 19:57:50.633444,Clear,0.0,52,0,0,0,0,20
2026-03-10 20:57:50.633444,Clear,0.0,79,0,0,0,0,27
2026-03-10 21:57:50.633444,Clear,0.0,92,0,0,0,0,35
2026-03-10 22:57:50.633444,Clear,0.0,79,0,0,0,0,28
2026-03-10 23:57:50.633444,Cloudy,0.0,79,0,0,0,0,25
2026-03-11 00:57:50.633444,Cloudy,0.0,70,0,0,0,0,22
2026-03-11 01:57:50.633444,Rain,4.896417047404429,75,0,0,0,0,26
2026-03-11 02:57:50.633444,Cloudy,0.0,70,0,0,0,0,28
2026-03-11 03:57:50.633444,Clear,0.0,78,0,0,0,0,22
2026-03-11 04:57:50.633444,Cloudy,0.0,93,0,0,0,0,42
2026-03-11 05:57:50.633444,Clear,0.0,52,0,0,0,0,36
2026-03-11 06:57:50.633444,Clear,0.0,59,0,0,0,0,25
2026-03-11 07:57:50.633444,Clear,0.0,99,0,0,1,0,34
2026-03-11 08:57:50.633444,Cloudy,0.0,67,0,0,0,0,25
2026-03-11 09:57:50.633444,Cloudy,0.0,60,0,0,0,0,18
2026-03-11 10:57:50.633444,Rain,9.14052402725012,40,0,0,0,0,25
2026-03-11 11:57:50.633444,Clear,0.0,88,0,0,0,0,29
2026-03-11 12:57:50.633444,Clear,0.0,65,0,0,0,0,30
2026-03-11 13:57:50.633444,Cloudy,0.0,41,0,0,0,0,28
2026-03-11 14:57:50.633444,Cloudy,0.0,96,0,0,1,0,33
2026-03-11 15:57:50.633444,Clear,0.0,78,0,0,0,0,35
2026-03-11 16:57:50.633444,Cloudy,0.0,60,0,0,0,0,30
2026-03-11 17:57:50.633444,Clear,0.0,45,0,0,0,0,31
2026-03-11 18:57:50.633444,Clear,0.0,82,0,0,0,0,25
2026-03-11 19:57:50.633444,Clear,0.0,75,0,0,0,0,27
2026-03-11 20:57:50.633444,Clear,0.0,61,0,0,0,0,33
2026-03-11 21:57:50.633444,Clear,0.0,61,0,0,0,0,31
2026-03-11 22:57:50.633444,Clear,0.0,76,0,0,0,0,23
2026-03-11 23:57:50.633444,Cloudy,0.0,64,0,0,0,0,24
2026-03-12 00:57:50.633444,Rain,7.619618366921855,58,0,0,0,0,26
2026-03-12 01:57:50.633444,Cloudy,0.0,48,0,0,0,0,13
2026-03-12 02:57:50.633444,Clear,0.0,59,0,0,0,0,34
2026-03-12 03:57:50.633444,Clear,0.0,90,0,0,0,0,28
2026-03-12 04:57:50.633444,Clear,0.0,57,0,0,0,0,19
2026-03-12 05:57:50.633444,Cloudy,0.0,61,0,0,0,0,36
2026-03-12 06:57:50.633444,Clear,0.0,84,0,0,0,1,28
2026-03-12 07:57:50.633444,Clear,0.0,45,0,0,1,0,23
2026-03-12 08:57:50.633444,Cloudy,0.0,96,0,0,0,0,25
2026-03-12 09:57:50.633444,Clear,0.0,83,0,0,0,0,29
2026-03-12 10:57:50.633444,Clear,0.0,71,0,0,0,0,30
2026-03-12 11:57:50.633444,Cloudy,0.0,80,0,0,0,0,29
2026-03-12 12:57:50.633444,Clear,0.0,99,0,0,0,0,25
2026-03-12 13:57:50.633444,Clear,0.0,89,0,0,0,0,21
2026-03-12 14:57:50.633444,Heavy Rain,25.612274935655872,39,0,0,1,0,28
2026-03-12 15:57:50.633444,Clear,0.0,56,0,0,0,0,31
2026-03-12 16:57:50.633444,Cloudy,0.0,91,0,0,0,0,25
2026-03-12 17:57:50.633444,Cloudy,0.0,67,0,0,0,0,29
2026-03-12 18:57:50.633444,Rain,8.502824758265746,43,0,0,0,0,26
2026-03-12 19:57:50.633444,Clear,0.0,50,0,0,0,0,27
2026-03-12 20:57:50.633444,Cloudy,0.0,45,0,0,0,0,26
2026-03-12 21:57:50.633444,Rain,8.994662510303373,97,0,0,0,0,26
2026-03-12 22:57:50.633444,Rain,4.0527776380765665,85,0,0,0,0,29
2026-03-12 23:57:50.633444,Clear,0.0,88,0,0,0,0,39
2026-03-13 00:57:50.633444,Cloudy,0.0,86,0,0,0,0,30
2026-03-13 01:57:50.633444,Clear,0.0,66,0,0,0,0,33
2026-03-13 02:57:50.633444,Clear,0.0,56,0,0,0,0,34
2026-03-13 03:57:50.633444,Clear,0.0,87,0,0,0,0,25
2026-03-13 04:57:50.633444,Clear,0.0,42,0,0,0,0,32
2026-03-13 05:57:50.633444,Cloudy,0.0,77,0,0,0,0,24
2026-03-13 06:57:50.633444,Cloudy,0.0,52,0,0,0,0,31
2026-03-13 07:57:50.633444,Clear,0.0,69,0,0,1,0,17
2026-03-13 08:57:50.633444,Cloudy,0.0,89,0,0,0,0,25
2026-03-13 09:57:50.633444,Clear,0.0,82,0,0,0,0,25
2026-03-13 10:57:50.633444,Clear,0.0,97,0,0,0,0,33
2026-03-13 11:57:50.633444,Clear,0.0,58,0,0,0,0,26
2026-03-13 12:57:50.633444,Heavy Rain,49.30606725154586,65,0,0,0,0,24
2026-03-13 13:57:50.633444,Clear,0.0,64,0,0,0,0,30
2026-03-13 14:57:50.633444,Clear,0.0,61,0,0,1,0,31
2026-03-13 15:57:50.633444,Clear,0.0,99,0,0,0,0,21
2026-03-13 16:57:50.633444,Rain,8.641542145230748,53,0,0,0,0,35
2026-03-13 17:57:50.633444,Cloudy,0.0,52,0,0,0,0,31
2026-03-13 18:57:50.633444,Clear,0.0,50,0,0,0,0,26
2026-03-13 19:57:50.633444,Clear,0.0,41,0,0,0,0,27
2026-03-13 20:57:50.633444,Clear,0.0,93,0,0,0,0,41
2026-03-13 21:57:50.633444,Clear,0.0,44,0,0,0,0,39
2026-03-13 22:57:50.633444,Cloudy,0.0,86,0,0,0,0,27
2026-03-13 23:57:50.633444,Rain,2.925542295745677,44,0,0,0,0,32
2026-03-14 00:57:50.633444,Rain,2.6899418897262617,67,0,0,0,0,29
2026-03-14 01:57:50.633444,Clear,0.0,55,0,0,0,0,34
2026-03-14 02:57:50.633444,Clear,0.0,49,0,0,0,0,30
2026-03-14 03:57:50.633444,Heavy Rain,49.77873363947018,37,0,0,0,0,28
2026-03-14 04:57:50.633444,Heavy Rain,21.19857833410693,11,0,0,0,0,18
2026-03-14 05:57:50.633444,Cloudy,0.0,52,0,0,0,0,26
2026-03-14 06:57:50.633444,Cloudy,0.0,60,0,0,0,0,33
2026-03-14 07:57:50.633444,Clear,0.0,58,0,0,0,0,37
2026-03-14 08:57:50.633444,Clear,0.0,46,0,0,0,0,29
2026-03-14 09:57:50.633444,Clear,0.0,97,0,0,0,0,33
2026-03-14 10:57:50.633444,Clear,0.0,72,0,0,0,0,24
2026-03-14 11:57:50.633444,Clear,0.0,63,0,0,0,0,29
2026-03-14 12:57:50.633444,Cloudy,0.0,84,0,0,0,0,24
2026-03-14 13:57:50.633444,Cloudy,0.0,44,0,0,0,0,27
2026-03-14 14:57:50.633444,Rain,8.998032427258298,67,0,0,0,0,19
2026-03-14 15:57:50.633444,Cloudy,0.0,96,0,0,0,0,28
2026-03-14 16:57:50.633444,Rain,2.5667534451482883,60,0,0,0,0,36
2026-03-14 17:57:50.633444,Clear,0.0,69,0,0,0,0,18
2026-03-14 18:57:50.633444,Clear,0.0,84,0,0,0,0,21
2026-03-14 19:57:50.633444,Rain,7.772572921707795,66,0,0,0,0,33
2026-03-14 20:57:50.633444,Clear,0.0,40,0,0,0,0,27
2026-03-14 21:57:50.633444,Cloudy,0.0,61,0,0,0,0,27
2026-03-14 22:57:50.633444,Cloudy,0.0,64,0,0,0,0,30
2026-03-14 23:57:50.633444,Clear,0.0,78,0,0,0,0,33
2026-03-15 00:57:50.633444,Cloudy,0.0,65,0,0,0,0,27
2026-03-15 01:57:50.633444,Heavy Rain,34.076696084331374,24,0,0,0,0,26
2026-03-15 02:57:50.633444,Clear,0.0,99,0,0,0,0,17
2026-03-15 03:57:50.633444,Clear,0.0,44,0,0,0,0,29
2026-03-15 04:57:50.633444,Clear,0.0,44,0,0,0,0,26
2026-03-15 05:57:50.633444,Clear,0.0,91,0,0,0,0,29
2026-03-15 06:57:50.633444,Clear,0.0,81,0,0,0,0,30
2026-03-15 07:57:50.633444,Rain,6.519077661725772,83,0,0,0,0,27
2026-03-15 08:57:50.633444,Heavy Rain,18.675242271012685,35,0,0,0,0,29
2026-03-15 09:57:50.633444,Cloudy,0.0,55,0,0,0,0,31
2026-03-15 10:57:50.633444,Cloudy,0.0,72,0,0,0,0,36
2026-03-15 11:57:50.633444,Clear,0.0,56,0,0,0,0,32
2026-03-15 12:57:50.633444,Clear,0.0,54,0,0,0,0,27
2026-03-15 13:57:50.633444,Clear,0.0,98,0,0,0,0,25
2026-03-15 14:57:50.633444,Clear,0.0,42,0,0,0,0,23
2026-03-15 15:57:50.633444,Cloudy,0.0,87,0,0,0,0,35
2026-03-15 16:57:50.633444,Clear,0.0,56,0,0,0,0,29
2026-03-15 17:57:50.633444,Heavy Rain,15.937721257616776,39,0,0,0,0,27
2026-03-15 18:57:50.633444,Clear,0.0,88,0,0,0,0,25
2026-03-15 19:57:50.633444,Clear,0.0,92,0,0,0,0,22
2026-03-15 20:57:50.633444,Clear,0.0,55,0,0,0,0,33
2026-03-15 21:57:50.633444,Clear,0.0,92,0,0,0,0,21
2026-03-15 22:57:50.633444,Cloudy,0.0,58,0,0,0,0,25
2026-03-15 23:57:50.633444,Cloudy,0.0,58,0,0,0,0,28
2026-03-16 00:57:50.633444,Clear,0.0,62,0,0,0,0,36
2026-03-16 01:57:50.633444,Clear,0.0,98,0,0,0,0,27
2026-03-16 02:57:50.633444,Clear,0.0,72,0,0,0,0,25
2026-03-16 03:57:50.633444,Clear,0.0,88,0,0,0,0,26
2026-03-16 04:57:50.633444,Clear,0.0,77,0,0,0,0,27
2026-03-16 05:57:50.633444,Rain,6.92630503288913,60,0,0,0,0,33
2026-03-16 06:57:50.633444,Clear,0.0,53,0,0,0,0,16
2026-03-16 07:57:50.633444,Cloudy,0.0,51,0,0,1,0,26
2026-03-16 08:57:50.633444,Clear,0.0,88,0,0,0,0,21
2026-03-16 09:57:50.633444,Clear,0.0,54,0,0,0,0,24
2026-03-16 10:57:50.633444,Rain,3.0225099353488503,56,0,0,0,0,16
2026-03-16 11:57:50.633444,Clear,0.0,56,0,0,0,0,28
2026-03-16 12:57:50.633444,Clear,0.0,89,0,0,0,0,28
2026-03-16 13:57:50.633444,Clear,0.0,82,0,0,0,0,24
2026-03-16 14:57:50.633444,Cloudy,0.0,51,0,0,1,0,21
2026-03-16 15:57:50.633444,Clear,0.0,53,0,0,0,0,29
2026-03-16 16:57:50.633444,Clear,0.0,44,0,0,0,0,26
2026-03-16 17:57:50.633444,Clear,0.0,65,0,0,0,0,27
2026-03-16 18:57:50.633444,Cloudy,0.0,89,0,0,0,0,22
2026-03-16 19:57:50.633444,Clear,0.0,80,0,0,0,0,27
2026-03-16 20:57:50.633444,Clear,0.0,52,0,0,0,0,34
2026-03-16 21:57:50.633444,Clear,0.0,70,0,0,0,0,21
2026-03-16 22:57:50.633444,Cloudy,0.0,77,0,0,0,0,24
2026-03-16 23:57:50.633444,Clear,0.0,50,0,0,0,0,31
2026-03-17 00:57:50.633444,Clear,0.0,60,0,0,0,0,29
2026-03-17 01:57:50.633444,Cloudy,0.0,59,0,0,0,0,26
2026-03-17 02:57:50.633444,Clear,0.0,76,0,0,0,0,18
2026-03-17 03:57:50.633444,Rain,6.591610464433112,67,0,0,0,0,22
2026-03-17 04:57:50.633444,Rain,9.918524328726086,77,0,0,0,0,25
2026-03-17 05:57:50.633444,Clear,0.0,85,0,0,0,0,23
2026-03-17 06:57:50.633444,Cloudy,0.0,75,0,0,0,0,33
2026-03-17 07:57:50.633444,Clear,0.0,71,0,0,1,0,29
2026-03-17 08:57:50.633444,Cloudy,0.0,93,0,0,0,0,32
2026-03-17 09:57:50.633444,Heavy Rain,41.25448594879202,16,0,0,0,0,29
2026-03-17 10:57:50.633444,Rain,5.969501674121968,48,0,0,0,0,31
2026-03-17 11:57:50.633444,Cloudy,0.0,71,0,0,0,0,30
2026-03-17 12:57:50.633444,Clear,0.0,59,0,0,0,0,21
2026-03-17 13:57:50.633444,Clear,0.0,67,0,0,0,0,22
2026-03-17 14:57:50.633444,Clear,0.0,96,0,0,1,0,24
2026-03-17 15:57:50.633444,Clear,0.0,78,0,0,0,0,26
2026-03-17 16:57:50.633444,Cloudy,0.0,70,0,0,0,0,31
2026-03-17 17:57:50.633444,Cloudy,0.0,54,0,0,0,0,28
2026-03-17 18:57:50.633444,Cloudy,0.0,73,0,0,0,0,36
2026-03-17 19:57:50.633444,Heavy Rain,25.35902329270492,24,0,0,0,0,30
2026-03-17 20:57:50.633444,Clear,0.0,65,0,0,0,0,33
2026-03-17 21:57:50.633444,Rain,6.597463177523155,65,0,0,0,0,19
2026-03-17 22:57:50.633444,Clear,0.0,78,0,0,0,0,24
2026-03-17 23:57:50.633444,Cloudy,0.0,67,0,0,0,0,29
2026-03-18 00:57:50.633444,Rain,8.384140436348021,54,0,0,0,0,27
2026-03-18 01:57:50.633444,Heavy Rain,29.009806505568953,66,0,0,0,0,19
2026-03-18 02:57:50.633444,Rain,3.601911028569102,68,0,0,0,0,22
2026-03-18 03:57:50.633444,Cloudy,0.0,88,0,0,0,0,25
2026-03-18 04:57:50.633444,Clear,0.0,51,0,0,0,0,25
2026-03-18 05:57:50.633444,Clear,0.0,73,0,0,0,0,28
2026-03-18 06:57:50.633444,Clear,0.0,41,0,0,0,0,26
2026-03-18 07:57:50.633444,Clear,0.0,55,0,0,1,0,32
2026-03-18 08:57:50.633444,Heavy Rain,21.478192637859287,28,0,0,0,0,22
2026-03-18 09:57:50.633444,Clear,0.0,42,0,0,0,0,26
2026-03-18 10:57:50.633444,Cloudy,0.0,72,0,0,0,0,23
2026-03-18 11:57:50.633444,Clear,0.0,88,0,0,0,0,25
2026-03-18 12:57:50.633444,Clear,0.0,52,0,0,0,0,23
2026-03-18 13:57:50.633444,Heavy Rain,38.892366898883836,24,0,0,0,0,27
2026-03-18 14:57:50.633444,Clear,0.0,49,0,0,1,0,23
2026-03-18 15:57:50.633444,Cloudy,0.0,94,0,0,0,0,31
2026-03-18 16:57:50.633444,Clear,0.0,44,0,0,0,0,27
2026-03-18 17:57:50.633444,Clear,0.0,62,0,0,0,0,27
2026-03-18 18:57:50.633444,Clear,0.0,40,0,0,0,0,31
2026-03-18 19:57:50.633444,Clear,0.0,93,0,0,0,0,25
2026-03-18 20:57:50.633444,Clear,0.0,77,0,0,0,0,28
2026-03-18 21:57:50.633444,Clear,0.0,89,0,0,0,0,30
2026-03-18 22:57:50.633444,Clear,0.0,73,0,0,0,0,19
2026-03-18 23:57:50.633444,Clear,0.0,52,0,0,0,0,25
2026-03-19 00:57:50.633444,Cloudy,0.0,85,0,0,0,0,31
2026-03-19 01:57:50.633444,Clear,0.0,78,0,0,0,0,22
2026-03-19 02:57:50.633444,Clear,0.0,77,0,0,0,0,26
2026-03-19 03:57:50.633444,Clear,0.0,84,0,0,0,0,32
2026-03-19 04:57:50.633444,Clear,0.0,50,0,0,0,0,32
2026-03-19 05:57:50.633444,Clear,0.0,45,0,0,0,0,35
2026-03-19 06:57:50.633444,Cloudy,0.0,82,0,0,0,0,30
2026-03-19 07:57:50.633444,Clear,0.0,88,0,0,1,0,27
2026-03-19 08:57:50.633444,Clear,0.0,54,0,0,0,0,24
2026-03-19 09:57:50.633444,Heavy Rain,22.001440828614033,18,0,0,0,0,28
2026-03-19 10:57:50.633444,Clear,0.0,96,0,0,0,0,29
2026-03-19 11:57:50.633444,Cloudy,0.0,68,0,0,0,0,25
2026-03-19 12:57:50.633444,Cloudy,0.0,46,0,0,0,0,24
2026-03-19 13:57:50.633444,Clear,0.0,65,0,0,0,0,21
2026-03-19 14:57:50.633444,Clear,0.0,51,0,0,1,0,27
2026-03-19 15:57:50.633444,Clear,0.0,54,0,0,0,0,29
2026-03-19 16:57:50.633444,Clear,0.0,90,0,0,0,0,29
2026-03-19 17:57:50.633444,Clear,0.0,73,0,0,0,0,18
2026-03-19 18:57:50.633444,Clear,0.0,46,0,0,0,0,21
2026-03-19 19:57:50.633444,Cloudy,0.0,65,0,0,0,0,23
2026-03-19 20:57:50.633444,Heavy Rain,36.6623453753325,41,0,0,0,0,29
2026-03-19 21:57:50.633444,Clear,0.0,99,0,0,0,0,28
2026-03-19 22:57:50.633444,Rain,3.1674533046852815,78,0,0,0,0,37
2026-03-19 23:57:50.633444,Rain,3.0972977038773486,47,0,0,0,0,23
2026-03-20 00:57:50.633444,Clear,0.0,52,0,0,0,0,27
2026-03-20 01:57:50.633444,Clear,0.0,69,0,0,0,0,23
2026-03-20 02:57:50.633444,Rain,7.683502769453939,77,0,0,0,0,24
2026-03-20 03:57:50.633444,Clear,0.0,57,0,0,0,0,24
2026-03-20 04:57:50.633444,Clear,0.0,57,0,0,0,0,27
2026-03-20 05:57:50.633444,Rain,5.604372832513121,44,0,0,0,0,26
2026-03-20 06:57:50.633444,Clear,0.0,70,0,0,0,0,24
2026-03-20 07:57:50.633444,Clear,0.0,62,0,0,1,0,22
2026-03-20 08:57:50.633444,Clear,0.0,60,0,0,0,0,20
2026-03-20 09:57:50.633444,Clear,0.0,42,0,0,0,0,27
2026-03-20 10:57:50.633444,Clear,0.0,49,0,0,0,0,31
2026-03-20 11:57:50.633444,Heavy Rain,46.512417791286076,44,0,0,0,0,32
2026-03-20 12:57:50.633444,Clear,0.0,44,0,0,0,1,21
2026-03-20 13:57:50.633444,Cloudy,0.0,54,0,0,0,0,27
2026-03-20 14:57:50.633444,Cloudy,0.0,50,0,0,1,0,16
2026-03-20 15:57:50.633444,Cloudy,0.0,78,0,0,0,0,24
2026-03-20 16:57:50.633444,Clear,0.0,94,0,0,0,0,28
2026-03-20 17:57:50.633444,Rain,5.391080323419097,77,0,0,0,0,25
2026-03-20 18:57:50.633444,Clear,0.0,98,0,0,0,0,34
2026-03-20 19:57:50.633444,Clear,0.0,74,0,0,0,0,29
2026-03-20 20:57:50.633444,Clear,0.0,87,0,0,0,0,29
2026-03-20 21:57:50.633444,Clear,0.0,43,0,0,0,0,25
2026-03-20 22:57:50.633444,Rain,4.714047088822791,61,0,0,0,0,25
2026-03-20 23:57:50.633444,Heavy Rain,16.973016773509045,21,0,0,0,0,26
2026-03-21 00:57:50.633444,Rain,8.883319357131148,98,0,0,0,0,35
2026-03-21 01:57:50.633444,Cloudy,0.0,58,0,0,0,0,28
2026-03-21 02:57:50.633444,Clear,0.0,99,0,0,0,0,19
2026-03-21 03:57:50.633444,Clear,0.0,58,0,0,0,0,25
2026-03-21 04:57:50.633444,Clear,0.0,78,0,0,0,0,22
2026-03-21 05:57:50.633444,Clear,0.0,55,0,0,0,0,25
2026-03-21 06:57:50.633444,Clear,0.0,48,0,0,0,0,30
2026-03-21 07:57:50.633444,Clear,0.0,79,0,0,0,0,27
2026-03-21 08:57:50.633444,Clear,0.0,79,0,0,0,0,31
2026-03-21 09:57:50.633444,Clear,0.0,85,0,0,0,0,24
2026-03-21 10:57:50.633444,Clear,0.0,55,0,0,0,0,31
2026-03-21 11:57:50.633444,Clear,0.0,52,0,0,0,0,20
2026-03-21 12:57:50.633444,Cloudy,0.0,65,0,0,0,0,30
2026-03-21 13:57:50.633444,Rain,2.5594824472487243,70,0,0,0,0,29
2026-03-21 14:57:50.633444,Clear,0.0,44,0,0,0,0,28
2026-03-21 15:57:50.633444,Cloudy,0.0,60,0,0,0,0,23
2026-03-21 16:57:50.633444,Clear,0.0,75,0,0,0,0,30
2026-03-21 17:57:50.633444,Clear,0.0,71,0,0,0,0,33
2026-03-21 18:57:50.633444,Cloudy,0.0,77,0,0,0,0,19
2026-03-21 19:57:50.633444,Clear,0.0,77,0,0,0,0,19
2026-03-21 20:57:50.633444,Heavy Rain,13.01861045482208,59,0,0,0,0,27
2026-03-21 21:57:50.633444,Clear,0.0,89,0,0,0,0,25
2026-03-21 22:57:50.633444,Rain,8.73589464499973,85,0,0,0,0,35
2026-03-21 23:57:50.633444,Clear,0.0,57,0,0,0,0,27
2026-03-22 00:57:50.633444,Cloudy,0.0,85,0,0,0,0,20
2026-03-22 01:57:50.633444,Cloudy,0.0,50,0,0,0,0,30
2026-03-22 02:57:50.633444,Cloudy,0.0,46,0,0,0,0,31
2026-03-22 03:57:50.633444,Clear,0.0,70,0,0,0,0,20
2026-03-22 04:57:50.633444,Cloudy,0.0,91,0,0,0,1,29
2026-03-22 05:57:50.633444,Rain,4.4489531865784055,52,0,0,0,0,18
2026-03-22 06:57:50.633444,Clear,0.0,80,0,0,0,0,17
2026-03-22 07:57:50.633444,Clear,0.0,76,0,0,0,0,33
2026-03-22 08:57:50.633444,Clear,0.0,61,0,0,0,0,32
2026-03-22 09:57:50.633444,Rain,9.367868335162424,50,0,0,0,0,25
2026-03-22 10:57:50.633444,Clear,0.0,66,0,0,0,0,36
2026-03-22 11:57:50.633444,Clear,0.0,42,0,0,0,0,33
2026-03-22 12:57:50.633444,Clear,0.0,58,0,0,0,0,19
2026-03-22 13:57:50.633444,Heavy Rain,48.30049406978552,66,0,0,0,0,23
2026-03-22 14:57:50.633444,Clear,0.0,60,0,0,0,0,23
2026-03-22 15:57:50.633444,Cloudy,0.0,51,0,0,0,0,30
2026-03-22 16:57:50.633444,Clear,0.0,61,0,0,0,0,25
2026-03-22 17:57:50.633444,Cloudy,0.0,76,0,0,0,0,34
2026-03-22 18:57:50.633444,Clear,0.0,72,0,0,0,0,22
2026-03-22 19:57:50.633444,Clear,0.0,64,0,0,0,0,29
2026-03-22 20:57:50.633444,Clear,0.0,94,0,0,0,1,18
2026-03-22 21:57:50.633444,Clear,0.0,63,0,0,0,1,22
2026-03-22 22:57:50.633444,Rain,8.443402733024678,54,0,0,0,0,29
2026-03-22 23:57:50.633444,Cloudy,0.0,78,0,0,0,0,28
2026-03-23 00:57:50.633444,Clear,0.0,69,0,0,0,0,33
2026-03-23 01:57:50.633444,Rain,2.844249920407223,63,0,0,0,0,28
2026-03-23 02:57:50.633444,Clear,0.0,51,0,0,0,0,28
2026-03-23 03:57:50.633444,Clear,0.0,60,0,0,0,0,24
2026-03-23 04:57:50.633444,Clear,0.0,66,0,0,0,0,24
2026-03-23 05:57:50.633444,Cloudy,0.0,87,0,0,0,0,22
2026-03-23 06:57:50.633444,Clear,0.0,77,0,0,0,0,23
2026-03-23 07:57:50.633444,Clear,0.0,69,0,0,1,0,28
2026-03-23 08:57:50.633444,Cloudy,0.0,86,0,0,0,0,24
2026-03-23 09:57:50.633444,Cloudy,0.0,75,0,0,0,0,33
2026-03-23 10:57:50.633444,Clear,0.0,81,0,0,0,0,18
2026-03-23 11:57:50.633444,Clear,0.0,48,0,0,0,0,31
2026-03-23 12:57:50.633444,Clear,0.0,44,0,0,0,0,29
2026-03-23 13:57:50.633444,Cloudy,0.0,86,0,0,0,0,19
2026-03-23 14:57:50.633444,Clear,0.0,66,0,0,1,0,33
2026-03-23 15:57:50.633444,Clear,0.0,75,0,0,0,0,24
2026-03-23 16:57:50.633444,Rain,3.58787969997757,68,0,0,0,0,31
2026-03-23 17:57:50.633444,Rain,5.700135949138344,73,0,0,0,0,21
2026-03-23 18:57:50.633444,Clear,0.0,82,0,0,0,0,19
2026-03-23 19:57:50.633444,Cloudy,0.0,91,0,0,0,0,21
2026-03-23 20:57:50.633444,Cloudy,0.0,40,0,0,0,0,20
2026-03-23 21:57:50.633444,Clear,0.0,67,0,0,0,0,28
2026-03-23 22:57:50.633444,Cloudy,0.0,91,0,0,0,0,23
2026-03-23 23:57:50.633444,Clear,0.0,62,0,0,0,0,30
2026-03-24 00:57:50.633444,Clear,0.0,92,0,0,0,0,25
2026-03-24 01:57:50.633444,Cloudy,0.0,54,0,0,0,0,28
2026-03-24 02:57:50.633444,Clear,0.0,85,0,0,0,0,23
2026-03-24 03:57:50.633444,Cloudy,0.0,53,0,0,0,0,29
2026-03-24 04:57:50.633444,Cloudy,0.0,41,0,0,0,0,34
2026-03-24 05:57:50.633444,Rain,2.505793432308911,82,0,0,0,0,36
2026-03-24 06:57:50.633444,Clear,0.0,57,0,0,0,0,33
2026-03-24 07:57:50.633444,Clear,0.0,47,0,0,1,0,28
2026-03-24 08:57:50.633444,Rain,3.6845216271929138,58,0,0,0,0,33
2026-03-24 09:57:50.633444,Clear,0.0,79,0,0,0,0,24
2026-03-24 10:57:50.633444,Clear,0.0,44,0,0,0,0,36
2026-03-24 11:57:50.633444,Cloudy,0.0,50,0,0,0,0,33
2026-03-24 12:57:50.633444,Cloudy,0.0,78,0,0,0,0,29
2026-03-24 13:57:50.633444,Clear,0.0,92,0,0,0,0,27
2026-03-24 14:57:50.633444,Cloudy,0.0,49,0,0,1,0,32
2026-03-24 15:57:50.633444,Heavy Rain,17.397845093616077,62,0,0,0,0,23
2026-03-24 16:57:50.633444,Cloudy,0.0,94,0,0,0,0,39
2026-03-24 17:57:50.633444,Clear,0.0,41,0,0,0,0,31
2026-03-24 18:57:50.633444,Cloudy,0.0,78,0,0,0,0,31
2026-03-24 19:57:50.633444,Cloudy,0.0,91,0,0,0,0,35
2026-03-24 20:57:50.633444,Clear,0.0,50,0,0,0,0,23
2026-03-24 21:57:50.633444,Rain,8.810933948296874,60,0,0,0,0,31
2026-03-24 22:57:50.633444,Rain,8.086149954433987,47,0,0,0,0,31
2026-03-24 23:57:50.633444,Cloudy,0.0,83,0,0,0,0,30
2026-03-25 00:57:50.633444,Rain,4.2210362058596544,81,0,0,0,1,23
2026-03-25 01:57:50.633444,Clear,0.0,71,0,0,0,0,23
2026-03-25 02:57:50.633444,Cloudy,0.0,44,0,0,0,1,31
2026-03-25 03:57:50.633444,Heavy Rain,38.970062501143,38,0,0,0,0,33
2026-03-25 04:57:50.633444,Clear,0.0,81,0,0,0,0,20
2026-03-25 05:57:50.633444,Clear,0.0,86,0,0,0,0,26
2026-03-25 06:57:50.633444,Heavy Rain,30.393803658254686,57,0,0,0,0,36
2026-03-25 07:57:50.633444,Clear,0.0,82,0,0,1,0,34
2026-03-25 08:57:50.633444,Clear,0.0,63,0,0,0,0,26
2026-03-25 09:57:50.633444,Clear,0.0,85,0,0,0,0,24
2026-03-25 10:57:50.633444,Cloudy,0.0,41,0,0,0,0,46
2026-03-25 11:57:50.633444,Clear,0.0,43,0,0,0,0,31
2026-03-25 12:57:50.633444,Cloudy,0.0,42,0,0,0,0,24
2026-03-25 13:57:50.633444,Clear,0.0,48,0,0,0,0,24
2026-03-25 14:57:50.633444,Clear,0.0,97,0,0,1,0,23
2026-03-25 15:57:50.633444,Clear,0.0,79,0,0,0,1,26
2026-03-25 16:57:50.633444,Clear,0.0,41,0,0,0,0,23
2026-03-25 17:57:50.633444,Cloudy,0.0,52,0,0,0,0,27
2026-03-25 18:57:50.633444,Cloudy,0.0,69,0,0,0,0,23
2026-03-25 19:57:50.633444,Cloudy,0.0,89,0,0,0,0,29
2026-03-25 20:57:50.633444,Clear,0.0,40,0,0,0,0,24
2026-03-25 21:57:50.633444,Cloudy,0.0,69,0,0,0,0,28
2026-03-25 22:57:50.633444,Cloudy,0.0,53,0,0,0,0,29
2026-03-25 23:57:50.633444,Cloudy,0.0,54,0,0,0,0,24
2026-03-26 00:57:50.633444,Clear,0.0,47,0,0,0,0,23
2026-03-26 01:57:50.633444,Clear,0.0,66,0,0,0,0,29
2026-03-26 02:57:50.633444,Cloudy,0.0,76,0,0,0,1,34
2026-03-26 03:57:50.633444,Clear,0.0,59,0,0,0,0,20
2026-03-26 04:57:50.633444,Clear,0.0,81,0,0,0,0,24
2026-03-26 05:57:50.633444,Clear,0.0,45,0,0,0,0,31
2026-03-26 06:57:50.633444,Clear,0.0,71,0,0,0,0,34
2026-03-26 07:57:50.633444,Cloudy,0.0,76,0,0,1,0,28
2026-03-26 08:57:50.633444,Clear,0.0,93,0,0,0,0,26
2026-03-26 09:57:50.633444,Clear,0.0,92,0,0,0,0,28
2026-03-26 10:57:50.633444,Cloudy,0.0,86,0,0,0,0,28
2026-03-26 11:57:50.633444,Clear,0.0,94,0,0,0,0,24
2026-03-26 12:57:50.633444,Heavy Rain,35.63066704067694,19,0,0,0,0,28
2026-03-26 13:57:50.633444,Clear,0.0,72,0,0,0,0,34
2026-03-26 14:57:50.633444,Clear,0.0,87,0,0,1,0,35
2026-03-26 15:57:50.633444,Clear,0.0,44,0,0,0,0,34
2026-03-26 16:57:50.633444,Cloudy,0.0,95,0,0,0,0,23
2026-03-26 17:57:50.633444,Clear,0.0,56,0,0,0,0,28
2026-03-26 18:57:50.633444,Clear,0.0,95,0,0,0,0,27
2026-03-26 19:57:50.633444,Cloudy,0.0,59,0,0,0,0,26
2026-03-26 20:57:50.633444,Clear,0.0,72,0,0,0,0,26
2026-03-26 21:57:50.633444,Rain,2.6139900360352444,56,0,0,0,0,34
2026-03-26 22:57:50.633444,Rain,7.84806591577121,89,0,0,0,0,33
2026-03-26 23:57:50.633444,Clear,0.0,57,0,0,0,0,31
2026-03-27 00:57:50.633444,Cloudy,0.0,46,0,0,0,0,30
2026-03-27 01:57:50.633444,Clear,0.0,84,0,0,0,0,28
2026-03-27 02:57:50.633444,Cloudy,0.0,75,0,0,0,0,27
2026-03-27 03:57:50.633444,Rain,3.5112686670153535,74,0,0,0,0,40
2026-03-27 04:57:50.633444,Clear,0.0,77,0,0,0,0,34
2026-03-27 05:57:50.633444,Clear,0.0,59,0,0,0,0,28
2026-03-27 06:57:50.633444,Clear,0.0,49,0,0,0,0,20
2026-03-27 07:57:50.633444,Clear,0.0,71,0,0,1,0,31
2026-03-27 08:57:50.633444,Clear,0.0,74,0,0,0,0,35
2026-03-27 09:57:50.633444,Clear,0.0,84,0,0,0,0,21
2026-03-27 10:57:50.633444,Clear,0.0,76,0,0,0,0,29
2026-03-27 11:57:50.633444,Clear,0.0,69,0,0,0,0,31
2026-03-27 12:57:50.633444,Clear,0.0,75,0,0,0,0,23
2026-03-27 13:57:50.633444,Clear,0.0,69,0,0,0,0,35
2026-03-27 14:57:50.633444,Clear,0.0,81,0,0,1,0,25
2026-03-27 15:57:50.633444,Clear,0.0,97,0,0,0,0,33
2026-03-27 16:57:50.633444,Clear,0.0,74,0,0,0,0,21
2026-03-27 17:57:50.633444,Clear,0.0,61,0,0,0,0,35
2026-03-27 18:57:50.633444,Clear,0.0,84,0,0,0,0,24
2026-03-27 19:57:50.633444,Clear,0.0,45,0,0,0,0,23
2026-03-27 20:57:50.633444,Clear,0.0,53,0,0,0,0,23
2026-03-27 21:57:50.633444,Cloudy,0.0,56,0,0,0,0,24
2026-03-27 22:57:50.633444,Clear,0.0,98,0,0,0,0,18
2026-03-27 23:57:50.633444,Cloudy,0.0,70,0,0,0,0,23
2026-03-28 00:57:50.633444,Clear,0.0,62,0,0,0,0,31
2026-03-28 01:57:50.633444,Rain,4.739511366993269,77,0,0,0,0,31
2026-03-28 02:57:50.633444,Clear,0.0,47,0,0,0,0,23
2026-03-28 03:57:50.633444,Cloudy,0.0,50,0,0,0,0,28
2026-03-28 04:57:50.633444,Clear,0.0,98,0,0,0,0,26
2026-03-28 05:57:50.633444,Clear,0.0,64,0,0,0,0,33
2026-03-28 06:57:50.633444,Cloudy,0.0,51,0,0,0,0,27
2026-03-28 07:57:50.633444,Clear,0.0,80,0,0,0,0,30
2026-03-28 08:57:50.633444,Clear,0.0,94,0,0,0,0,28
2026-03-28 09:57:50.633444,Clear,0.0,42,0,0,0,0,26
2026-03-28 10:57:50.633444,Clear,0.0,55,0,0,0,0,25
2026-03-28 11:57:50.633444,Clear,0.0,86,0,0,0,0,27
2026-03-28 12:57:50.633444,Rain,6.5310859222630055,81,0,0,0,0,24
2026-03-28 13:57:50.633444,Clear,0.0,63,0,0,0,0,28
2026-03-28 14:57:50.633444,Rain,3.3696232008681886,52,0,0,0,0,31
2026-03-28 15:57:50.633444,Clear,0.0,67,0,0,0,0,19
2026-03-28 16:57:50.633444,Clear,0.0,43,0,0,0,0,30
2026-03-28 17:57:50.633444,Heavy Rain,16.957658575186514,55,0,0,0,0,24
2026-03-28 18:57:50.633444,Cloudy,0.0,67,0,0,0,0,21
2026-03-28 19:57:50.633444,Clear,0.0,79,0,0,0,0,31
2026-03-28 20:57:50.633444,Clear,0.0,67,0,0,0,0,28
2026-03-28 21:57:50.633444,Clear,0.0,70,0,0,0,0,32
2026-03-28 22:57:50.633444,Clear,0.0,93,0,0,0,0,29
2026-03-28 23:57:50.633444,Clear,0.0,57,0,0,0,0,28
2026-03-29 00:57:50.633444,Clear,0.0,46,0,0,0,0,28
2026-03-29 01:57:50.633444,Clear,0.0,84,0,0,0,0,38
2026-03-29 02:57:50.633444,Cloudy,0.0,53,0,0,0,0,21
2026-03-29 03:57:50.633444,Rain,2.34465295103354,90,0,0,0,0,26
2026-03-29 04:57:50.633444,Clear,0.0,97,0,0,0,0,14
2026-03-29 05:57:50.633444,Clear,0.0,75,0,0,0,0,30
2026-03-29 06:57:50.633444,Cloudy,0.0,83,0,0,0,0,23
2026-03-29 07:57:50.633444,Clear,0.0,83,0,0,0,0,27
2026-03-29 08:57:50.633444,Clear,0.0,68,0,0,0,0,28
2026-03-29 09:57:50.633444,Rain,3.8815949432070136,69,0,0,0,0,19
2026-03-29 10:57:50.633444,Cloudy,0.0,78,0,0,0,0,26
2026-03-29 11:57:50.633444,Clear,0.0,54,0,0,0,0,28
2026-03-29 12:57:50.633444,Clear,0.0,67,0,0,0,0,37
2026-03-29 13:57:50.633444,Clear,0.0,50,0,0,0,0,18
2026-03-29 14:57:50.633444,Clear,0.0,67,0,0,0,0,22
2026-03-29 15:57:50.633444,Clear,0.0,62,0,0,0,0,41
2026-03-29 16:57:50.633444,Clear,0.0,93,0,0,0,0,27
2026-03-29 17:57:50.633444,Clear,0.0,56,0,0,0,0,31
2026-03-29 18:57:50.633444,Clear,0.0,80,0,0,0,0,17
2026-03-29 19:57:50.633444,Rain,5.183421148920953,61,0,0,0,0,26
2026-03-29 20:57:50.633444,Cloudy,0.0,43,0,0,0,0,24
2026-03-29 21:57:50.633444,Clear,0.0,98,0,0,0,0,30
2026-03-29 22:57:50.633444,Cloudy,0.0,74,0,0,0,0,29
2026-03-29 23:57:50.633444,Cloudy,0.0,65,0,0,0,0,30
2026-03-30 00:57:50.633444,Cloudy,0.0,94,0,0,0,0,28
2026-03-30 01:57:50.633444,Clear,0.0,91,0,0,0,0,33
2026-03-30 02:57:50.633444,Cloudy,0.0,64,0,0,0,0,28
2026-03-30 03:57:50.633444,Clear,0.0,85,0,0,0,0,27
2026-03-30 04:57:50.633444,Clear,0.0,62,0,0,0,0,28
2026-03-30 05:57:50.633444,Clear,0.0,88,0,0,0,0,26
2026-03-30 06:57:50.633444,Clear,0.0,47,0,0,0,0,24
2026-03-30 07:57:50.633444,Cloudy,0.0,75,0,0,1,0,26
2026-03-30 08:57:50.633444,Clear,0.0,61,0,0,0,0,35
2026-03-30 09:57:50.633444,Clear,0.0,52,0,0,0,1,29
2026-03-30 10:57:50.633444,Clear,0.0,60,0,0,0,0,28
2026-03-30 11:57:50.633444,Cloudy,0.0,86,0,0,0,0,24
2026-03-30 12:57:50.633444,Cloudy,0.0,55,0,0,0,0,31
2026-03-30 13:57:50.633444,Clear,0.0,83,0,0,0,0,26
2026-03-30 14:57:50.633444,Clear,0.0,84,0,0,1,0,25
2026-03-30 15:57:50.633444,Cloudy,0.0,76,0,0,0,0,33
2026-03-30 16:57:50.633444,Clear,0.0,82,0,0,0,0,35
2026-03-30 17:57:50.633444,Clear,0.0,75,0,0,0,0,36
2026-03-30 18:57:50.633444,Cloudy,0.0,84,0,0,0,0,25
2026-03-30 19:57:50.633444,Clear,0.0,74,0,0,0,0,32
2026-03-30 20:57:50.633444,Clear,0.0,49,0,0,0,0,24
2026-03-30 21:57:50.633444,Cloudy,0.0,88,0,0,0,0,12
2026-03-30 22:57:50.633444,Cloudy,0.0,97,0,0,0,0,28
2026-03-30 23:57:50.633444,Clear,0.0,89,0,0,0,0,27
2026-03-31 00:57:50.633444,Heavy Rain,19.18692923317218,42,0,0,0,0,35
2026-03-31 01:57:50.633444,Cloudy,0.0,60,0,0,0,0,27
2026-03-31 02:57:50.633444,Clear,0.0,42,0,0,0,0,32
2026-03-31 03:57:50.633444,Clear,0.0,98,0,0,0,0,30
2026-03-31 04:57:50.633444,Cloudy,0.0,95,0,0,0,0,22
2026-03-31 05:57:50.633444,Clear,0.0,60,0,0,0,0,36
2026-03-31 06:57:50.633444,Clear,0.0,86,0,0,0,0,30
2026-03-31 07:57:50.633444,Clear,0.0,61,0,0,1,1,28
2026-03-31 08:57:50.633444,Clear,0.0,93,0,0,0,0,27
2026-03-31 09:57:50.633444,Heavy Rain,23.48061155543803,12,0,0,0,0,21
2026-03-31 10:57:50.633444,Clear,0.0,88,0,0,0,0,33
2026-03-31 11:57:50.633444,Clear,0.0,72,0,0,0,0,24
2026-03-31 12:57:50.633444,Clear,0.0,46,0,0,0,0,30
2026-03-31 13:57:50.633444,Clear,0.0,88,0,0,0,0,23
2026-03-31 14:57:50.633444,Clear,0.0,50,0,0,1,0,29
2026-03-31 15:57:50.633444,Clear,0.0,90,0,0,0,0,28
2026-03-31 16:57:50.633444,Clear,0.0,65,0,0,0,0,24
2026-03-31 17:57:50.633444,Cloudy,0.0,55,0,0,0,0,24
2026-03-31 18:57:50.633444,Clear,0.0,62,0,0,0,0,32
2026-03-31 19:57:50.633444,Clear,0.0,77,0,0,0,0,38
2026-03-31 20:57:50.633444,Clear,0.0,78,0,0,0,0,31
2026-03-31 21:57:50.633444,Clear,0.0,65,0,0,0,0,17
2026-03-31 22:57:50.633444,Cloudy,0.0,57,0,0,0,0,29
2026-03-31 23:57:50.633444,Clear,0.0,68,0,0,0,0,26
2026-04-01 00:57:50.633444,Cloudy,0.0,80,0,0,0,0,24
2026-04-01 01:57:50.633444,Clear,0.0,83,0,0,0,0,27
2026-04-01 02:57:50.633444,Clear,0.0,96,0,0,0,0,33
2026-04-01 03:57:50.633444,Rain,6.084200675442669,93,0,0,0,0,24
2026-04-01 04:57:50.633444,Rain,5.428009485147469,41,0,0,0,0,22
2026-04-01 05:57:50.633444,Clear,0.0,94,0,0,0,0,23
2026-04-01 06:57:50.633444,Clear,0.0,51,0,0,0,0,28
2026-04-01 07:57:50.633444,Clear,0.0,74,0,0,1,0,21
2026-04-01 08:57:50.633444,Heavy Rain,49.08779193301238,45,0,0,0,0,25
2026-04-01 09:57:50.633444,Cloudy,0.0,93,0,0,0,0,28
2026-04-01 10:57:50.633444,Cloudy,0.0,55,0,0,0,0,39
2026-04-01 11:57:50.633444,Clear,0.0,79,0,0,0,0,29
2026-04-01 12:57:50.633444,Clear,0.0,96,0,0,0,0,23
2026-04-01 13:57:50.633444,Clear,0.0,63,0,0,0,1,32
2026-04-01 14:57:50.633444,Clear,0.0,64,0,0,1,0,24
2026-04-01 15:57:50.633444,Heavy Rain,26.77634293037469,54,0,0,0,0,19
2026-04-01 16:57:50.633444,Clear,0.0,89,0,0,0,0,29
2026-04-01 17:57:50.633444,Cloudy,0.0,94,0,0,0,0,16
2026-04-01 18:57:50.633444,Clear,0.0,43,0,0,0,1,31
2026-04-01 19:57:50.633444,Cloudy,0.0,96,0,0,0,0,32
2026-04-01 20:57:50.633444,Cloudy,0.0,68,0,0,0,0,22
2026-04-01 21:57:50.633444,Clear,0.0,55,0,0,0,0,32
2026-04-01 22:57:50.633444,Clear,0.0,63,0,0,0,0,28
2026-04-01 23:57:50.633444,Heavy Rain,47.81107820190991,68,0,0,0,0,25
2026-04-02 00:57:50.633444,Cloudy,0.0,96,0,0,0,0,24
2026-04-02 01:57:50.633444,Cloudy,0.0,71,0,0,0,0,24
2026-04-02 02:57:50.633444,Cloudy,0.0,49,0,0,0,0,32
2026-04-02 03:57:50.633444,Clear,0.0,55,0,0,0,0,29
2026-04-02 04:57:50.633444,Clear,0.0,76,0,0,0,0,24
2026-04-02 05:57:50.633444,Clear,0.0,60,0,0,0,0,26
2026-04-02 06:57:50.633444,Cloudy,0.0,91,0,0,0,0,27
2026-04-02 07:57:50.633444,Rain,3.638855091457412,53,0,0,1,0,25
2026-04-02 08:57:50.633444,Clear,0.0,44,0,0,0,0,28
2026-04-02 09:57:50.633444,Clear,0.0,57,0,0,0,0,38
2026-04-02 10:57:50.633444,Clear,0.0,53,0,0,0,0,20
2026-04-02 11:57:50.633444,Clear,0.0,64,0,0,0,0,27
2026-04-02 12:57:50.633444,Clear,0.0,66,0,0,0,0,21
2026-04-02 13:57:50.633444,Rain,5.401725841887852,49,0,0,0,0,29
2026-04-02 14:57:50.633444,Clear,0.0,58,0,0,1,0,26
2026-04-02 15:57:50.633444,Cloudy,0.0,46,0,0,0,0,28
2026-04-02 16:57:50.633444,Clear,0.0,55,0,0,0,0,26
2026-04-02 17:57:50.633444,Clear,0.0,50,0,0,0,0,33
2026-04-02 18:57:50.633444,Clear,0.0,66,0,0,0,0,25
2026-04-02 19:57:50.633444,Heavy Rain,49.99105724023306,45,0,0,0,0,26
2026-04-02 20:57:50.633444,Rain,3.817608472981653,96,0,0,0,0,34
2026-04-02 21:57:50.633444,Clear,0.0,70,0,0,0,0,29
2026-04-02 22:57:50.633444,Clear,0.0,75,0,0,0,0,36
2026-04-02 23:57:50.633444,Clear,0.0,93,0,0,0,0,30
2026-04-03 00:57:50.633444,Cloudy,0.0,88,0,0,0,0,29
2026-04-03 01:57:50.633444,Rain,8.752895753579413,54,0,0,0,0,28
2026-04-03 02:57:50.633444,Clear,0.0,76,0,0,0,0,34
2026-04-03 03:57:50.633444,Cloudy,0.0,67,0,0,0,0,25
2026-04-03 04:57:50.633444,Clear,0.0,88,0,0,0,0,23
2026-04-03 05:57:50.633444,Cloudy,0.0,87,0,0,0,0,24
2026-04-03 06:57:50.633444,Clear,0.0,75,0,0,0,0,26
2026-04-03 07:57:50.633444,Clear,0.0,47,0,0,1,0,36
2026-04-03 08:57:50.633444,Clear,0.0,59,0,0,0,0,20
2026-04-03 09:57:50.633444,Clear,0.0,48,0,0,0,0,33
2026-04-03 10:57:50.633444,Cloudy,0.0,90,0,0,0,0,26
2026-04-03 11:57:50.633444,Cloudy,0.0,68,0,0,0,0,27
2026-04-03 12:57:50.633444,Clear,0.0,88,0,0,0,0,21
2026-04-03 13:57:50.633444,Clear,0.0,48,0,0,0,0,32
